call_id,call_date,rep_id,account_hcp_id,product_id,detail_position,duration_minutes
CALLHCP0019160,2024-03-20,REP0033,HCP001916,PRD001,1,9
CALLHCP0019161,2024-01-30,REP0039,HCP001916,PRD001,1,18
CALLHCP0019162,2024-01-08,REP0002,HCP001916,PRD001,1,21
CALLHCP0019163,2024-01-21,REP0004,HCP001916,PRD001,1,7
CALLHCP0015500,2024-02-12,REP0012,HCP001550,PRD001,1,12
CALLHCP0015501,2024-02-21,REP0014,HCP001550,PRD001,1,13
CALLHCP0015502,2024-02-23,REP0037,HCP001550,PRD001,1,14
CALLHCP0015503,2024-01-18,REP0016,HCP001550,PRD001,1,18
CALLHCP0015504,2024-02-20,REP0022,HCP001550,PRD001,1,19
CALLHCP0015505,2024-02-01,REP0002,HCP001550,PRD001,1,37
CALLHCP0015506,2024-02-03,REP0012,HCP001550,PRD001,1,33
CALLHCP0015490,2024-01-29,REP0027,HCP001549,PRD001,1,9
CALLHCP0015491,2024-03-20,REP0006,HCP001549,PRD001,1,22
CALLHCP0015492,2024-03-19,REP0010,HCP001549,PRD001,1,38
CALLHCP0015493,2024-02-14,REP0030,HCP001549,PRD001,1,33
CALLHCP0019580,2024-03-06,REP0027,HCP001958,PRD001,1,7
CALLHCP0019581,2024-03-08,REP0017,HCP001958,PRD001,1,14
CALLHCP0019582,2024-03-18,REP0005,HCP001958,PRD001,1,29
CALLHCP0019583,2024-02-18,REP0010,HCP001958,PRD001,1,22
CALLHCP0013960,2024-03-12,REP0039,HCP001396,PRD001,1,23
CALLHCP0013961,2024-02-06,REP0022,HCP001396,PRD001,1,11
CALLHCP0013962,2024-02-05,REP0018,HCP001396,PRD001,1,15
CALLHCP0013963,2024-01-12,REP0030,HCP001396,PRD001,1,36
CALLHCP0013964,2024-03-16,REP0007,HCP001396,PRD001,1,23
CALLHCP0013965,2024-01-02,REP0019,HCP001396,PRD001,1,14
CALLHCP0009400,2024-02-14,REP0020,HCP000940,PRD001,1,25
CALLHCP0009401,2024-01-26,REP0000,HCP000940,PRD001,1,29
CALLHCP0009402,2024-01-23,REP0000,HCP000940,PRD001,1,19
CALLHCP0009403,2024-03-22,REP0000,HCP000940,PRD001,1,24
CALLHCP0009404,2024-01-14,REP0021,HCP000940,PRD001,1,12
CALLHCP0009405,2024-03-01,REP0028,HCP000940,PRD001,1,13
CALLHCP0001240,2024-01-06,REP0006,HCP000124,PRD001,1,25
CALLHCP0005230,2024-02-16,REP0011,HCP000523,PRD001,1,32
CALLHCP0005231,2024-02-07,REP0036,HCP000523,PRD001,1,8
CALLHCP0005232,2024-01-03,REP0039,HCP000523,PRD001,1,18
CALLHCP0005233,2024-02-15,REP0017,HCP000523,PRD001,1,6
CALLHCP0005234,2024-02-07,REP0007,HCP000523,PRD001,1,7
CALLHCP0005235,2024-01-12,REP0019,HCP000523,PRD001,1,27
CALLHCP0003520,2024-01-25,REP0018,HCP000352,PRD001,1,38
CALLHCP0003521,2024-01-27,REP0011,HCP000352,PRD001,1,27
CALLHCP0003522,2024-01-11,REP0020,HCP000352,PRD001,1,11
CALLHCP0018030,2024-02-29,REP0039,HCP001803,PRD001,1,20
CALLHCP0018031,2024-03-19,REP0019,HCP001803,PRD001,1,34
CALLHCP0009670,2024-03-03,REP0036,HCP000967,PRD001,1,36
CALLHCP0009671,2024-01-23,REP0025,HCP000967,PRD001,1,31
CALLHCP0009672,2024-03-15,REP0016,HCP000967,PRD001,1,31
CALLHCP0009673,2024-03-05,REP0004,HCP000967,PRD001,1,11
CALLHCP0009570,2024-02-21,REP0018,HCP000957,PRD001,1,23
CALLHCP0009571,2024-03-16,REP0003,HCP000957,PRD001,1,5
CALLHCP0009572,2024-01-03,REP0025,HCP000957,PRD001,1,19
CALLHCP0009573,2024-03-14,REP0018,HCP000957,PRD001,1,11
CALLHCP0009980,2024-01-08,REP0026,HCP000998,PRD001,1,21
CALLHCP0009981,2024-01-21,REP0026,HCP000998,PRD001,1,18
CALLHCP0009982,2024-02-07,REP0009,HCP000998,PRD001,1,10
CALLHCP0009983,2024-03-10,REP0010,HCP000998,PRD001,1,30
CALLHCP0009984,2024-01-12,REP0036,HCP000998,PRD001,1,11
CALLHCP0006010,2024-02-03,REP0035,HCP000601,PRD001,1,24
CALLHCP0006011,2024-01-08,REP0021,HCP000601,PRD001,1,7
CALLHCP0006012,2024-01-28,REP0039,HCP000601,PRD001,1,10
CALLHCP0006013,2024-02-24,REP0015,HCP000601,PRD001,1,22
CALLHCP0006014,2024-02-16,REP0023,HCP000601,PRD001,1,35
CALLHCP0006015,2024-03-24,REP0003,HCP000601,PRD001,1,29
CALLHCP0006016,2024-03-12,REP0029,HCP000601,PRD001,1,7
CALLHCP0004820,2024-01-15,REP0014,HCP000482,PRD001,1,29
CALLHCP0004821,2024-01-02,REP0036,HCP000482,PRD001,1,8
CALLHCP0004822,2024-01-22,REP0025,HCP000482,PRD001,1,20
CALLHCP0004823,2024-01-20,REP0023,HCP000482,PRD001,1,21
CALLHCP0004824,2024-01-07,REP0032,HCP000482,PRD001,1,39
CALLHCP0004825,2024-02-27,REP0000,HCP000482,PRD001,1,24
CALLHCP0004826,2024-01-05,REP0036,HCP000482,PRD001,1,10
CALLHCP0002780,2024-01-07,REP0013,HCP000278,PRD001,1,15
CALLHCP0002781,2024-01-10,REP0000,HCP000278,PRD001,1,26
CALLHCP0002782,2024-01-07,REP0033,HCP000278,PRD001,1,25
CALLHCP0012390,2024-01-21,REP0007,HCP001239,PRD001,1,21
CALLHCP0012391,2024-03-02,REP0012,HCP001239,PRD001,1,38
CALLHCP0001720,2024-03-11,REP0004,HCP000172,PRD001,1,28
CALLHCP0002400,2024-02-10,REP0019,HCP000240,PRD001,1,28
CALLHCP0002401,2024-01-22,REP0003,HCP000240,PRD001,1,22
CALLHCP0002402,2024-03-09,REP0020,HCP000240,PRD001,1,28
CALLHCP0002403,2024-01-30,REP0009,HCP000240,PRD001,1,28
CALLHCP0002404,2024-01-28,REP0019,HCP000240,PRD001,1,10
CALLHCP0002405,2024-03-16,REP0015,HCP000240,PRD001,1,7
CALLHCP0005920,2024-02-01,REP0038,HCP000592,PRD001,1,32
CALLHCP0005921,2024-01-31,REP0014,HCP000592,PRD001,1,37
CALLHCP0005922,2024-01-26,REP0024,HCP000592,PRD001,1,33
CALLHCP0009440,2024-02-29,REP0039,HCP000944,PRD001,1,33
CALLHCP0009441,2024-02-20,REP0022,HCP000944,PRD001,1,29
CALLHCP0009442,2024-02-19,REP0021,HCP000944,PRD001,1,35
CALLHCP0009443,2024-02-26,REP0018,HCP000944,PRD001,1,28
CALLHCP0009444,2024-02-15,REP0023,HCP000944,PRD001,1,18
CALLHCP0009690,2024-02-07,REP0022,HCP000969,PRD001,1,39
CALLHCP0009691,2024-01-31,REP0005,HCP000969,PRD001,1,38
CALLHCP0009692,2024-03-01,REP0035,HCP000969,PRD001,1,5
CALLHCP0009693,2024-01-13,REP0004,HCP000969,PRD001,1,27
CALLHCP0014030,2024-01-28,REP0027,HCP001403,PRD001,1,13
CALLHCP0014031,2024-01-07,REP0004,HCP001403,PRD001,1,10
CALLHCP0014032,2024-02-14,REP0002,HCP001403,PRD001,1,39
CALLHCP0016750,2024-01-31,REP0021,HCP001675,PRD001,1,7
CALLHCP0016751,2024-03-20,REP0028,HCP001675,PRD001,1,21
CALLHCP0016752,2024-02-23,REP0009,HCP001675,PRD001,1,31
CALLHCP0016753,2024-02-21,REP0006,HCP001675,PRD001,1,19
CALLHCP0016754,2024-03-17,REP0002,HCP001675,PRD001,1,25
CALLHCP0017160,2024-03-23,REP0019,HCP001716,PRD001,1,25
CALLHCP0017161,2024-01-26,REP0010,HCP001716,PRD001,1,17
CALLHCP0017162,2024-01-11,REP0006,HCP001716,PRD001,1,36
CALLHCP0008140,2024-03-06,REP0035,HCP000814,PRD001,1,16
CALLHCP0008141,2024-02-03,REP0032,HCP000814,PRD001,1,7
CALLHCP0008142,2024-03-21,REP0010,HCP000814,PRD001,1,30
CALLHCP0008143,2024-01-02,REP0032,HCP000814,PRD001,1,37
CALLHCP0008144,2024-02-03,REP0015,HCP000814,PRD001,1,27
CALLHCP0008145,2024-03-15,REP0035,HCP000814,PRD001,1,17
CALLHCP0008146,2024-02-15,REP0015,HCP000814,PRD001,1,22
CALLHCP0019200,2024-03-24,REP0034,HCP001920,PRD001,1,33
CALLHCP0019201,2024-03-06,REP0033,HCP001920,PRD001,1,8
CALLHCP0019202,2024-02-07,REP0015,HCP001920,PRD001,1,24
CALLHCP0005850,2024-03-20,REP0005,HCP000585,PRD001,1,6
CALLHCP0005851,2024-01-26,REP0017,HCP000585,PRD001,1,7
CALLHCP0005852,2024-03-04,REP0001,HCP000585,PRD001,1,35
CALLHCP0005853,2024-01-22,REP0014,HCP000585,PRD001,1,35
CALLHCP0005820,2024-02-03,REP0034,HCP000582,PRD001,1,20
CALLHCP0005821,2024-02-10,REP0034,HCP000582,PRD001,1,21
CALLHCP0005822,2024-01-19,REP0000,HCP000582,PRD001,1,16
CALLHCP0005823,2024-01-16,REP0029,HCP000582,PRD001,1,10
CALLHCP0005824,2024-01-19,REP0038,HCP000582,PRD001,1,24
CALLHCP0005825,2024-01-09,REP0028,HCP000582,PRD001,1,19
CALLHCP0005826,2024-03-07,REP0015,HCP000582,PRD001,1,28
CALLHCP0008810,2024-03-08,REP0030,HCP000881,PRD001,1,17
CALLHCP0008811,2024-01-24,REP0005,HCP000881,PRD001,1,31
CALLHCP0008812,2024-03-18,REP0035,HCP000881,PRD001,1,26
CALLHCP0008813,2024-02-12,REP0027,HCP000881,PRD001,1,25
CALLHCP0008814,2024-02-07,REP0014,HCP000881,PRD001,1,34
CALLHCP0008815,2024-02-26,REP0035,HCP000881,PRD001,1,7
CALLHCP0000130,2024-03-08,REP0013,HCP000013,PRD001,1,35
CALLHCP0007380,2024-03-06,REP0024,HCP000738,PRD001,1,11
CALLHCP0007381,2024-01-16,REP0023,HCP000738,PRD001,1,28
CALLHCP0007382,2024-01-12,REP0019,HCP000738,PRD001,1,12
CALLHCP0007383,2024-01-15,REP0031,HCP000738,PRD001,1,12
CALLHCP0007384,2024-02-07,REP0037,HCP000738,PRD001,1,9
CALLHCP0004580,2024-02-06,REP0025,HCP000458,PRD001,1,10
CALLHCP0004581,2024-01-06,REP0014,HCP000458,PRD001,1,28
CALLHCP0004582,2024-01-13,REP0003,HCP000458,PRD001,1,29
CALLHCP0004583,2024-03-24,REP0020,HCP000458,PRD001,1,30
CALLHCP0008890,2024-02-19,REP0011,HCP000889,PRD001,1,22
CALLHCP0006450,2024-03-03,REP0028,HCP000645,PRD001,1,7
CALLHCP0006451,2024-01-13,REP0029,HCP000645,PRD001,1,28
CALLHCP0006452,2024-03-23,REP0033,HCP000645,PRD001,1,22
CALLHCP0006453,2024-02-03,REP0029,HCP000645,PRD001,1,29
CALLHCP0006454,2024-02-29,REP0036,HCP000645,PRD001,1,26
CALLHCP0006455,2024-03-22,REP0029,HCP000645,PRD001,1,19
CALLHCP0015220,2024-01-25,REP0000,HCP001522,PRD001,1,11
CALLHCP0015221,2024-01-07,REP0020,HCP001522,PRD001,1,22
CALLHCP0015222,2024-02-19,REP0009,HCP001522,PRD001,1,22
CALLHCP0015223,2024-02-29,REP0005,HCP001522,PRD001,1,5
CALLHCP0015224,2024-03-22,REP0007,HCP001522,PRD001,1,22
CALLHCP0015225,2024-02-15,REP0012,HCP001522,PRD001,1,39
CALLHCP0015226,2024-03-09,REP0037,HCP001522,PRD001,1,10
CALLHCP0007190,2024-01-03,REP0038,HCP000719,PRD001,1,35
CALLHCP0007191,2024-02-20,REP0031,HCP000719,PRD001,1,21
CALLHCP0007192,2024-03-06,REP0018,HCP000719,PRD001,1,13
CALLHCP0011460,2024-03-20,REP0002,HCP001146,PRD001,1,20
CALLHCP0011461,2024-02-21,REP0028,HCP001146,PRD001,1,7
CALLHCP0011462,2024-02-09,REP0018,HCP001146,PRD001,1,32
CALLHCP0008930,2024-03-18,REP0007,HCP000893,PRD001,1,8
CALLHCP0008931,2024-02-21,REP0010,HCP000893,PRD001,1,25
CALLHCP0008932,2024-02-08,REP0029,HCP000893,PRD001,1,36
CALLHCP0008933,2024-02-05,REP0014,HCP000893,PRD001,1,30
CALLHCP0008934,2024-03-20,REP0001,HCP000893,PRD001,1,11
CALLHCP0008935,2024-02-23,REP0015,HCP000893,PRD001,1,17
CALLHCP0008936,2024-03-08,REP0022,HCP000893,PRD001,1,24
CALLHCP0002060,2024-01-27,REP0012,HCP000206,PRD001,1,7
CALLHCP0002061,2024-01-28,REP0038,HCP000206,PRD001,1,12
CALLHCP0002062,2024-02-21,REP0000,HCP000206,PRD001,1,36
CALLHCP0002063,2024-01-15,REP0024,HCP000206,PRD001,1,8
CALLHCP0002064,2024-03-09,REP0038,HCP000206,PRD001,1,25
CALLHCP0002065,2024-01-11,REP0017,HCP000206,PRD001,1,31
CALLHCP0002066,2024-03-10,REP0005,HCP000206,PRD001,1,16
CALLHCP0012520,2024-02-07,REP0038,HCP001252,PRD001,1,17
CALLHCP0012521,2024-03-14,REP0006,HCP001252,PRD001,1,36
CALLHCP0012522,2024-01-18,REP0020,HCP001252,PRD001,1,17
CALLHCP0012523,2024-03-04,REP0019,HCP001252,PRD001,1,18
CALLHCP0012524,2024-02-08,REP0010,HCP001252,PRD001,1,27
CALLHCP0012525,2024-02-04,REP0018,HCP001252,PRD001,1,34
CALLHCP0012526,2024-01-16,REP0001,HCP001252,PRD001,1,6
CALLHCP0008970,2024-03-10,REP0016,HCP000897,PRD001,1,25
CALLHCP0008971,2024-02-03,REP0033,HCP000897,PRD001,1,8
CALLHCP0016200,2024-02-01,REP0018,HCP001620,PRD001,1,14
CALLHCP0016201,2024-01-19,REP0023,HCP001620,PRD001,1,10
CALLHCP0016202,2024-03-23,REP0006,HCP001620,PRD001,1,27
CALLHCP0001020,2024-02-03,REP0015,HCP000102,PRD001,1,10
CALLHCP0001021,2024-02-06,REP0015,HCP000102,PRD001,1,38
CALLHCP0001022,2024-01-21,REP0030,HCP000102,PRD001,1,13
CALLHCP0001023,2024-01-01,REP0004,HCP000102,PRD001,1,27
CALLHCP0015540,2024-02-14,REP0027,HCP001554,PRD001,1,10
CALLHCP0015541,2024-03-23,REP0038,HCP001554,PRD001,1,18
CALLHCP0015542,2024-02-16,REP0002,HCP001554,PRD001,1,13
CALLHCP0015543,2024-02-11,REP0005,HCP001554,PRD001,1,14
CALLHCPFF000000,2024-01-14,REP0019,HCPFF00000,PRD001,1,38
CALLHCP0016870,2024-03-05,REP0006,HCP001687,PRD001,1,10
CALLHCP0016871,2024-02-26,REP0009,HCP001687,PRD001,1,34
CALLHCP0016872,2024-03-18,REP0039,HCP001687,PRD001,1,30
CALLHCP0016873,2024-02-28,REP0010,HCP001687,PRD001,1,5
CALLHCP0016874,2024-01-07,REP0002,HCP001687,PRD001,1,13
CALLHCP0016875,2024-02-16,REP0011,HCP001687,PRD001,1,23
CALLHCP0009750,2024-02-29,REP0010,HCP000975,PRD001,1,14
CALLHCP0009751,2024-01-11,REP0000,HCP000975,PRD001,1,38
CALLHCP0009752,2024-02-18,REP0034,HCP000975,PRD001,1,20
CALLHCP0015330,2024-03-04,REP0014,HCP001533,PRD001,1,31
CALLHCP0010880,2024-03-01,REP0000,HCP001088,PRD001,1,21
CALLHCP0010881,2024-02-25,REP0026,HCP001088,PRD001,1,23
CALLHCP0010882,2024-03-05,REP0014,HCP001088,PRD001,1,29
CALLHCP0010883,2024-01-22,REP0029,HCP001088,PRD001,1,28
CALLHCP0010884,2024-03-14,REP0031,HCP001088,PRD001,1,5
CALLHCP0010885,2024-01-02,REP0006,HCP001088,PRD001,1,27
CALLHCP0010886,2024-01-10,REP0033,HCP001088,PRD001,1,5
CALLHCP0014220,2024-01-23,REP0013,HCP001422,PRD001,1,9
CALLHCP0017990,2024-01-21,REP0019,HCP001799,PRD001,1,25
CALLHCP0017991,2024-02-11,REP0004,HCP001799,PRD001,1,20
CALLHCP0017992,2024-01-18,REP0033,HCP001799,PRD001,1,24
CALLHCP0017993,2024-03-24,REP0036,HCP001799,PRD001,1,29
CALLHCP0017994,2024-01-07,REP0036,HCP001799,PRD001,1,30
CALLHCP0017995,2024-01-06,REP0003,HCP001799,PRD001,1,5
CALLHCP0000500,2024-03-02,REP0013,HCP000050,PRD001,1,27
CALLHCP0000501,2024-01-02,REP0001,HCP000050,PRD001,1,7
CALLHCP0000502,2024-01-23,REP0017,HCP000050,PRD001,1,38
CALLHCP0000503,2024-02-07,REP0022,HCP000050,PRD001,1,12
CALLHCP0000504,2024-02-14,REP0037,HCP000050,PRD001,1,14
CALLHCP0000505,2024-01-03,REP0031,HCP000050,PRD001,1,23
CALLHCP0001480,2024-03-07,REP0017,HCP000148,PRD001,1,10
CALLHCP0009890,2024-01-24,REP0030,HCP000989,PRD001,1,5
CALLHCP0012600,2024-03-14,REP0020,HCP001260,PRD001,1,33
CALLHCP0012601,2024-02-06,REP0022,HCP001260,PRD001,1,5
CALLHCP0012602,2024-03-22,REP0033,HCP001260,PRD001,1,18
CALLHCP0012603,2024-01-05,REP0028,HCP001260,PRD001,1,19
CALLHCP0012604,2024-01-04,REP0011,HCP001260,PRD001,1,39
CALLHCP0004860,2024-02-21,REP0009,HCP000486,PRD001,1,10
CALLHCP0004861,2024-03-10,REP0023,HCP000486,PRD001,1,35
CALLHCP0001940,2024-03-03,REP0005,HCP000194,PRD001,1,8
CALLHCP0001941,2024-02-25,REP0004,HCP000194,PRD001,1,15
CALLHCP0001942,2024-03-24,REP0013,HCP000194,PRD001,1,5
CALLHCP0003470,2024-03-10,REP0000,HCP000347,PRD001,1,20
CALLHCP0003471,2024-02-22,REP0005,HCP000347,PRD001,1,16
CALLHCP0003472,2024-02-26,REP0010,HCP000347,PRD001,1,29
CALLHCP0009220,2024-03-07,REP0022,HCP000922,PRD001,1,16
CALLHCP0017620,2024-01-07,REP0010,HCP001762,PRD001,1,23
CALLHCP0017621,2024-01-07,REP0037,HCP001762,PRD001,1,36
CALLHCP0017622,2024-02-10,REP0007,HCP001762,PRD001,1,6
CALLHCP0017623,2024-01-20,REP0006,HCP001762,PRD001,1,22
CALLHCP0017624,2024-03-19,REP0021,HCP001762,PRD001,1,20
CALLHCP0008240,2024-01-26,REP0021,HCP000824,PRD001,1,6
CALLHCP0008241,2024-01-05,REP0034,HCP000824,PRD001,1,20
CALLHCP0019220,2024-02-28,REP0010,HCP001922,PRD001,1,29
CALLHCP0019221,2024-02-11,REP0002,HCP001922,PRD001,1,13
CALLHCP0019222,2024-03-16,REP0030,HCP001922,PRD001,1,35
CALLHCP0019223,2024-02-19,REP0039,HCP001922,PRD001,1,37
CALLHCP0019224,2024-03-20,REP0015,HCP001922,PRD001,1,16
CALLHCP0018970,2024-03-17,REP0003,HCP001897,PRD001,1,26
CALLHCP0018971,2024-03-22,REP0034,HCP001897,PRD001,1,15
CALLHCP0018972,2024-03-14,REP0030,HCP001897,PRD001,1,36
CALLHCP0018973,2024-01-31,REP0016,HCP001897,PRD001,1,5
CALLHCP0018974,2024-02-22,REP0011,HCP001897,PRD001,1,17
CALLHCP0018975,2024-02-16,REP0016,HCP001897,PRD001,1,30
CALLHCP0012350,2024-03-01,REP0037,HCP001235,PRD001,1,29
CALLHCP0012351,2024-02-18,REP0039,HCP001235,PRD001,1,8
CALLHCP0008580,2024-01-27,REP0009,HCP000858,PRD001,1,14
CALLHCP0008581,2024-03-21,REP0028,HCP000858,PRD001,1,8
CALLHCP0008582,2024-03-18,REP0023,HCP000858,PRD001,1,16
CALLHCP0008583,2024-03-08,REP0025,HCP000858,PRD001,1,20
CALLHCP0013220,2024-03-20,REP0016,HCP001322,PRD001,1,28
CALLHCP0013221,2024-02-13,REP0032,HCP001322,PRD001,1,7
CALLHCP0013222,2024-02-11,REP0038,HCP001322,PRD001,1,19
CALLHCP0013223,2024-01-02,REP0033,HCP001322,PRD001,1,19
CALLHCP0008380,2024-02-18,REP0015,HCP000838,PRD001,1,37
CALLHCP0008381,2024-03-24,REP0029,HCP000838,PRD001,1,19
CALLHCP0008382,2024-03-11,REP0012,HCP000838,PRD001,1,6
CALLHCP0008383,2024-03-22,REP0023,HCP000838,PRD001,1,24
CALLHCP0008384,2024-01-26,REP0002,HCP000838,PRD001,1,7
CALLHCP0000720,2024-03-21,REP0021,HCP000072,PRD001,1,13
CALLHCP0000721,2024-02-24,REP0011,HCP000072,PRD001,1,15
CALLHCP0000722,2024-03-17,REP0032,HCP000072,PRD001,1,13
CALLHCP0000723,2024-03-15,REP0033,HCP000072,PRD001,1,25
CALLHCP0000724,2024-03-14,REP0010,HCP000072,PRD001,1,10
CALLHCP0000725,2024-02-24,REP0013,HCP000072,PRD001,1,21
CALLHCP0000726,2024-02-19,REP0006,HCP000072,PRD001,1,6
CALLHCP0004570,2024-02-13,REP0037,HCP000457,PRD001,1,31
CALLHCP0004571,2024-02-29,REP0019,HCP000457,PRD001,1,21
CALLHCP0004572,2024-02-29,REP0000,HCP000457,PRD001,1,22
CALLHCP0004573,2024-03-19,REP0027,HCP000457,PRD001,1,11
CALLHCP0010500,2024-02-05,REP0022,HCP001050,PRD001,1,9
CALLHCP0008310,2024-02-25,REP0029,HCP000831,PRD001,1,28
CALLHCP0009080,2024-03-06,REP0007,HCP000908,PRD001,1,28
CALLHCP0009081,2024-01-07,REP0011,HCP000908,PRD001,1,21
CALLHCP0009082,2024-01-09,REP0018,HCP000908,PRD001,1,26
CALLHCP0006760,2024-03-05,REP0018,HCP000676,PRD001,1,9
CALLHCP0006761,2024-01-23,REP0004,HCP000676,PRD001,1,33
CALLHCP0006762,2024-03-11,REP0005,HCP000676,PRD001,1,18
CALLHCP0006763,2024-01-03,REP0021,HCP000676,PRD001,1,19
CALLHCP0006764,2024-02-05,REP0038,HCP000676,PRD001,1,38
CALLHCP0006765,2024-03-20,REP0031,HCP000676,PRD001,1,19
CALLHCP0006766,2024-02-27,REP0013,HCP000676,PRD001,1,38
CALLHCP0011690,2024-01-03,REP0007,HCP001169,PRD001,1,8
CALLHCP0011691,2024-02-23,REP0038,HCP001169,PRD001,1,14
CALLHCP0011692,2024-03-16,REP0001,HCP001169,PRD001,1,27
CALLHCP0019880,2024-03-17,REP0011,HCP001988,PRD001,1,9
CALLHCP0019881,2024-03-23,REP0039,HCP001988,PRD001,1,8
CALLHCP0019882,2024-02-14,REP0023,HCP001988,PRD001,1,14
CALLHCP0019883,2024-03-09,REP0017,HCP001988,PRD001,1,26
CALLHCP0019884,2024-01-14,REP0032,HCP001988,PRD001,1,12
CALLHCP0019885,2024-01-30,REP0035,HCP001988,PRD001,1,34
CALLHCP0003860,2024-01-31,REP0007,HCP000386,PRD001,1,11
CALLHCP0003861,2024-01-18,REP0034,HCP000386,PRD001,1,25
CALLHCP0003862,2024-01-30,REP0030,HCP000386,PRD001,1,33
CALLHCP0003863,2024-01-05,REP0036,HCP000386,PRD001,1,25
CALLHCP0003864,2024-02-24,REP0016,HCP000386,PRD001,1,37
CALLHCP0003865,2024-01-21,REP0020,HCP000386,PRD001,1,38
CALLHCP0003260,2024-02-25,REP0034,HCP000326,PRD001,1,32
CALLHCP0003261,2024-02-02,REP0018,HCP000326,PRD001,1,15
CALLHCP0003262,2024-02-16,REP0000,HCP000326,PRD001,1,18
CALLHCP0003263,2024-02-14,REP0033,HCP000326,PRD001,1,15
CALLHCP0003264,2024-03-14,REP0000,HCP000326,PRD001,1,21
CALLHCP0003265,2024-03-16,REP0004,HCP000326,PRD001,1,8
CALLHCP0015840,2024-01-16,REP0002,HCP001584,PRD001,1,31
CALLHCP0015841,2024-02-21,REP0002,HCP001584,PRD001,1,38
CALLHCP0015842,2024-01-14,REP0006,HCP001584,PRD001,1,20
CALLHCP0015843,2024-01-02,REP0001,HCP001584,PRD001,1,21
CALLHCP0015844,2024-01-19,REP0007,HCP001584,PRD001,1,17
CALLHCP0015845,2024-02-18,REP0001,HCP001584,PRD001,1,38
CALLHCP0015846,2024-02-11,REP0021,HCP001584,PRD001,1,5
CALLHCP0010110,2024-01-27,REP0026,HCP001011,PRD001,1,35
CALLHCP0011950,2024-03-23,REP0019,HCP001195,PRD001,1,22
CALLHCP0001930,2024-01-27,REP0000,HCP000193,PRD001,1,22
CALLHCP0001931,2024-02-18,REP0001,HCP000193,PRD001,1,12
CALLHCP0001932,2024-03-15,REP0039,HCP000193,PRD001,1,15
CALLHCP0001933,2024-01-01,REP0039,HCP000193,PRD001,1,24
CALLHCP0001934,2024-01-26,REP0035,HCP000193,PRD001,1,17
CALLHCP0001935,2024-03-11,REP0017,HCP000193,PRD001,1,7
CALLHCP0005980,2024-01-06,REP0021,HCP000598,PRD001,1,34
CALLHCP0005981,2024-03-23,REP0039,HCP000598,PRD001,1,33
CALLHCP0005982,2024-02-21,REP0034,HCP000598,PRD001,1,35
CALLHCP0005983,2024-03-20,REP0012,HCP000598,PRD001,1,30
CALLHCP0017240,2024-03-11,REP0017,HCP001724,PRD001,1,25
CALLHCP0017241,2024-02-19,REP0023,HCP001724,PRD001,1,37
CALLHCP0017242,2024-03-01,REP0020,HCP001724,PRD001,1,9
CALLHCP0008550,2024-02-03,REP0009,HCP000855,PRD001,1,36
CALLHCP0008551,2024-03-06,REP0024,HCP000855,PRD001,1,5
CALLHCP0008552,2024-02-23,REP0031,HCP000855,PRD001,1,29
CALLHCP0008553,2024-02-22,REP0013,HCP000855,PRD001,1,11
CALLHCP0018980,2024-01-03,REP0034,HCP001898,PRD001,1,17
CALLHCP0018981,2024-03-07,REP0015,HCP001898,PRD001,1,14
CALLHCP0018982,2024-02-07,REP0019,HCP001898,PRD001,1,26
CALLHCP0005260,2024-02-14,REP0028,HCP000526,PRD001,1,32
CALLHCP0005261,2024-02-16,REP0001,HCP000526,PRD001,1,21
CALLHCP0005262,2024-01-26,REP0025,HCP000526,PRD001,1,21
CALLHCP0001700,2024-01-20,REP0026,HCP000170,PRD001,1,36
CALLHCP0001701,2024-01-21,REP0031,HCP000170,PRD001,1,19
CALLHCP0001702,2024-01-07,REP0031,HCP000170,PRD001,1,38
CALLHCP0001703,2024-01-18,REP0033,HCP000170,PRD001,1,12
CALLHCP0001704,2024-03-17,REP0009,HCP000170,PRD001,1,35
CALLHCP0001705,2024-03-12,REP0006,HCP000170,PRD001,1,27
CALLHCP0001706,2024-01-04,REP0013,HCP000170,PRD001,1,29
CALLHCP0014300,2024-03-17,REP0022,HCP001430,PRD001,1,6
CALLHCP0014301,2024-01-16,REP0018,HCP001430,PRD001,1,7
CALLHCP0014302,2024-02-24,REP0007,HCP001430,PRD001,1,10
CALLHCP0014303,2024-02-11,REP0020,HCP001430,PRD001,1,13
CALLHCP0018480,2024-03-07,REP0002,HCP001848,PRD001,1,33
CALLHCP0018481,2024-02-18,REP0013,HCP001848,PRD001,1,23
CALLHCP0018482,2024-03-14,REP0022,HCP001848,PRD001,1,32
CALLHCP0018483,2024-03-22,REP0036,HCP001848,PRD001,1,14
CALLHCP0018484,2024-01-10,REP0007,HCP001848,PRD001,1,32
CALLHCP0018485,2024-02-28,REP0034,HCP001848,PRD001,1,35
CALLHCP0018486,2024-03-24,REP0015,HCP001848,PRD001,1,31
CALLHCP0013050,2024-02-09,REP0037,HCP001305,PRD001,1,37
CALLHCP0013051,2024-01-28,REP0019,HCP001305,PRD001,1,28
CALLHCP0013052,2024-02-04,REP0020,HCP001305,PRD001,1,36
CALLHCP0013053,2024-01-06,REP0024,HCP001305,PRD001,1,39
CALLHCP0013054,2024-03-23,REP0000,HCP001305,PRD001,1,29
CALLHCP0013055,2024-03-18,REP0018,HCP001305,PRD001,1,39
CALLHCP0009610,2024-02-19,REP0005,HCP000961,PRD001,1,19
CALLHCP0018310,2024-01-29,REP0030,HCP001831,PRD001,1,11
CALLHCP0018311,2024-02-04,REP0019,HCP001831,PRD001,1,25
CALLHCP0018312,2024-01-14,REP0002,HCP001831,PRD001,1,33
CALLHCP0018313,2024-01-30,REP0026,HCP001831,PRD001,1,16
CALLHCP0018314,2024-01-21,REP0001,HCP001831,PRD001,1,35
CALLHCP0018315,2024-02-22,REP0030,HCP001831,PRD001,1,13
CALLHCP0018316,2024-01-10,REP0003,HCP001831,PRD001,1,35
CALLHCP0004710,2024-03-19,REP0029,HCP000471,PRD001,1,8
CALLHCP0004711,2024-03-24,REP0014,HCP000471,PRD001,1,35
CALLHCP0004712,2024-03-11,REP0037,HCP000471,PRD001,1,29
CALLHCP0004713,2024-01-05,REP0033,HCP000471,PRD001,1,11
CALLHCP0004714,2024-03-13,REP0039,HCP000471,PRD001,1,28
CALLHCP0004715,2024-01-10,REP0034,HCP000471,PRD001,1,7
CALLHCP0014750,2024-03-18,REP0011,HCP001475,PRD001,1,33
CALLHCP0014751,2024-01-23,REP0021,HCP001475,PRD001,1,23
CALLHCP0014752,2024-01-05,REP0018,HCP001475,PRD001,1,34
CALLHCP0014350,2024-02-23,REP0023,HCP001435,PRD001,1,10
CALLHCP0014351,2024-03-03,REP0024,HCP001435,PRD001,1,26
CALLHCP0014352,2024-03-10,REP0013,HCP001435,PRD001,1,37
CALLHCP0014353,2024-03-05,REP0023,HCP001435,PRD001,1,15
CALLHCP0014354,2024-02-27,REP0005,HCP001435,PRD001,1,15
CALLHCP0014355,2024-02-05,REP0031,HCP001435,PRD001,1,35
CALLHCP0014356,2024-02-28,REP0030,HCP001435,PRD001,1,5
CALLHCP0009050,2024-03-12,REP0026,HCP000905,PRD001,1,37
CALLHCP0009051,2024-01-01,REP0024,HCP000905,PRD001,1,17
CALLHCP0009052,2024-03-24,REP0017,HCP000905,PRD001,1,35
CALLHCP0009053,2024-01-14,REP0030,HCP000905,PRD001,1,27
CALLHCP0009054,2024-01-01,REP0028,HCP000905,PRD001,1,36
CALLHCP0009055,2024-01-29,REP0010,HCP000905,PRD001,1,20
CALLHCP0002000,2024-01-05,REP0028,HCP000200,PRD001,1,16
CALLHCP0002001,2024-02-06,REP0012,HCP000200,PRD001,1,34
CALLHCP0002002,2024-03-18,REP0016,HCP000200,PRD001,1,32
CALLHCP0004130,2024-03-01,REP0020,HCP000413,PRD001,1,24
CALLHCP0004131,2024-03-01,REP0009,HCP000413,PRD001,1,23
CALLHCP0004132,2024-03-04,REP0032,HCP000413,PRD001,1,29
CALLHCP0004133,2024-01-30,REP0020,HCP000413,PRD001,1,35
CALLHCP0004134,2024-02-18,REP0000,HCP000413,PRD001,1,14
CALLHCP0008470,2024-02-07,REP0029,HCP000847,PRD001,1,25
CALLHCP0008471,2024-01-29,REP0004,HCP000847,PRD001,1,22
CALLHCP0008472,2024-02-03,REP0032,HCP000847,PRD001,1,13
CALLHCP0008473,2024-01-19,REP0038,HCP000847,PRD001,1,12
CALLHCP0008474,2024-03-06,REP0027,HCP000847,PRD001,1,22
CALLHCP0008475,2024-01-21,REP0017,HCP000847,PRD001,1,21
CALLHCP0008476,2024-01-16,REP0018,HCP000847,PRD001,1,25
CALLHCP0012630,2024-01-18,REP0021,HCP001263,PRD001,1,38
CALLHCP0012631,2024-03-16,REP0015,HCP001263,PRD001,1,10
CALLHCP0012632,2024-01-17,REP0032,HCP001263,PRD001,1,33
CALLHCP0012633,2024-02-08,REP0011,HCP001263,PRD001,1,9
CALLHCP0012634,2024-02-22,REP0030,HCP001263,PRD001,1,39
CALLHCP0002120,2024-03-23,REP0028,HCP000212,PRD001,1,14
CALLHCP0002121,2024-03-21,REP0020,HCP000212,PRD001,1,25
CALLHCP0002122,2024-01-19,REP0002,HCP000212,PRD001,1,14
CALLHCP0002123,2024-01-08,REP0023,HCP000212,PRD001,1,35
CALLHCP0002124,2024-03-13,REP0036,HCP000212,PRD001,1,37
CALLHCP0002125,2024-01-30,REP0012,HCP000212,PRD001,1,13
CALLHCP0000440,2024-03-06,REP0005,HCP000044,PRD001,1,24
CALLHCP0000441,2024-01-29,REP0016,HCP000044,PRD001,1,5
CALLHCP0000442,2024-01-27,REP0004,HCP000044,PRD001,1,29
CALLHCP0000443,2024-03-09,REP0021,HCP000044,PRD001,1,26
CALLHCP0000444,2024-01-30,REP0037,HCP000044,PRD001,1,30
CALLHCP0000445,2024-01-07,REP0001,HCP000044,PRD001,1,36
CALLHCP0007130,2024-03-21,REP0005,HCP000713,PRD001,1,13
CALLHCP0007131,2024-01-16,REP0032,HCP000713,PRD001,1,22
CALLHCP0007132,2024-02-07,REP0036,HCP000713,PRD001,1,8
CALLHCP0008720,2024-01-12,REP0020,HCP000872,PRD001,1,9
CALLHCP0008721,2024-03-05,REP0037,HCP000872,PRD001,1,34
CALLHCP0008722,2024-02-18,REP0035,HCP000872,PRD001,1,37
CALLHCP0008723,2024-02-15,REP0000,HCP000872,PRD001,1,27
CALLHCP0008724,2024-01-31,REP0012,HCP000872,PRD001,1,36
CALLHCP0008725,2024-02-17,REP0023,HCP000872,PRD001,1,11
CALLHCP0008726,2024-03-17,REP0035,HCP000872,PRD001,1,6
CALLHCP0010700,2024-03-14,REP0025,HCP001070,PRD001,1,21
CALLHCP0010701,2024-01-09,REP0018,HCP001070,PRD001,1,9
CALLHCP0010702,2024-02-27,REP0033,HCP001070,PRD001,1,34
CALLHCP0010703,2024-01-13,REP0005,HCP001070,PRD001,1,27
CALLHCP0010704,2024-02-07,REP0006,HCP001070,PRD001,1,22
CALLHCP0000020,2024-03-07,REP0025,HCP000002,PRD001,1,33
CALLHCP0000021,2024-01-18,REP0039,HCP000002,PRD001,1,6
CALLHCP0000022,2024-01-10,REP0003,HCP000002,PRD001,1,12
CALLHCP0000023,2024-03-24,REP0001,HCP000002,PRD001,1,31
CALLHCP0000024,2024-01-12,REP0001,HCP000002,PRD001,1,24
CALLHCP0009860,2024-03-23,REP0035,HCP000986,PRD001,1,32
CALLHCP0009861,2024-01-03,REP0007,HCP000986,PRD001,1,36
CALLHCP0009862,2024-02-20,REP0039,HCP000986,PRD001,1,17
CALLHCP0016450,2024-02-14,REP0027,HCP001645,PRD001,1,25
CALLHCP0014480,2024-02-14,REP0020,HCP001448,PRD001,1,30
CALLHCP0014481,2024-02-04,REP0033,HCP001448,PRD001,1,17
CALLHCP0014482,2024-03-12,REP0022,HCP001448,PRD001,1,23
CALLHCP0014483,2024-02-08,REP0015,HCP001448,PRD001,1,15
CALLHCP0017720,2024-03-24,REP0013,HCP001772,PRD001,1,6
CALLHCP0017721,2024-03-18,REP0031,HCP001772,PRD001,1,27
CALLHCP0017722,2024-03-12,REP0024,HCP001772,PRD001,1,32
CALLHCP0017723,2024-03-04,REP0035,HCP001772,PRD001,1,20
CALLHCP0017724,2024-03-24,REP0021,HCP001772,PRD001,1,27
CALLHCP0016120,2024-02-20,REP0005,HCP001612,PRD001,1,31
CALLHCP0016121,2024-03-18,REP0026,HCP001612,PRD001,1,35
CALLHCP0016122,2024-02-03,REP0034,HCP001612,PRD001,1,32
CALLHCP0016123,2024-02-10,REP0017,HCP001612,PRD001,1,21
CALLHCP0016124,2024-02-07,REP0029,HCP001612,PRD001,1,7
CALLHCP0016125,2024-03-02,REP0005,HCP001612,PRD001,1,21
CALLHCP0016126,2024-02-23,REP0033,HCP001612,PRD001,1,11
CALLHCP0006020,2024-03-06,REP0013,HCP000602,PRD001,1,10
CALLHCP0006021,2024-01-19,REP0005,HCP000602,PRD001,1,28
CALLHCP0006022,2024-02-24,REP0002,HCP000602,PRD001,1,9
CALLHCP0006023,2024-03-13,REP0036,HCP000602,PRD001,1,34
CALLHCP0006024,2024-03-16,REP0026,HCP000602,PRD001,1,13
CALLHCP0015890,2024-01-15,REP0021,HCP001589,PRD001,1,16
CALLHCP0015891,2024-02-07,REP0028,HCP001589,PRD001,1,8
CALLHCP0015892,2024-01-25,REP0004,HCP001589,PRD001,1,15
CALLHCP0015893,2024-03-18,REP0021,HCP001589,PRD001,1,37
CALLHCP0015894,2024-01-17,REP0002,HCP001589,PRD001,1,37
CALLHCP0015895,2024-03-06,REP0023,HCP001589,PRD001,1,22
CALLHCP0012820,2024-01-16,REP0030,HCP001282,PRD001,1,25
CALLHCP0012821,2024-03-10,REP0025,HCP001282,PRD001,1,39
CALLHCP0012822,2024-03-18,REP0029,HCP001282,PRD001,1,31
CALLHCP0012823,2024-03-01,REP0001,HCP001282,PRD001,1,36
CALLHCP0012824,2024-02-26,REP0019,HCP001282,PRD001,1,19
CALLHCP0015650,2024-01-10,REP0022,HCP001565,PRD001,1,5
CALLHCP0015651,2024-03-01,REP0036,HCP001565,PRD001,1,21
CALLHCP0015652,2024-01-23,REP0038,HCP001565,PRD001,1,24
CALLHCP0015653,2024-01-13,REP0033,HCP001565,PRD001,1,12
CALLHCP0015654,2024-01-11,REP0030,HCP001565,PRD001,1,8
CALLHCP0015655,2024-01-18,REP0006,HCP001565,PRD001,1,6
CALLHCP0015656,2024-02-17,REP0034,HCP001565,PRD001,1,5
CALLHCP0014770,2024-02-15,REP0004,HCP001477,PRD001,1,26
CALLHCP0014771,2024-02-12,REP0033,HCP001477,PRD001,1,26
CALLHCP0014772,2024-01-03,REP0007,HCP001477,PRD001,1,6
CALLHCP0014773,2024-01-04,REP0005,HCP001477,PRD001,1,19
CALLHCP0014774,2024-02-06,REP0001,HCP001477,PRD001,1,10
CALLHCP0014775,2024-01-15,REP0026,HCP001477,PRD001,1,20
CALLHCP0014776,2024-03-08,REP0017,HCP001477,PRD001,1,36
CALLHCP0004370,2024-02-28,REP0003,HCP000437,PRD001,1,10
CALLHCP0004371,2024-01-16,REP0029,HCP000437,PRD001,1,10
CALLHCP0004372,2024-01-13,REP0009,HCP000437,PRD001,1,23
CALLHCP0004790,2024-02-23,REP0014,HCP000479,PRD001,1,37
CALLHCP0004791,2024-01-11,REP0010,HCP000479,PRD001,1,39
CALLHCP0004792,2024-01-11,REP0024,HCP000479,PRD001,1,33
CALLHCP0004793,2024-01-19,REP0000,HCP000479,PRD001,1,24
CALLHCP0004794,2024-01-22,REP0000,HCP000479,PRD001,1,21
CALLHCP0004795,2024-02-02,REP0009,HCP000479,PRD001,1,32
CALLHCP0004796,2024-01-17,REP0019,HCP000479,PRD001,1,33
CALLHCP0007180,2024-01-14,REP0036,HCP000718,PRD001,1,10
CALLHCP0007181,2024-01-27,REP0003,HCP000718,PRD001,1,37
CALLHCP0007182,2024-03-15,REP0000,HCP000718,PRD001,1,21
CALLHCP0007183,2024-03-01,REP0024,HCP000718,PRD001,1,31
CALLHCP0007184,2024-02-29,REP0015,HCP000718,PRD001,1,10
CALLHCP0007185,2024-02-09,REP0022,HCP000718,PRD001,1,18
CALLHCP0017150,2024-02-22,REP0024,HCP001715,PRD001,1,5
CALLHCP0017151,2024-01-29,REP0034,HCP001715,PRD001,1,9
CALLHCP0017152,2024-01-07,REP0028,HCP001715,PRD001,1,28
CALLHCP0017153,2024-02-20,REP0033,HCP001715,PRD001,1,27
CALLHCP0017154,2024-03-20,REP0007,HCP001715,PRD001,1,24
CALLHCP0017155,2024-03-07,REP0000,HCP001715,PRD001,1,13
CALLHCP0017156,2024-03-13,REP0030,HCP001715,PRD001,1,18
CALLHCP0016340,2024-03-02,REP0004,HCP001634,PRD001,1,32
CALLHCP0016341,2024-03-12,REP0023,HCP001634,PRD001,1,39
CALLHCP0016342,2024-01-31,REP0018,HCP001634,PRD001,1,30
CALLHCP0016343,2024-02-11,REP0035,HCP001634,PRD001,1,24
CALLHCP0016344,2024-01-11,REP0025,HCP001634,PRD001,1,23
CALLHCP0002510,2024-02-10,REP0011,HCP000251,PRD001,1,13
CALLHCP0002511,2024-03-02,REP0014,HCP000251,PRD001,1,36
CALLHCP0002512,2024-02-04,REP0039,HCP000251,PRD001,1,19
CALLHCP0002513,2024-01-12,REP0032,HCP000251,PRD001,1,29
CALLHCP0002514,2024-01-25,REP0022,HCP000251,PRD001,1,12
CALLHCP0002515,2024-03-15,REP0000,HCP000251,PRD001,1,7
CALLHCP0010410,2024-01-11,REP0034,HCP001041,PRD001,1,27
CALLHCP0010411,2024-03-16,REP0002,HCP001041,PRD001,1,29
CALLHCP0008620,2024-01-26,REP0001,HCP000862,PRD001,1,23
CALLHCP0008621,2024-01-21,REP0004,HCP000862,PRD001,1,23
CALLHCP0008622,2024-02-15,REP0005,HCP000862,PRD001,1,24
CALLHCP0008623,2024-01-08,REP0013,HCP000862,PRD001,1,31
CALLHCP0008624,2024-01-20,REP0027,HCP000862,PRD001,1,37
CALLHCP0008625,2024-01-15,REP0030,HCP000862,PRD001,1,24
CALLHCP0017570,2024-01-17,REP0009,HCP001757,PRD001,1,24
CALLHCP0016980,2024-02-05,REP0024,HCP001698,PRD001,1,8
CALLHCP0016981,2024-03-23,REP0022,HCP001698,PRD001,1,21
CALLHCP0016982,2024-03-12,REP0013,HCP001698,PRD001,1,20
CALLHCP0016983,2024-01-19,REP0022,HCP001698,PRD001,1,15
CALLHCP0016984,2024-02-04,REP0005,HCP001698,PRD001,1,35
CALLHCP0016985,2024-02-18,REP0015,HCP001698,PRD001,1,10
CALLHCP0015640,2024-01-01,REP0000,HCP001564,PRD001,1,25
CALLHCP0013370,2024-01-25,REP0004,HCP001337,PRD001,1,7
CALLHCP0018940,2024-03-20,REP0017,HCP001894,PRD001,1,15
CALLHCP0018941,2024-02-23,REP0031,HCP001894,PRD001,1,34
CALLHCP0018942,2024-02-01,REP0005,HCP001894,PRD001,1,22
CALLHCP0018943,2024-03-01,REP0026,HCP001894,PRD001,1,38
CALLHCP0018944,2024-02-06,REP0027,HCP001894,PRD001,1,18
CALLHCP0018945,2024-01-03,REP0009,HCP001894,PRD001,1,25
CALLHCP0005210,2024-02-05,REP0028,HCP000521,PRD001,1,21
CALLHCP0008460,2024-03-16,REP0014,HCP000846,PRD001,1,20
CALLHCP0008461,2024-03-04,REP0004,HCP000846,PRD001,1,19
CALLHCP0008462,2024-01-10,REP0018,HCP000846,PRD001,1,15
CALLHCP0011360,2024-01-09,REP0014,HCP001136,PRD001,1,5
CALLHCP0011361,2024-03-05,REP0016,HCP001136,PRD001,1,21
CALLHCP0011362,2024-03-14,REP0025,HCP001136,PRD001,1,34
CALLHCP0011363,2024-03-09,REP0014,HCP001136,PRD001,1,29
CALLHCP0011364,2024-02-21,REP0012,HCP001136,PRD001,1,20
CALLHCP0011365,2024-03-08,REP0016,HCP001136,PRD001,1,15
CALLHCP0011366,2024-03-17,REP0038,HCP001136,PRD001,1,5
CALLHCP0008030,2024-02-20,REP0027,HCP000803,PRD001,1,39
CALLHCP0008031,2024-03-19,REP0012,HCP000803,PRD001,1,32
CALLHCP0008032,2024-01-31,REP0027,HCP000803,PRD001,1,28
CALLHCP0016920,2024-03-03,REP0014,HCP001692,PRD001,1,9
CALLHCP0016921,2024-03-02,REP0014,HCP001692,PRD001,1,25
CALLHCP0016860,2024-01-20,REP0014,HCP001686,PRD001,1,15
CALLHCP0016861,2024-02-29,REP0018,HCP001686,PRD001,1,27
CALLHCP0016862,2024-01-05,REP0031,HCP001686,PRD001,1,15
CALLHCP0016863,2024-01-12,REP0011,HCP001686,PRD001,1,7
CALLHCP0016864,2024-02-02,REP0023,HCP001686,PRD001,1,29
CALLHCP0016865,2024-02-17,REP0027,HCP001686,PRD001,1,9
CALLHCP0016866,2024-02-08,REP0012,HCP001686,PRD001,1,28
CALLHCP0005000,2024-03-04,REP0002,HCP000500,PRD001,1,26
CALLHCP0005001,2024-01-21,REP0026,HCP000500,PRD001,1,20
CALLHCP0005002,2024-01-19,REP0037,HCP000500,PRD001,1,19
CALLHCP0005003,2024-01-31,REP0022,HCP000500,PRD001,1,24
CALLHCP0001160,2024-02-08,REP0022,HCP000116,PRD001,1,25
CALLHCP0009700,2024-01-14,REP0000,HCP000970,PRD001,1,7
CALLHCP0009701,2024-02-21,REP0030,HCP000970,PRD001,1,18
CALLHCP0009702,2024-02-14,REP0028,HCP000970,PRD001,1,39
CALLHCP0009703,2024-02-15,REP0007,HCP000970,PRD001,1,39
CALLHCP0013290,2024-01-23,REP0009,HCP001329,PRD001,1,12
CALLHCP0013291,2024-02-01,REP0005,HCP001329,PRD001,1,7
CALLHCP0013292,2024-01-03,REP0011,HCP001329,PRD001,1,19
CALLHCP0013293,2024-01-09,REP0000,HCP001329,PRD001,1,25
CALLHCP0018620,2024-01-04,REP0033,HCP001862,PRD001,1,19
CALLHCP0018621,2024-03-09,REP0019,HCP001862,PRD001,1,9
CALLHCP0018622,2024-03-02,REP0038,HCP001862,PRD001,1,5
CALLHCP0018623,2024-03-10,REP0038,HCP001862,PRD001,1,24
CALLHCP0018624,2024-01-19,REP0017,HCP001862,PRD001,1,36
CALLHCP0018625,2024-01-29,REP0034,HCP001862,PRD001,1,16
CALLHCP0009030,2024-02-02,REP0011,HCP000903,PRD001,1,30
CALLHCP0009031,2024-01-09,REP0024,HCP000903,PRD001,1,7
CALLHCP0009032,2024-03-16,REP0005,HCP000903,PRD001,1,33
CALLHCP0009033,2024-01-10,REP0003,HCP000903,PRD001,1,33
CALLHCP0009034,2024-03-18,REP0015,HCP000903,PRD001,1,14
CALLHCP0009035,2024-01-07,REP0022,HCP000903,PRD001,1,32
CALLHCP0009036,2024-01-25,REP0032,HCP000903,PRD001,1,38
CALLHCP0006180,2024-01-01,REP0030,HCP000618,PRD001,1,16
CALLHCP0006181,2024-03-16,REP0034,HCP000618,PRD001,1,30
CALLHCP0006182,2024-02-06,REP0037,HCP000618,PRD001,1,15
CALLHCP0006183,2024-01-13,REP0027,HCP000618,PRD001,1,12
CALLHCP0006184,2024-03-18,REP0003,HCP000618,PRD001,1,38
CALLHCP0006185,2024-03-24,REP0020,HCP000618,PRD001,1,16
CALLHCP0006186,2024-02-19,REP0038,HCP000618,PRD001,1,8
CALLHCP0016170,2024-01-11,REP0023,HCP001617,PRD001,1,28
CALLHCP0001780,2024-01-25,REP0001,HCP000178,PRD001,1,36
CALLHCP0001781,2024-03-12,REP0013,HCP000178,PRD001,1,5
CALLHCP0001782,2024-03-14,REP0017,HCP000178,PRD001,1,28
CALLHCP0001783,2024-02-17,REP0027,HCP000178,PRD001,1,6
CALLHCP0006980,2024-01-07,REP0004,HCP000698,PRD001,1,21
CALLHCP0006981,2024-03-20,REP0028,HCP000698,PRD001,1,6
CALLHCP0006982,2024-03-24,REP0017,HCP000698,PRD001,1,31
CALLHCP0006983,2024-02-21,REP0038,HCP000698,PRD001,1,31
CALLHCP0006984,2024-02-24,REP0028,HCP000698,PRD001,1,32
CALLHCP0004690,2024-01-10,REP0028,HCP000469,PRD001,1,20
CALLHCP0004691,2024-01-14,REP0002,HCP000469,PRD001,1,22
CALLHCP0004692,2024-03-15,REP0038,HCP000469,PRD001,1,33
CALLHCP0004693,2024-01-23,REP0025,HCP000469,PRD001,1,38
CALLHCP0004694,2024-01-08,REP0029,HCP000469,PRD001,1,33
CALLHCP0007870,2024-01-12,REP0038,HCP000787,PRD001,1,36
CALLHCP0007330,2024-02-10,REP0003,HCP000733,PRD001,1,10
CALLHCP0007331,2024-02-02,REP0007,HCP000733,PRD001,1,12
CALLHCP0007332,2024-01-04,REP0004,HCP000733,PRD001,1,19
CALLHCP0007333,2024-01-18,REP0003,HCP000733,PRD001,1,35
CALLHCP0007334,2024-01-13,REP0033,HCP000733,PRD001,1,24
CALLHCP0007335,2024-01-30,REP0012,HCP000733,PRD001,1,18
CALLHCP0007336,2024-01-25,REP0029,HCP000733,PRD001,1,32
CALLHCP0007690,2024-01-12,REP0017,HCP000769,PRD001,1,37
CALLHCP0007691,2024-02-02,REP0034,HCP000769,PRD001,1,6
CALLHCP0001080,2024-03-14,REP0021,HCP000108,PRD001,1,25
CALLHCP0017460,2024-03-06,REP0025,HCP001746,PRD001,1,39
CALLHCP0017461,2024-01-15,REP0004,HCP001746,PRD001,1,22
CALLHCP0017462,2024-02-13,REP0020,HCP001746,PRD001,1,8
CALLHCP0017463,2024-02-01,REP0015,HCP001746,PRD001,1,31
CALLHCP0017464,2024-02-22,REP0010,HCP001746,PRD001,1,31
CALLHCP0017465,2024-02-09,REP0018,HCP001746,PRD001,1,12
CALLHCP0017466,2024-03-11,REP0038,HCP001746,PRD001,1,24
CALLHCP0006230,2024-01-06,REP0014,HCP000623,PRD001,1,34
CALLHCP0006231,2024-03-22,REP0029,HCP000623,PRD001,1,15
CALLHCP0006232,2024-02-06,REP0009,HCP000623,PRD001,1,30
CALLHCP0006233,2024-02-27,REP0003,HCP000623,PRD001,1,9
CALLHCP0006234,2024-01-19,REP0014,HCP000623,PRD001,1,37
CALLHCP0010630,2024-01-26,REP0010,HCP001063,PRD001,1,37
CALLHCP0010631,2024-03-17,REP0006,HCP001063,PRD001,1,33
CALLHCP0010632,2024-01-30,REP0023,HCP001063,PRD001,1,32
CALLHCP0010633,2024-03-19,REP0015,HCP001063,PRD001,1,37
CALLHCP0003450,2024-01-17,REP0038,HCP000345,PRD001,1,7
CALLHCP0016030,2024-01-27,REP0015,HCP001603,PRD001,1,25
CALLHCP0016031,2024-02-13,REP0015,HCP001603,PRD001,1,17
CALLHCP0016032,2024-02-19,REP0015,HCP001603,PRD001,1,33
CALLHCP0016033,2024-01-27,REP0034,HCP001603,PRD001,1,29
CALLHCP0016034,2024-02-07,REP0029,HCP001603,PRD001,1,5
CALLHCP0016035,2024-02-03,REP0012,HCP001603,PRD001,1,27
CALLHCP0016036,2024-02-21,REP0004,HCP001603,PRD001,1,13
CALLHCP0014230,2024-01-02,REP0011,HCP001423,PRD001,1,23
CALLHCP0014231,2024-01-02,REP0002,HCP001423,PRD001,1,32
CALLHCP0014232,2024-01-27,REP0004,HCP001423,PRD001,1,16
CALLHCP0014233,2024-02-01,REP0005,HCP001423,PRD001,1,8
CALLHCP0014234,2024-03-22,REP0005,HCP001423,PRD001,1,30
CALLHCP0014235,2024-01-20,REP0012,HCP001423,PRD001,1,29
CALLHCP0002730,2024-01-01,REP0037,HCP000273,PRD001,1,32
CALLHCP0002731,2024-01-17,REP0017,HCP000273,PRD001,1,36
CALLHCP0019980,2024-01-12,REP0016,HCP001998,PRD001,1,25
CALLHCP0019981,2024-02-24,REP0016,HCP001998,PRD001,1,33
CALLHCP0019982,2024-01-14,REP0033,HCP001998,PRD001,1,34
CALLHCP0019983,2024-03-17,REP0025,HCP001998,PRD001,1,37
CALLHCP0008040,2024-01-31,REP0038,HCP000804,PRD001,1,38
CALLHCP0008041,2024-02-21,REP0024,HCP000804,PRD001,1,11
CALLHCP0008042,2024-02-22,REP0032,HCP000804,PRD001,1,7
CALLHCP0008043,2024-03-21,REP0011,HCP000804,PRD001,1,39
CALLHCP0008044,2024-02-13,REP0018,HCP000804,PRD001,1,9
CALLHCP0008045,2024-01-20,REP0016,HCP000804,PRD001,1,7
CALLHCP0008046,2024-02-17,REP0030,HCP000804,PRD001,1,30
CALLHCP0013980,2024-02-06,REP0002,HCP001398,PRD001,1,24
CALLHCP0013981,2024-01-12,REP0038,HCP001398,PRD001,1,24
CALLHCP0013982,2024-03-22,REP0002,HCP001398,PRD001,1,30
CALLHCP0013983,2024-03-19,REP0036,HCP001398,PRD001,1,23
CALLHCP0013984,2024-01-10,REP0002,HCP001398,PRD001,1,21
CALLHCP0013985,2024-03-08,REP0023,HCP001398,PRD001,1,11
CALLHCP0013986,2024-02-09,REP0004,HCP001398,PRD001,1,13
CALLHCP0019960,2024-02-21,REP0030,HCP001996,PRD001,1,16
CALLHCP0019961,2024-02-11,REP0017,HCP001996,PRD001,1,21
CALLHCP0019962,2024-02-02,REP0028,HCP001996,PRD001,1,24
CALLHCP0019963,2024-03-21,REP0028,HCP001996,PRD001,1,28
CALLHCP0019964,2024-02-05,REP0022,HCP001996,PRD001,1,15
CALLHCP0004390,2024-03-02,REP0010,HCP000439,PRD001,1,11
CALLHCP0015250,2024-02-23,REP0016,HCP001525,PRD001,1,17
CALLHCP0015251,2024-01-10,REP0004,HCP001525,PRD001,1,39
CALLHCP0015252,2024-03-16,REP0003,HCP001525,PRD001,1,8
CALLHCP0015253,2024-02-18,REP0034,HCP001525,PRD001,1,36
CALLHCP0015254,2024-03-06,REP0039,HCP001525,PRD001,1,8
CALLHCP0015255,2024-03-02,REP0021,HCP001525,PRD001,1,12
CALLHCP0015256,2024-02-24,REP0031,HCP001525,PRD001,1,17
CALLHCP0019140,2024-01-24,REP0001,HCP001914,PRD001,1,15
CALLHCP0012340,2024-01-06,REP0032,HCP001234,PRD001,1,7
CALLHCP0019770,2024-02-06,REP0027,HCP001977,PRD001,1,24
CALLHCP0019771,2024-02-19,REP0039,HCP001977,PRD001,1,9
CALLHCP0019772,2024-03-05,REP0033,HCP001977,PRD001,1,13
CALLHCP0005900,2024-01-16,REP0015,HCP000590,PRD001,1,23
CALLHCP0006320,2024-01-11,REP0036,HCP000632,PRD001,1,28
CALLHCP0006321,2024-02-20,REP0015,HCP000632,PRD001,1,23
CALLHCP0004200,2024-01-01,REP0001,HCP000420,PRD001,1,22
CALLHCP0004201,2024-03-19,REP0031,HCP000420,PRD001,1,29
CALLHCP0004202,2024-03-18,REP0031,HCP000420,PRD001,1,31
CALLHCP0004203,2024-03-06,REP0025,HCP000420,PRD001,1,24
CALLHCP0004204,2024-02-05,REP0018,HCP000420,PRD001,1,28
CALLHCP0004205,2024-01-31,REP0026,HCP000420,PRD001,1,20
CALLHCP0004206,2024-03-01,REP0015,HCP000420,PRD001,1,9
CALLHCP0010070,2024-01-30,REP0020,HCP001007,PRD001,1,34
CALLHCP0010071,2024-02-29,REP0004,HCP001007,PRD001,1,22
CALLHCP0010072,2024-02-11,REP0012,HCP001007,PRD001,1,7
CALLHCP0010073,2024-03-12,REP0022,HCP001007,PRD001,1,21
CALLHCP0010074,2024-02-09,REP0035,HCP001007,PRD001,1,38
CALLHCP0010075,2024-02-09,REP0003,HCP001007,PRD001,1,19
CALLHCP0010076,2024-03-13,REP0018,HCP001007,PRD001,1,27
CALLHCP0005320,2024-01-23,REP0031,HCP000532,PRD001,1,27
CALLHCP0005321,2024-02-10,REP0002,HCP000532,PRD001,1,6
CALLHCP0005322,2024-02-07,REP0010,HCP000532,PRD001,1,31
CALLHCP0005323,2024-03-13,REP0031,HCP000532,PRD001,1,5
CALLHCP0005324,2024-02-12,REP0036,HCP000532,PRD001,1,28
CALLHCP0014880,2024-01-06,REP0032,HCP001488,PRD001,1,15
CALLHCP0014881,2024-01-09,REP0037,HCP001488,PRD001,1,10
CALLHCP0014882,2024-01-16,REP0030,HCP001488,PRD001,1,23
CALLHCP0014883,2024-03-16,REP0023,HCP001488,PRD001,1,32
CALLHCP0001910,2024-02-21,REP0033,HCP000191,PRD001,1,37
CALLHCP0001911,2024-01-17,REP0035,HCP000191,PRD001,1,31
CALLHCP0001912,2024-01-28,REP0018,HCP000191,PRD001,1,31
CALLHCP0001913,2024-01-08,REP0029,HCP000191,PRD001,1,16
CALLHCP0001914,2024-02-14,REP0024,HCP000191,PRD001,1,35
CALLHCP0000200,2024-02-26,REP0036,HCP000020,PRD001,1,38
CALLHCP0000510,2024-01-24,REP0016,HCP000051,PRD001,1,10
CALLHCP0000511,2024-01-09,REP0023,HCP000051,PRD001,1,20
CALLHCP0000512,2024-01-18,REP0031,HCP000051,PRD001,1,17
CALLHCP0000513,2024-01-02,REP0000,HCP000051,PRD001,1,6
CALLHCP0000514,2024-01-24,REP0036,HCP000051,PRD001,1,21
CALLHCP0000515,2024-02-24,REP0011,HCP000051,PRD001,1,32
CALLHCP0017910,2024-02-05,REP0006,HCP001791,PRD001,1,10
CALLHCP0019250,2024-02-28,REP0011,HCP001925,PRD001,1,15
CALLHCP0019251,2024-01-19,REP0029,HCP001925,PRD001,1,29
CALLHCP0019252,2024-02-23,REP0034,HCP001925,PRD001,1,6
CALLHCP0019253,2024-03-01,REP0015,HCP001925,PRD001,1,16
CALLHCP0019254,2024-01-25,REP0014,HCP001925,PRD001,1,20
CALLHCP0010720,2024-01-24,REP0025,HCP001072,PRD001,1,31
CALLHCP0010721,2024-03-15,REP0016,HCP001072,PRD001,1,12
CALLHCP0010722,2024-02-28,REP0032,HCP001072,PRD001,1,39
CALLHCP0010723,2024-01-14,REP0037,HCP001072,PRD001,1,28
CALLHCP0010724,2024-03-23,REP0028,HCP001072,PRD001,1,15
CALLHCP0012710,2024-01-11,REP0017,HCP001271,PRD001,1,23
CALLHCP0012711,2024-01-10,REP0012,HCP001271,PRD001,1,17
CALLHCP0012712,2024-01-03,REP0012,HCP001271,PRD001,1,38
CALLHCP0009580,2024-01-17,REP0021,HCP000958,PRD001,1,21
CALLHCP0009581,2024-03-24,REP0037,HCP000958,PRD001,1,26
CALLHCP0009582,2024-03-02,REP0000,HCP000958,PRD001,1,5
CALLHCP0005800,2024-02-17,REP0033,HCP000580,PRD001,1,24
CALLHCP0005801,2024-02-19,REP0006,HCP000580,PRD001,1,18
CALLHCP0005802,2024-02-13,REP0037,HCP000580,PRD001,1,11
CALLHCP0005803,2024-01-26,REP0010,HCP000580,PRD001,1,12
CALLHCP0005804,2024-03-03,REP0037,HCP000580,PRD001,1,29
CALLHCP0005805,2024-02-24,REP0024,HCP000580,PRD001,1,35
CALLHCP0005806,2024-01-23,REP0010,HCP000580,PRD001,1,5
CALLHCP0002640,2024-02-11,REP0029,HCP000264,PRD001,1,21
CALLHCP0002641,2024-01-23,REP0025,HCP000264,PRD001,1,37
CALLHCP0002642,2024-01-31,REP0038,HCP000264,PRD001,1,8
CALLHCP0002643,2024-02-16,REP0023,HCP000264,PRD001,1,31
CALLHCP0002644,2024-01-28,REP0036,HCP000264,PRD001,1,24
CALLHCP0001430,2024-02-09,REP0010,HCP000143,PRD001,1,39
CALLHCP0001431,2024-03-16,REP0028,HCP000143,PRD001,1,38
CALLHCP0001432,2024-01-27,REP0029,HCP000143,PRD001,1,24
CALLHCP0001433,2024-01-14,REP0015,HCP000143,PRD001,1,22
CALLHCP0008860,2024-02-16,REP0015,HCP000886,PRD001,1,12
CALLHCP0008861,2024-03-14,REP0031,HCP000886,PRD001,1,32
CALLHCP0005240,2024-01-27,REP0003,HCP000524,PRD001,1,5
CALLHCP0014650,2024-03-04,REP0014,HCP001465,PRD001,1,24
CALLHCP0014651,2024-02-11,REP0009,HCP001465,PRD001,1,12
CALLHCP0019720,2024-01-27,REP0000,HCP001972,PRD001,1,35
CALLHCP0012020,2024-01-16,REP0005,HCP001202,PRD001,1,13
CALLHCP0012021,2024-01-15,REP0003,HCP001202,PRD001,1,34
CALLHCP0009200,2024-02-09,REP0018,HCP000920,PRD001,1,19
CALLHCP0009201,2024-03-12,REP0032,HCP000920,PRD001,1,5
CALLHCP0009202,2024-01-09,REP0031,HCP000920,PRD001,1,33
CALLHCP0009203,2024-01-12,REP0026,HCP000920,PRD001,1,23
CALLHCP0004650,2024-01-19,REP0003,HCP000465,PRD001,1,16
CALLHCP0004651,2024-02-16,REP0036,HCP000465,PRD001,1,13
CALLHCP0004652,2024-02-06,REP0005,HCP000465,PRD001,1,25
CALLHCP0004653,2024-02-08,REP0036,HCP000465,PRD001,1,31
CALLHCP0004654,2024-03-20,REP0004,HCP000465,PRD001,1,38
CALLHCP0004655,2024-02-22,REP0018,HCP000465,PRD001,1,21
CALLHCP0012500,2024-02-20,REP0031,HCP001250,PRD001,1,9
CALLHCP0012501,2024-02-12,REP0004,HCP001250,PRD001,1,19
CALLHCP0012502,2024-01-10,REP0029,HCP001250,PRD001,1,39
CALLHCP0018710,2024-01-22,REP0020,HCP001871,PRD001,1,9
CALLHCP0018711,2024-03-04,REP0034,HCP001871,PRD001,1,9
CALLHCP0018712,2024-01-04,REP0013,HCP001871,PRD001,1,25
CALLHCP0015160,2024-03-04,REP0032,HCP001516,PRD001,1,35
CALLHCP0015161,2024-02-15,REP0036,HCP001516,PRD001,1,24
CALLHCP0015162,2024-01-19,REP0019,HCP001516,PRD001,1,16
CALLHCP0018410,2024-02-09,REP0007,HCP001841,PRD001,1,16
CALLHCP0018411,2024-01-09,REP0039,HCP001841,PRD001,1,9
CALLHCP0018412,2024-02-27,REP0012,HCP001841,PRD001,1,10
CALLHCP0018413,2024-03-07,REP0013,HCP001841,PRD001,1,28
CALLHCP0018414,2024-03-02,REP0002,HCP001841,PRD001,1,21
CALLHCP0018415,2024-03-06,REP0004,HCP001841,PRD001,1,24
CALLHCP0018416,2024-03-24,REP0001,HCP001841,PRD001,1,27
CALLHCP0007980,2024-03-03,REP0003,HCP000798,PRD001,1,17
CALLHCP0013780,2024-02-06,REP0007,HCP001378,PRD001,1,32
CALLHCP0013781,2024-01-25,REP0038,HCP001378,PRD001,1,32
CALLHCP0013782,2024-03-20,REP0037,HCP001378,PRD001,1,24
CALLHCP0013783,2024-01-17,REP0014,HCP001378,PRD001,1,12
CALLHCP0013790,2024-01-09,REP0032,HCP001379,PRD001,1,6
CALLHCP0013791,2024-01-22,REP0001,HCP001379,PRD001,1,6
CALLHCP0013792,2024-03-14,REP0016,HCP001379,PRD001,1,5
CALLHCP0013793,2024-02-24,REP0012,HCP001379,PRD001,1,37
CALLHCP0008280,2024-03-03,REP0028,HCP000828,PRD001,1,7
CALLHCP0016880,2024-01-24,REP0020,HCP001688,PRD001,1,30
CALLHCP0016881,2024-03-14,REP0011,HCP001688,PRD001,1,14
CALLHCP0016882,2024-03-09,REP0021,HCP001688,PRD001,1,28
CALLHCP0016883,2024-02-04,REP0037,HCP001688,PRD001,1,34
CALLHCP0016884,2024-02-25,REP0028,HCP001688,PRD001,1,26
CALLHCP0016885,2024-02-20,REP0005,HCP001688,PRD001,1,10
CALLHCP0008790,2024-02-07,REP0014,HCP000879,PRD001,1,14
CALLHCP0008791,2024-01-06,REP0029,HCP000879,PRD001,1,35
CALLHCP0008792,2024-01-10,REP0030,HCP000879,PRD001,1,25
CALLHCP0008793,2024-03-05,REP0009,HCP000879,PRD001,1,8
CALLHCP0008794,2024-01-16,REP0010,HCP000879,PRD001,1,11
CALLHCP0008795,2024-02-06,REP0035,HCP000879,PRD001,1,16
CALLHCP0010710,2024-01-03,REP0020,HCP001071,PRD001,1,7
CALLHCP0013900,2024-03-20,REP0027,HCP001390,PRD001,1,9
CALLHCP0013901,2024-01-20,REP0004,HCP001390,PRD001,1,20
CALLHCP0013902,2024-03-15,REP0033,HCP001390,PRD001,1,6
CALLHCP0011510,2024-01-19,REP0026,HCP001151,PRD001,1,39
CALLHCP0011511,2024-03-21,REP0022,HCP001151,PRD001,1,33
CALLHCP0011512,2024-02-05,REP0025,HCP001151,PRD001,1,28
CALLHCP0011513,2024-02-23,REP0035,HCP001151,PRD001,1,33
CALLHCP0011514,2024-01-20,REP0038,HCP001151,PRD001,1,24
CALLHCP0011515,2024-01-09,REP0033,HCP001151,PRD001,1,38
CALLHCP0011516,2024-03-04,REP0014,HCP001151,PRD001,1,12
CALLHCP0013470,2024-01-13,REP0009,HCP001347,PRD001,1,6
CALLHCP0013471,2024-02-25,REP0032,HCP001347,PRD001,1,16
CALLHCP0013472,2024-03-18,REP0006,HCP001347,PRD001,1,34
CALLHCP0013473,2024-02-21,REP0021,HCP001347,PRD001,1,37
CALLHCP0013474,2024-01-30,REP0036,HCP001347,PRD001,1,5
CALLHCP0008180,2024-03-21,REP0007,HCP000818,PRD001,1,10
CALLHCP0008181,2024-03-24,REP0006,HCP000818,PRD001,1,25
CALLHCP0008182,2024-03-01,REP0006,HCP000818,PRD001,1,13
CALLHCP0008183,2024-01-31,REP0037,HCP000818,PRD001,1,34
CALLHCP0008184,2024-03-18,REP0014,HCP000818,PRD001,1,22
CALLHCP0017350,2024-02-28,REP0014,HCP001735,PRD001,1,5
CALLHCP0017351,2024-02-24,REP0036,HCP001735,PRD001,1,11
CALLHCP0017352,2024-03-13,REP0009,HCP001735,PRD001,1,11
CALLHCP0017353,2024-03-07,REP0033,HCP001735,PRD001,1,31
CALLHCP0009240,2024-02-25,REP0018,HCP000924,PRD001,1,7
CALLHCP0009241,2024-03-18,REP0023,HCP000924,PRD001,1,34
CALLHCP0015420,2024-01-04,REP0012,HCP001542,PRD001,1,18
CALLHCP0015421,2024-01-08,REP0025,HCP001542,PRD001,1,12
CALLHCP0015422,2024-03-02,REP0013,HCP001542,PRD001,1,5
CALLHCP0015610,2024-01-06,REP0023,HCP001561,PRD001,1,25
CALLHCP0015611,2024-02-11,REP0017,HCP001561,PRD001,1,24
CALLHCP0015612,2024-02-07,REP0039,HCP001561,PRD001,1,36
CALLHCP0015613,2024-01-24,REP0010,HCP001561,PRD001,1,25
CALLHCP0015614,2024-03-13,REP0018,HCP001561,PRD001,1,34
CALLHCP0015615,2024-02-29,REP0019,HCP001561,PRD001,1,29
CALLHCP0015616,2024-02-26,REP0000,HCP001561,PRD001,1,35
CALLHCP0005370,2024-03-02,REP0018,HCP000537,PRD001,1,29
CALLHCP0005371,2024-01-08,REP0036,HCP000537,PRD001,1,10
CALLHCP0002180,2024-01-28,REP0026,HCP000218,PRD001,1,25
CALLHCP0002181,2024-01-08,REP0013,HCP000218,PRD001,1,28
CALLHCP0002182,2024-03-11,REP0025,HCP000218,PRD001,1,33
CALLHCP0002183,2024-01-31,REP0038,HCP000218,PRD001,1,25
CALLHCP0002184,2024-01-15,REP0015,HCP000218,PRD001,1,5
CALLHCP0002185,2024-01-18,REP0038,HCP000218,PRD001,1,8
CALLHCP0002186,2024-03-13,REP0002,HCP000218,PRD001,1,23
CALLHCP0014700,2024-02-14,REP0019,HCP001470,PRD001,1,14
CALLHCP0014701,2024-02-19,REP0002,HCP001470,PRD001,1,12
CALLHCP0014702,2024-01-29,REP0012,HCP001470,PRD001,1,23
CALLHCP0014703,2024-02-26,REP0026,HCP001470,PRD001,1,37
CALLHCP0000520,2024-02-12,REP0011,HCP000052,PRD001,1,39
CALLHCP0000521,2024-03-03,REP0033,HCP000052,PRD001,1,27
CALLHCP0000522,2024-03-07,REP0005,HCP000052,PRD001,1,25
CALLHCP0000523,2024-01-06,REP0027,HCP000052,PRD001,1,8
CALLHCP0011660,2024-01-05,REP0013,HCP001166,PRD001,1,18
CALLHCP0011661,2024-02-22,REP0021,HCP001166,PRD001,1,16
CALLHCP0011662,2024-02-22,REP0003,HCP001166,PRD001,1,20
CALLHCP0011663,2024-03-06,REP0022,HCP001166,PRD001,1,23
CALLHCP0003460,2024-02-17,REP0034,HCP000346,PRD001,1,26
CALLHCP0003461,2024-01-25,REP0021,HCP000346,PRD001,1,32
CALLHCP0003462,2024-03-12,REP0001,HCP000346,PRD001,1,26
CALLHCP0003463,2024-02-27,REP0033,HCP000346,PRD001,1,22
CALLHCP0003464,2024-02-02,REP0023,HCP000346,PRD001,1,15
CALLHCP0003465,2024-02-08,REP0027,HCP000346,PRD001,1,19
CALLHCP0018890,2024-01-18,REP0013,HCP001889,PRD001,1,30
CALLHCP0018891,2024-02-21,REP0026,HCP001889,PRD001,1,24
CALLHCP0018892,2024-03-17,REP0027,HCP001889,PRD001,1,35
CALLHCP0018893,2024-02-06,REP0029,HCP001889,PRD001,1,19
CALLHCP0018894,2024-03-19,REP0018,HCP001889,PRD001,1,23
CALLHCP0005070,2024-03-20,REP0024,HCP000507,PRD001,1,27
CALLHCP0017820,2024-03-18,REP0026,HCP001782,PRD001,1,35
CALLHCP0019330,2024-03-17,REP0032,HCP001933,PRD001,1,10
CALLHCP0019331,2024-03-06,REP0024,HCP001933,PRD001,1,8
CALLHCP0019332,2024-03-07,REP0030,HCP001933,PRD001,1,36
CALLHCP0019333,2024-02-17,REP0000,HCP001933,PRD001,1,16
CALLHCP0019334,2024-03-10,REP0021,HCP001933,PRD001,1,32
CALLHCP0019335,2024-03-24,REP0021,HCP001933,PRD001,1,10
CALLHCP0019336,2024-03-12,REP0009,HCP001933,PRD001,1,35
CALLHCP0011750,2024-01-20,REP0000,HCP001175,PRD001,1,8
CALLHCP0011751,2024-02-03,REP0024,HCP001175,PRD001,1,13
CALLHCP0011752,2024-02-29,REP0013,HCP001175,PRD001,1,38
CALLHCP0011753,2024-01-27,REP0032,HCP001175,PRD001,1,7
CALLHCP0011754,2024-01-30,REP0037,HCP001175,PRD001,1,9
CALLHCP0011755,2024-01-26,REP0024,HCP001175,PRD001,1,15
CALLHCP0011756,2024-03-13,REP0023,HCP001175,PRD001,1,31
CALLHCP0012720,2024-01-29,REP0027,HCP001272,PRD001,1,28
CALLHCP0012721,2024-03-23,REP0014,HCP001272,PRD001,1,12
CALLHCP0012722,2024-03-08,REP0007,HCP001272,PRD001,1,33
CALLHCP0007250,2024-02-07,REP0004,HCP000725,PRD001,1,6
CALLHCP0007251,2024-02-01,REP0020,HCP000725,PRD001,1,31
CALLHCP0007252,2024-02-10,REP0036,HCP000725,PRD001,1,26
CALLHCP0007253,2024-03-19,REP0002,HCP000725,PRD001,1,23
CALLHCP0007254,2024-01-21,REP0031,HCP000725,PRD001,1,14
CALLHCP0007255,2024-03-10,REP0026,HCP000725,PRD001,1,32
CALLHCP0007256,2024-02-05,REP0030,HCP000725,PRD001,1,21
CALLHCP0013410,2024-01-02,REP0026,HCP001341,PRD001,1,30
CALLHCP0013411,2024-01-28,REP0021,HCP001341,PRD001,1,33
CALLHCP0013412,2024-01-22,REP0023,HCP001341,PRD001,1,21
CALLHCP0013413,2024-02-21,REP0023,HCP001341,PRD001,1,28
CALLHCP0013414,2024-03-09,REP0022,HCP001341,PRD001,1,25
CALLHCP0013415,2024-02-29,REP0037,HCP001341,PRD001,1,5
CALLHCP0019180,2024-03-10,REP0022,HCP001918,PRD001,1,20
CALLHCP0004670,2024-02-17,REP0034,HCP000467,PRD001,1,20
CALLHCP0007720,2024-01-10,REP0024,HCP000772,PRD001,1,15
CALLHCP0007721,2024-02-19,REP0012,HCP000772,PRD001,1,24
CALLHCP0000910,2024-01-03,REP0015,HCP000091,PRD001,1,30
CALLHCP0000911,2024-02-20,REP0003,HCP000091,PRD001,1,8
CALLHCP0000912,2024-02-20,REP0015,HCP000091,PRD001,1,18
CALLHCP0019630,2024-01-06,REP0031,HCP001963,PRD001,1,39
CALLHCP0019631,2024-03-12,REP0022,HCP001963,PRD001,1,36
CALLHCP0019632,2024-03-02,REP0016,HCP001963,PRD001,1,35
CALLHCP0019633,2024-03-18,REP0028,HCP001963,PRD001,1,18
CALLHCP0019634,2024-01-21,REP0007,HCP001963,PRD001,1,33
CALLHCP0008090,2024-01-28,REP0004,HCP000809,PRD001,1,36
CALLHCP0008091,2024-03-05,REP0026,HCP000809,PRD001,1,23
CALLHCP0001810,2024-03-14,REP0003,HCP000181,PRD001,1,16
CALLHCP0010310,2024-01-01,REP0033,HCP001031,PRD001,1,15
CALLHCP0010311,2024-01-14,REP0020,HCP001031,PRD001,1,18
CALLHCP0010312,2024-03-01,REP0034,HCP001031,PRD001,1,17
CALLHCP0010313,2024-02-22,REP0016,HCP001031,PRD001,1,6
CALLHCP0010314,2024-01-06,REP0014,HCP001031,PRD001,1,21
CALLHCP0010315,2024-01-22,REP0036,HCP001031,PRD001,1,9
CALLHCP0010316,2024-03-08,REP0013,HCP001031,PRD001,1,33
CALLHCP0010180,2024-01-15,REP0000,HCP001018,PRD001,1,19
CALLHCP0010181,2024-02-14,REP0012,HCP001018,PRD001,1,34
CALLHCP0010182,2024-02-24,REP0029,HCP001018,PRD001,1,6
CALLHCP0010183,2024-03-14,REP0005,HCP001018,PRD001,1,8
CALLHCP0010184,2024-01-06,REP0016,HCP001018,PRD001,1,9
CALLHCP0018660,2024-01-06,REP0028,HCP001866,PRD001,1,5
CALLHCP0018661,2024-03-09,REP0032,HCP001866,PRD001,1,25
CALLHCP0002370,2024-02-16,REP0003,HCP000237,PRD001,1,19
CALLHCP0002371,2024-02-06,REP0023,HCP000237,PRD001,1,27
CALLHCP0002372,2024-02-16,REP0012,HCP000237,PRD001,1,39
CALLHCP0017510,2024-02-12,REP0023,HCP001751,PRD001,1,37
CALLHCP0017511,2024-03-13,REP0009,HCP001751,PRD001,1,16
CALLHCP0017512,2024-03-18,REP0013,HCP001751,PRD001,1,26
CALLHCP0017513,2024-03-08,REP0038,HCP001751,PRD001,1,25
CALLHCP0017514,2024-02-27,REP0023,HCP001751,PRD001,1,13
CALLHCP0017515,2024-01-10,REP0018,HCP001751,PRD001,1,9
CALLHCP0017516,2024-02-11,REP0009,HCP001751,PRD001,1,14
CALLHCP0001670,2024-02-22,REP0005,HCP000167,PRD001,1,21
CALLHCP0001671,2024-02-13,REP0027,HCP000167,PRD001,1,37
CALLHCP0001672,2024-02-26,REP0032,HCP000167,PRD001,1,20
CALLHCP0001673,2024-02-10,REP0011,HCP000167,PRD001,1,27
CALLHCP0001674,2024-03-05,REP0021,HCP000167,PRD001,1,36
CALLHCP0001675,2024-03-14,REP0021,HCP000167,PRD001,1,18
CALLHCP0001676,2024-02-14,REP0036,HCP000167,PRD001,1,32
CALLHCP0008700,2024-02-23,REP0001,HCP000870,PRD001,1,24
CALLHCP0008701,2024-02-08,REP0011,HCP000870,PRD001,1,17
CALLHCP0008702,2024-01-14,REP0003,HCP000870,PRD001,1,33
CALLHCP0008703,2024-03-17,REP0012,HCP000870,PRD001,1,12
CALLHCP0008704,2024-03-14,REP0023,HCP000870,PRD001,1,37
CALLHCP0016760,2024-02-22,REP0012,HCP001676,PRD001,1,6
CALLHCP0016761,2024-01-06,REP0032,HCP001676,PRD001,1,30
CALLHCP0010560,2024-02-29,REP0014,HCP001056,PRD001,1,32
CALLHCP0010561,2024-03-20,REP0005,HCP001056,PRD001,1,17
CALLHCP0010562,2024-03-14,REP0029,HCP001056,PRD001,1,14
CALLHCP0014010,2024-02-28,REP0003,HCP001401,PRD001,1,32
CALLHCP0014011,2024-02-01,REP0016,HCP001401,PRD001,1,32
CALLHCP0014012,2024-02-13,REP0023,HCP001401,PRD001,1,38
CALLHCP0014013,2024-02-10,REP0033,HCP001401,PRD001,1,23
CALLHCP0014014,2024-03-22,REP0001,HCP001401,PRD001,1,19
CALLHCP0014015,2024-01-17,REP0013,HCP001401,PRD001,1,7
CALLHCP0009630,2024-02-15,REP0002,HCP000963,PRD001,1,35
CALLHCP0009631,2024-01-29,REP0015,HCP000963,PRD001,1,37
CALLHCP0001760,2024-03-12,REP0034,HCP000176,PRD001,1,26
CALLHCP0001761,2024-03-24,REP0035,HCP000176,PRD001,1,26
CALLHCP0008610,2024-01-19,REP0023,HCP000861,PRD001,1,39
CALLHCP0008611,2024-03-23,REP0017,HCP000861,PRD001,1,30
CALLHCP0008612,2024-02-19,REP0015,HCP000861,PRD001,1,18
CALLHCP0008613,2024-02-21,REP0037,HCP000861,PRD001,1,9
CALLHCP0015510,2024-03-13,REP0032,HCP001551,PRD001,1,21
CALLHCP0015511,2024-03-24,REP0017,HCP001551,PRD001,1,19
CALLHCP0015512,2024-01-25,REP0012,HCP001551,PRD001,1,13
CALLHCP0015513,2024-03-06,REP0037,HCP001551,PRD001,1,17
CALLHCP0002710,2024-01-24,REP0021,HCP000271,PRD001,1,22
CALLHCP0004070,2024-03-21,REP0000,HCP000407,PRD001,1,34
CALLHCP0003570,2024-02-12,REP0000,HCP000357,PRD001,1,20
CALLHCP0003571,2024-01-29,REP0019,HCP000357,PRD001,1,38
CALLHCP0003572,2024-01-09,REP0002,HCP000357,PRD001,1,16
CALLHCP0003573,2024-01-12,REP0017,HCP000357,PRD001,1,27
CALLHCP0007480,2024-03-06,REP0027,HCP000748,PRD001,1,16
CALLHCP0007481,2024-01-05,REP0002,HCP000748,PRD001,1,32
CALLHCP0007482,2024-03-20,REP0037,HCP000748,PRD001,1,25
CALLHCP0007483,2024-03-22,REP0004,HCP000748,PRD001,1,17
CALLHCP0007484,2024-02-25,REP0033,HCP000748,PRD001,1,25
CALLHCP0018080,2024-02-17,REP0025,HCP001808,PRD001,1,22
CALLHCP0018081,2024-02-19,REP0014,HCP001808,PRD001,1,32
CALLHCP0018082,2024-03-18,REP0038,HCP001808,PRD001,1,36
CALLHCP0018083,2024-01-25,REP0001,HCP001808,PRD001,1,24
CALLHCP0018084,2024-01-31,REP0007,HCP001808,PRD001,1,28
CALLHCP0018085,2024-02-17,REP0013,HCP001808,PRD001,1,26
CALLHCP0018086,2024-03-04,REP0003,HCP001808,PRD001,1,13
CALLHCP0006130,2024-03-21,REP0011,HCP000613,PRD001,1,32
CALLHCP0006131,2024-03-18,REP0023,HCP000613,PRD001,1,21
CALLHCP0006132,2024-03-03,REP0005,HCP000613,PRD001,1,29
CALLHCP0001680,2024-03-13,REP0005,HCP000168,PRD001,1,12
CALLHCP0001681,2024-03-04,REP0028,HCP000168,PRD001,1,22
CALLHCP0001682,2024-03-17,REP0004,HCP000168,PRD001,1,36
CALLHCP0001683,2024-01-06,REP0033,HCP000168,PRD001,1,12
CALLHCP0001684,2024-02-04,REP0005,HCP000168,PRD001,1,27
CALLHCP0001685,2024-03-05,REP0011,HCP000168,PRD001,1,26
CALLHCP0001686,2024-02-29,REP0002,HCP000168,PRD001,1,6
CALLHCP0006090,2024-02-29,REP0028,HCP000609,PRD001,1,38
CALLHCP0006091,2024-01-08,REP0022,HCP000609,PRD001,1,19
CALLHCP0006092,2024-02-02,REP0001,HCP000609,PRD001,1,17
CALLHCP0006093,2024-03-04,REP0036,HCP000609,PRD001,1,22
CALLHCP0008560,2024-02-25,REP0020,HCP000856,PRD001,1,28
CALLHCP0008561,2024-02-01,REP0001,HCP000856,PRD001,1,18
CALLHCP0008562,2024-02-05,REP0037,HCP000856,PRD001,1,9
CALLHCP0008563,2024-03-19,REP0010,HCP000856,PRD001,1,11
CALLHCP0008564,2024-01-23,REP0014,HCP000856,PRD001,1,19
CALLHCP0017310,2024-03-05,REP0010,HCP001731,PRD001,1,28
CALLHCP0017311,2024-01-26,REP0018,HCP001731,PRD001,1,37
CALLHCP0017312,2024-02-19,REP0031,HCP001731,PRD001,1,5
CALLHCP0002600,2024-01-15,REP0031,HCP000260,PRD001,1,19
CALLHCP0002601,2024-01-03,REP0014,HCP000260,PRD001,1,24
CALLHCP0002602,2024-02-01,REP0026,HCP000260,PRD001,1,37
CALLHCP0002603,2024-01-26,REP0002,HCP000260,PRD001,1,22
CALLHCP0002604,2024-01-24,REP0013,HCP000260,PRD001,1,16
CALLHCP0002605,2024-03-15,REP0014,HCP000260,PRD001,1,14
CALLHCP0001090,2024-01-12,REP0039,HCP000109,PRD001,1,24
CALLHCP0001091,2024-01-23,REP0019,HCP000109,PRD001,1,33
CALLHCP0001092,2024-01-02,REP0026,HCP000109,PRD001,1,31
CALLHCP0001093,2024-02-25,REP0032,HCP000109,PRD001,1,24
CALLHCP0019790,2024-01-06,REP0010,HCP001979,PRD001,1,18
CALLHCP0019791,2024-03-23,REP0024,HCP001979,PRD001,1,39
CALLHCP0019792,2024-03-08,REP0029,HCP001979,PRD001,1,19
CALLHCP0019793,2024-01-20,REP0036,HCP001979,PRD001,1,10
CALLHCP0019794,2024-02-20,REP0036,HCP001979,PRD001,1,12
CALLHCP0019795,2024-02-08,REP0001,HCP001979,PRD001,1,25
CALLHCP0019796,2024-01-29,REP0002,HCP001979,PRD001,1,16
CALLHCP0017010,2024-02-26,REP0017,HCP001701,PRD001,1,14
CALLHCP0017011,2024-03-20,REP0039,HCP001701,PRD001,1,27
CALLHCP0017012,2024-01-31,REP0014,HCP001701,PRD001,1,22
CALLHCP0017013,2024-02-11,REP0025,HCP001701,PRD001,1,12
CALLHCP0006810,2024-02-20,REP0028,HCP000681,PRD001,1,22
CALLHCP0006811,2024-02-01,REP0039,HCP000681,PRD001,1,37
CALLHCP0006812,2024-03-17,REP0030,HCP000681,PRD001,1,27
CALLHCP0006813,2024-03-09,REP0015,HCP000681,PRD001,1,27
CALLHCP0006814,2024-02-15,REP0018,HCP000681,PRD001,1,8
CALLHCP0006815,2024-03-16,REP0007,HCP000681,PRD001,1,5
CALLHCP0014060,2024-01-31,REP0024,HCP001406,PRD001,1,38
CALLHCP0014061,2024-01-20,REP0030,HCP001406,PRD001,1,12
CALLHCP0014062,2024-03-08,REP0032,HCP001406,PRD001,1,27
CALLHCP0002850,2024-03-03,REP0033,HCP000285,PRD001,1,34
CALLHCP0002851,2024-02-08,REP0009,HCP000285,PRD001,1,14
CALLHCP0002852,2024-02-28,REP0015,HCP000285,PRD001,1,37
CALLHCP0002853,2024-02-06,REP0016,HCP000285,PRD001,1,25
CALLHCP0002854,2024-01-04,REP0032,HCP000285,PRD001,1,38
CALLHCP0009830,2024-01-01,REP0010,HCP000983,PRD001,1,30
CALLHCP0009831,2024-01-19,REP0030,HCP000983,PRD001,1,32
CALLHCP0009832,2024-01-03,REP0036,HCP000983,PRD001,1,37
CALLHCP0009833,2024-01-05,REP0037,HCP000983,PRD001,1,31
CALLHCP0009834,2024-03-01,REP0029,HCP000983,PRD001,1,34
CALLHCP0009835,2024-01-17,REP0034,HCP000983,PRD001,1,22
CALLHCP0009836,2024-03-14,REP0009,HCP000983,PRD001,1,36
CALLHCP0005610,2024-01-08,REP0036,HCP000561,PRD001,1,33
CALLHCP0005611,2024-03-09,REP0011,HCP000561,PRD001,1,20
CALLHCP0009120,2024-03-19,REP0021,HCP000912,PRD001,1,5
CALLHCP0009121,2024-02-03,REP0023,HCP000912,PRD001,1,10
CALLHCP0009122,2024-03-08,REP0037,HCP000912,PRD001,1,17
CALLHCP0009123,2024-01-17,REP0017,HCP000912,PRD001,1,26
CALLHCP0009124,2024-03-19,REP0011,HCP000912,PRD001,1,24
CALLHCP0014920,2024-01-08,REP0020,HCP001492,PRD001,1,9
CALLHCP0014921,2024-01-04,REP0039,HCP001492,PRD001,1,5
CALLHCP0011430,2024-01-12,REP0031,HCP001143,PRD001,1,35
CALLHCP0011431,2024-02-08,REP0038,HCP001143,PRD001,1,30
CALLHCP0011432,2024-03-09,REP0013,HCP001143,PRD001,1,39
CALLHCP0011433,2024-02-21,REP0012,HCP001143,PRD001,1,28
CALLHCP0011434,2024-01-14,REP0007,HCP001143,PRD001,1,33
CALLHCP0016600,2024-01-20,REP0039,HCP001660,PRD001,1,7
CALLHCP0016601,2024-02-13,REP0004,HCP001660,PRD001,1,30
CALLHCP0016602,2024-01-14,REP0016,HCP001660,PRD001,1,19
CALLHCP0016603,2024-01-01,REP0030,HCP001660,PRD001,1,11
CALLHCP0016790,2024-01-04,REP0022,HCP001679,PRD001,1,24
CALLHCP0016791,2024-01-13,REP0033,HCP001679,PRD001,1,38
CALLHCP0016792,2024-01-14,REP0001,HCP001679,PRD001,1,34
CALLHCP0016793,2024-03-04,REP0006,HCP001679,PRD001,1,30
CALLHCP0002130,2024-01-17,REP0005,HCP000213,PRD001,1,30
CALLHCP0002131,2024-02-13,REP0015,HCP000213,PRD001,1,29
CALLHCP0002132,2024-03-07,REP0009,HCP000213,PRD001,1,17
CALLHCP0002133,2024-03-02,REP0029,HCP000213,PRD001,1,12
CALLHCP0002134,2024-03-10,REP0019,HCP000213,PRD001,1,23
CALLHCP0002135,2024-01-01,REP0007,HCP000213,PRD001,1,13
CALLHCP0002136,2024-03-09,REP0026,HCP000213,PRD001,1,38
CALLHCP0004010,2024-03-17,REP0013,HCP000401,PRD001,1,8
CALLHCP0004011,2024-03-12,REP0001,HCP000401,PRD001,1,13
CALLHCP0013950,2024-03-04,REP0037,HCP001395,PRD001,1,22
CALLHCP0013951,2024-02-19,REP0037,HCP001395,PRD001,1,9
CALLHCP0013480,2024-01-24,REP0036,HCP001348,PRD001,1,37
CALLHCP0013481,2024-02-29,REP0031,HCP001348,PRD001,1,10
CALLHCP0013482,2024-03-17,REP0009,HCP001348,PRD001,1,21
CALLHCP0013483,2024-02-01,REP0031,HCP001348,PRD001,1,32
CALLHCP0013484,2024-03-16,REP0024,HCP001348,PRD001,1,18
CALLHCP0013485,2024-03-24,REP0027,HCP001348,PRD001,1,34
CALLHCP0000790,2024-02-24,REP0009,HCP000079,PRD001,1,26
CALLHCP0000791,2024-01-24,REP0019,HCP000079,PRD001,1,37
CALLHCP0000792,2024-03-08,REP0037,HCP000079,PRD001,1,19
CALLHCP0000793,2024-03-03,REP0034,HCP000079,PRD001,1,34
CALLHCP0000794,2024-01-23,REP0031,HCP000079,PRD001,1,24
CALLHCP0000795,2024-03-11,REP0011,HCP000079,PRD001,1,28
CALLHCP0003420,2024-02-06,REP0012,HCP000342,PRD001,1,35
CALLHCP0003421,2024-03-09,REP0000,HCP000342,PRD001,1,31
CALLHCP0003422,2024-01-15,REP0021,HCP000342,PRD001,1,15
CALLHCP0003423,2024-02-01,REP0000,HCP000342,PRD001,1,8
CALLHCP0003424,2024-03-01,REP0003,HCP000342,PRD001,1,6
CALLHCP0003425,2024-01-20,REP0037,HCP000342,PRD001,1,34
CALLHCP0003426,2024-03-24,REP0002,HCP000342,PRD001,1,16
CALLHCP0012660,2024-03-14,REP0037,HCP001266,PRD001,1,9
CALLHCP0012661,2024-03-18,REP0001,HCP001266,PRD001,1,35
CALLHCP0012662,2024-01-24,REP0036,HCP001266,PRD001,1,32
CALLHCP0012663,2024-02-26,REP0036,HCP001266,PRD001,1,25
CALLHCP0012664,2024-02-17,REP0030,HCP001266,PRD001,1,14
CALLHCP0011600,2024-01-25,REP0020,HCP001160,PRD001,1,20
CALLHCP0011601,2024-02-11,REP0023,HCP001160,PRD001,1,29
CALLHCP0011602,2024-01-05,REP0011,HCP001160,PRD001,1,28
CALLHCP0011603,2024-01-27,REP0031,HCP001160,PRD001,1,13
CALLHCP0011604,2024-01-09,REP0015,HCP001160,PRD001,1,30
CALLHCP0015130,2024-01-24,REP0004,HCP001513,PRD001,1,6
CALLHCP0015131,2024-02-08,REP0013,HCP001513,PRD001,1,17
CALLHCP0015132,2024-03-12,REP0021,HCP001513,PRD001,1,17
CALLHCP0015133,2024-02-06,REP0018,HCP001513,PRD001,1,35
CALLHCP0015134,2024-03-03,REP0015,HCP001513,PRD001,1,27
CALLHCP0015135,2024-02-12,REP0027,HCP001513,PRD001,1,33
CALLHCP0017590,2024-03-16,REP0023,HCP001759,PRD001,1,37
CALLHCP0017591,2024-02-02,REP0027,HCP001759,PRD001,1,10
CALLHCP0003150,2024-01-30,REP0012,HCP000315,PRD001,1,13
CALLHCP0003151,2024-03-14,REP0016,HCP000315,PRD001,1,11
CALLHCP0003152,2024-02-10,REP0009,HCP000315,PRD001,1,7
CALLHCP0003153,2024-02-08,REP0000,HCP000315,PRD001,1,34
CALLHCP0003154,2024-03-03,REP0003,HCP000315,PRD001,1,8
CALLHCP0003155,2024-03-06,REP0032,HCP000315,PRD001,1,26
CALLHCP0011850,2024-01-04,REP0038,HCP001185,PRD001,1,25
CALLHCP0011851,2024-01-08,REP0012,HCP001185,PRD001,1,16
CALLHCP0005860,2024-03-02,REP0035,HCP000586,PRD001,1,34
CALLHCP0005861,2024-02-05,REP0005,HCP000586,PRD001,1,27
CALLHCP0012870,2024-03-06,REP0004,HCP001287,PRD001,1,18
CALLHCP0012871,2024-01-07,REP0034,HCP001287,PRD001,1,23
CALLHCP0012872,2024-02-01,REP0028,HCP001287,PRD001,1,29
CALLHCP0012873,2024-03-10,REP0030,HCP001287,PRD001,1,32
CALLHCP0011380,2024-01-31,REP0019,HCP001138,PRD001,1,36
CALLHCP0011381,2024-02-11,REP0037,HCP001138,PRD001,1,15
CALLHCP0005010,2024-01-04,REP0034,HCP000501,PRD001,1,34
CALLHCP0005011,2024-01-11,REP0015,HCP000501,PRD001,1,37
CALLHCP0018640,2024-01-27,REP0012,HCP001864,PRD001,1,37
CALLHCP0018641,2024-01-19,REP0030,HCP001864,PRD001,1,14
CALLHCP0018642,2024-01-11,REP0011,HCP001864,PRD001,1,24
CALLHCP0018643,2024-03-12,REP0018,HCP001864,PRD001,1,22
CALLHCP0018644,2024-02-03,REP0015,HCP001864,PRD001,1,26
CALLHCP0018645,2024-03-14,REP0035,HCP001864,PRD001,1,26
CALLHCP0003940,2024-01-13,REP0027,HCP000394,PRD001,1,5
CALLHCP0003941,2024-03-19,REP0013,HCP000394,PRD001,1,32
CALLHCP0003942,2024-02-04,REP0012,HCP000394,PRD001,1,37
CALLHCP0003943,2024-03-18,REP0024,HCP000394,PRD001,1,38
CALLHCP0019260,2024-01-17,REP0022,HCP001926,PRD001,1,37
CALLHCP0019261,2024-01-05,REP0018,HCP001926,PRD001,1,15
CALLHCP0019262,2024-03-18,REP0039,HCP001926,PRD001,1,12
CALLHCP0019263,2024-03-20,REP0032,HCP001926,PRD001,1,9
CALLHCP0013660,2024-02-12,REP0017,HCP001366,PRD001,1,5
CALLHCP0013661,2024-02-24,REP0018,HCP001366,PRD001,1,26
CALLHCP0010360,2024-02-22,REP0002,HCP001036,PRD001,1,19
CALLHCP0010361,2024-02-25,REP0019,HCP001036,PRD001,1,30
CALLHCP0010362,2024-03-17,REP0024,HCP001036,PRD001,1,33
CALLHCP0010363,2024-01-16,REP0000,HCP001036,PRD001,1,23
CALLHCP0010364,2024-01-06,REP0009,HCP001036,PRD001,1,25
CALLHCP0010365,2024-03-06,REP0028,HCP001036,PRD001,1,8
CALLHCP0010366,2024-01-15,REP0021,HCP001036,PRD001,1,33
CALLHCP0018400,2024-01-30,REP0019,HCP001840,PRD001,1,15
CALLHCP0018401,2024-02-29,REP0006,HCP001840,PRD001,1,27
CALLHCP0018402,2024-01-15,REP0028,HCP001840,PRD001,1,22
CALLHCP0018403,2024-03-06,REP0013,HCP001840,PRD001,1,37
CALLHCP0018404,2024-02-27,REP0004,HCP001840,PRD001,1,14
CALLHCP0018405,2024-02-21,REP0033,HCP001840,PRD001,1,6
CALLHCP0008300,2024-01-23,REP0012,HCP000830,PRD001,1,19
CALLHCP0008301,2024-02-22,REP0012,HCP000830,PRD001,1,24
CALLHCP0008302,2024-03-18,REP0019,HCP000830,PRD001,1,27
CALLHCP0008303,2024-02-27,REP0000,HCP000830,PRD001,1,38
CALLHCP0008304,2024-01-14,REP0005,HCP000830,PRD001,1,17
CALLHCP0008305,2024-03-05,REP0019,HCP000830,PRD001,1,37
CALLHCP0008306,2024-03-18,REP0038,HCP000830,PRD001,1,36
CALLHCP0001180,2024-02-29,REP0026,HCP000118,PRD001,1,6
CALLHCP0001181,2024-03-04,REP0017,HCP000118,PRD001,1,32
CALLHCP0001182,2024-01-05,REP0002,HCP000118,PRD001,1,5
CALLHCP0001183,2024-01-16,REP0007,HCP000118,PRD001,1,5
CALLHCP0001184,2024-01-17,REP0027,HCP000118,PRD001,1,10
CALLHCP0012740,2024-03-04,REP0018,HCP001274,PRD001,1,14
CALLHCP0012741,2024-01-30,REP0028,HCP001274,PRD001,1,17
CALLHCP0012742,2024-02-25,REP0020,HCP001274,PRD001,1,31
CALLHCP0002860,2024-03-14,REP0012,HCP000286,PRD001,1,28
CALLHCP0002861,2024-01-28,REP0014,HCP000286,PRD001,1,27
CALLHCP0009820,2024-02-25,REP0038,HCP000982,PRD001,1,31
CALLHCP0009821,2024-01-26,REP0012,HCP000982,PRD001,1,13
CALLHCP0009822,2024-01-10,REP0038,HCP000982,PRD001,1,14
CALLHCP0017300,2024-03-07,REP0015,HCP001730,PRD001,1,20
CALLHCP0017301,2024-01-18,REP0016,HCP001730,PRD001,1,17
CALLHCP0017302,2024-01-05,REP0013,HCP001730,PRD001,1,10
CALLHCP0000640,2024-01-15,REP0037,HCP000064,PRD001,1,34
CALLHCP0000641,2024-01-08,REP0023,HCP000064,PRD001,1,8
CALLHCP0014160,2024-02-18,REP0026,HCP001416,PRD001,1,21
CALLHCP0014161,2024-01-26,REP0036,HCP001416,PRD001,1,22
CALLHCP0014162,2024-02-01,REP0029,HCP001416,PRD001,1,24
CALLHCP0014163,2024-01-04,REP0038,HCP001416,PRD001,1,18
CALLHCP0014164,2024-02-27,REP0029,HCP001416,PRD001,1,32
CALLHCP0014165,2024-03-21,REP0002,HCP001416,PRD001,1,14
CALLHCP0014166,2024-01-13,REP0020,HCP001416,PRD001,1,11
CALLHCP0006740,2024-03-23,REP0029,HCP000674,PRD001,1,28
CALLHCP0006741,2024-02-22,REP0036,HCP000674,PRD001,1,14
CALLHCP0006742,2024-02-10,REP0017,HCP000674,PRD001,1,15
CALLHCP0006743,2024-02-14,REP0018,HCP000674,PRD001,1,7
CALLHCP0006744,2024-02-03,REP0030,HCP000674,PRD001,1,16
CALLHCP0008980,2024-02-13,REP0038,HCP000898,PRD001,1,26
CALLHCP0008981,2024-02-17,REP0006,HCP000898,PRD001,1,38
CALLHCP0008982,2024-02-19,REP0036,HCP000898,PRD001,1,20
CALLHCP0008983,2024-01-25,REP0007,HCP000898,PRD001,1,27
CALLHCP0008984,2024-03-13,REP0037,HCP000898,PRD001,1,17
CALLHCP0009800,2024-01-28,REP0010,HCP000980,PRD001,1,36
CALLHCP0009801,2024-02-10,REP0001,HCP000980,PRD001,1,30
CALLHCP0009802,2024-01-16,REP0018,HCP000980,PRD001,1,23
CALLHCP0009803,2024-02-04,REP0012,HCP000980,PRD001,1,6
CALLHCP0009804,2024-03-09,REP0006,HCP000980,PRD001,1,25
CALLHCP0009805,2024-03-10,REP0029,HCP000980,PRD001,1,33
CALLHCP0009806,2024-03-03,REP0036,HCP000980,PRD001,1,26
CALLHCP0006300,2024-01-05,REP0028,HCP000630,PRD001,1,12
CALLHCP0006301,2024-01-14,REP0035,HCP000630,PRD001,1,25
CALLHCP0006302,2024-01-07,REP0018,HCP000630,PRD001,1,13
CALLHCP0006303,2024-03-01,REP0000,HCP000630,PRD001,1,20
CALLHCP0006304,2024-02-14,REP0025,HCP000630,PRD001,1,17
CALLHCP0006305,2024-03-18,REP0024,HCP000630,PRD001,1,7
CALLHCP0000740,2024-03-19,REP0029,HCP000074,PRD001,1,11
CALLHCP0000741,2024-03-11,REP0021,HCP000074,PRD001,1,16
CALLHCP0000742,2024-01-19,REP0038,HCP000074,PRD001,1,25
CALLHCP0000743,2024-03-01,REP0013,HCP000074,PRD001,1,11
CALLHCP0000700,2024-03-19,REP0004,HCP000070,PRD001,1,30
CALLHCP0000701,2024-02-21,REP0006,HCP000070,PRD001,1,29
CALLHCP0000702,2024-03-24,REP0023,HCP000070,PRD001,1,16
CALLHCP0005780,2024-03-19,REP0015,HCP000578,PRD001,1,34
CALLHCP0005781,2024-02-07,REP0035,HCP000578,PRD001,1,38
CALLHCP0005782,2024-02-06,REP0024,HCP000578,PRD001,1,35
CALLHCP0012110,2024-01-06,REP0039,HCP001211,PRD001,1,8
CALLHCP0014330,2024-01-08,REP0001,HCP001433,PRD001,1,5
CALLHCP0014331,2024-02-09,REP0022,HCP001433,PRD001,1,18
CALLHCP0014332,2024-01-26,REP0001,HCP001433,PRD001,1,16
CALLHCP0014333,2024-03-22,REP0011,HCP001433,PRD001,1,35
CALLHCP0014334,2024-02-08,REP0016,HCP001433,PRD001,1,8
CALLHCP0005020,2024-01-21,REP0010,HCP000502,PRD001,1,21
CALLHCP0008950,2024-02-27,REP0016,HCP000895,PRD001,1,37
CALLHCP0008951,2024-02-08,REP0030,HCP000895,PRD001,1,20
CALLHCP0008952,2024-01-06,REP0023,HCP000895,PRD001,1,24
CALLHCP0008953,2024-01-03,REP0033,HCP000895,PRD001,1,6
CALLHCP0017610,2024-03-06,REP0001,HCP001761,PRD001,1,12
CALLHCP0017611,2024-03-03,REP0028,HCP001761,PRD001,1,7
CALLHCP0017612,2024-03-23,REP0036,HCP001761,PRD001,1,35
CALLHCP0017613,2024-01-07,REP0000,HCP001761,PRD001,1,22
CALLHCP0017614,2024-03-19,REP0013,HCP001761,PRD001,1,28
CALLHCP0017615,2024-03-01,REP0032,HCP001761,PRD001,1,25
CALLHCP0012840,2024-01-14,REP0026,HCP001284,PRD001,1,16
CALLHCP0012841,2024-03-22,REP0020,HCP001284,PRD001,1,16
CALLHCP0012842,2024-02-23,REP0018,HCP001284,PRD001,1,5
CALLHCP0012843,2024-03-05,REP0028,HCP001284,PRD001,1,10
CALLHCP0012844,2024-02-02,REP0022,HCP001284,PRD001,1,34
CALLHCP0012845,2024-03-22,REP0035,HCP001284,PRD001,1,16
CALLHCP0012846,2024-03-04,REP0005,HCP001284,PRD001,1,18
CALLHCP0013010,2024-01-23,REP0023,HCP001301,PRD001,1,36
CALLHCP0013011,2024-01-22,REP0007,HCP001301,PRD001,1,33
CALLHCP0013012,2024-03-21,REP0010,HCP001301,PRD001,1,32
CALLHCP0013013,2024-01-23,REP0003,HCP001301,PRD001,1,14
CALLHCP0013014,2024-02-22,REP0031,HCP001301,PRD001,1,23
CALLHCP0013015,2024-01-23,REP0024,HCP001301,PRD001,1,21
CALLHCP0010970,2024-02-18,REP0021,HCP001097,PRD001,1,34
CALLHCP0010971,2024-02-12,REP0039,HCP001097,PRD001,1,22
CALLHCP0010972,2024-03-11,REP0021,HCP001097,PRD001,1,5
CALLHCP0010973,2024-02-16,REP0025,HCP001097,PRD001,1,34
CALLHCP0010974,2024-01-20,REP0015,HCP001097,PRD001,1,36
CALLHCP0004760,2024-01-25,REP0013,HCP000476,PRD001,1,24
CALLHCP0004990,2024-03-09,REP0025,HCP000499,PRD001,1,9
CALLHCP0004991,2024-01-05,REP0006,HCP000499,PRD001,1,32
CALLHCP0004992,2024-03-18,REP0001,HCP000499,PRD001,1,34
CALLHCP0004993,2024-01-08,REP0016,HCP000499,PRD001,1,15
CALLHCP0004994,2024-01-19,REP0004,HCP000499,PRD001,1,16
CALLHCP0007430,2024-01-31,REP0015,HCP000743,PRD001,1,5
CALLHCP0007431,2024-03-14,REP0039,HCP000743,PRD001,1,29
CALLHCP0016250,2024-03-03,REP0018,HCP001625,PRD001,1,22
CALLHCP0013990,2024-03-15,REP0024,HCP001399,PRD001,1,14
CALLHCP0013991,2024-01-02,REP0019,HCP001399,PRD001,1,33
CALLHCP0013992,2024-03-07,REP0020,HCP001399,PRD001,1,23
CALLHCP0013993,2024-02-03,REP0023,HCP001399,PRD001,1,27
CALLHCP0017090,2024-03-19,REP0026,HCP001709,PRD001,1,19
CALLHCP0017091,2024-02-10,REP0016,HCP001709,PRD001,1,11
CALLHCP0017780,2024-01-01,REP0004,HCP001778,PRD001,1,9
CALLHCP0017781,2024-02-15,REP0014,HCP001778,PRD001,1,14
CALLHCP0017782,2024-02-14,REP0012,HCP001778,PRD001,1,17
CALLHCP0017783,2024-03-01,REP0023,HCP001778,PRD001,1,30
CALLHCP0017784,2024-02-05,REP0000,HCP001778,PRD001,1,35
CALLHCP0017785,2024-02-09,REP0037,HCP001778,PRD001,1,18
CALLHCP0016230,2024-03-13,REP0027,HCP001623,PRD001,1,22
CALLHCP0016231,2024-02-27,REP0022,HCP001623,PRD001,1,36
CALLHCP0016232,2024-03-19,REP0018,HCP001623,PRD001,1,8
CALLHCP0016233,2024-01-06,REP0012,HCP001623,PRD001,1,16
CALLHCP0000460,2024-01-03,REP0019,HCP000046,PRD001,1,28
CALLHCP0000461,2024-03-19,REP0035,HCP000046,PRD001,1,22
CALLHCP0000462,2024-03-22,REP0005,HCP000046,PRD001,1,39
CALLHCP0000463,2024-02-26,REP0018,HCP000046,PRD001,1,33
CALLHCP0015700,2024-01-11,REP0003,HCP001570,PRD001,1,8
CALLHCP0015701,2024-01-30,REP0009,HCP001570,PRD001,1,19
CALLHCP0015702,2024-02-09,REP0007,HCP001570,PRD001,1,28
CALLHCP0015703,2024-02-18,REP0017,HCP001570,PRD001,1,21
CALLHCP0011400,2024-01-10,REP0016,HCP001140,PRD001,1,30
CALLHCP0011401,2024-01-09,REP0026,HCP001140,PRD001,1,11
CALLHCP0011402,2024-03-21,REP0028,HCP001140,PRD001,1,24
CALLHCP0011403,2024-02-23,REP0029,HCP001140,PRD001,1,22
CALLHCP0011404,2024-02-24,REP0015,HCP001140,PRD001,1,14
CALLHCP0002970,2024-01-09,REP0026,HCP000297,PRD001,1,18
CALLHCP0001590,2024-02-25,REP0001,HCP000159,PRD001,1,15
CALLHCP0001591,2024-03-16,REP0018,HCP000159,PRD001,1,33
CALLHCP0001592,2024-03-12,REP0028,HCP000159,PRD001,1,22
CALLHCP0001593,2024-01-18,REP0000,HCP000159,PRD001,1,23
CALLHCP0001000,2024-03-03,REP0016,HCP000100,PRD001,1,15
CALLHCP0008220,2024-02-06,REP0030,HCP000822,PRD001,1,5
CALLHCP0008221,2024-03-22,REP0039,HCP000822,PRD001,1,10
CALLHCP0008222,2024-01-29,REP0035,HCP000822,PRD001,1,36
CALLHCP0008223,2024-02-25,REP0021,HCP000822,PRD001,1,7
CALLHCP0008224,2024-01-29,REP0027,HCP000822,PRD001,1,5
CALLHCP0008225,2024-03-07,REP0036,HCP000822,PRD001,1,19
CALLHCP0016850,2024-01-01,REP0012,HCP001685,PRD001,1,8
CALLHCP0016851,2024-03-21,REP0037,HCP001685,PRD001,1,9
CALLHCP0013920,2024-03-03,REP0013,HCP001392,PRD001,1,17
CALLHCP0013921,2024-01-01,REP0027,HCP001392,PRD001,1,21
CALLHCP0013922,2024-01-06,REP0026,HCP001392,PRD001,1,13
CALLHCP0013923,2024-02-06,REP0029,HCP001392,PRD001,1,25
CALLHCP0013924,2024-02-07,REP0015,HCP001392,PRD001,1,36
CALLHCP0013925,2024-02-21,REP0026,HCP001392,PRD001,1,22
CALLHCP0013926,2024-03-11,REP0021,HCP001392,PRD001,1,27
CALLHCP0004890,2024-03-13,REP0024,HCP000489,PRD001,1,18
CALLHCP0004891,2024-03-11,REP0009,HCP000489,PRD001,1,9
CALLHCP0004892,2024-03-13,REP0033,HCP000489,PRD001,1,24
CALLHCP0004893,2024-01-30,REP0010,HCP000489,PRD001,1,7
CALLHCP0004894,2024-02-29,REP0038,HCP000489,PRD001,1,10
CALLHCP0014290,2024-02-26,REP0024,HCP001429,PRD001,1,34
CALLHCP0014291,2024-02-25,REP0033,HCP001429,PRD001,1,37
CALLHCP0014292,2024-01-23,REP0028,HCP001429,PRD001,1,11
CALLHCP0014293,2024-02-03,REP0032,HCP001429,PRD001,1,20
CALLHCP0014294,2024-01-03,REP0024,HCP001429,PRD001,1,25
CALLHCP0012690,2024-03-09,REP0027,HCP001269,PRD001,1,26
CALLHCP0012691,2024-01-10,REP0001,HCP001269,PRD001,1,33
CALLHCP0012692,2024-01-24,REP0020,HCP001269,PRD001,1,19
CALLHCP0012693,2024-01-21,REP0013,HCP001269,PRD001,1,28
CALLHCP0012694,2024-03-05,REP0014,HCP001269,PRD001,1,26
CALLHCP0012695,2024-01-30,REP0037,HCP001269,PRD001,1,14
CALLHCP0012696,2024-01-27,REP0022,HCP001269,PRD001,1,10
CALLHCP0013800,2024-01-27,REP0021,HCP001380,PRD001,1,11
CALLHCP0013801,2024-01-05,REP0025,HCP001380,PRD001,1,18
CALLHCP0013802,2024-03-11,REP0012,HCP001380,PRD001,1,13
CALLHCP0013803,2024-03-11,REP0038,HCP001380,PRD001,1,19
CALLHCP0013804,2024-01-20,REP0016,HCP001380,PRD001,1,8
CALLHCP0013805,2024-03-18,REP0000,HCP001380,PRD001,1,26
CALLHCP0010100,2024-02-22,REP0031,HCP001010,PRD001,1,5
CALLHCP0010101,2024-01-02,REP0007,HCP001010,PRD001,1,38
CALLHCP0010102,2024-03-24,REP0025,HCP001010,PRD001,1,26
CALLHCP0014780,2024-02-28,REP0006,HCP001478,PRD001,1,12
CALLHCP0014781,2024-01-06,REP0031,HCP001478,PRD001,1,38
CALLHCP0014782,2024-03-21,REP0034,HCP001478,PRD001,1,10
CALLHCP0014783,2024-02-14,REP0030,HCP001478,PRD001,1,33
CALLHCP0014784,2024-02-08,REP0019,HCP001478,PRD001,1,34
CALLHCP0014785,2024-01-19,REP0037,HCP001478,PRD001,1,38
CALLHCP0014786,2024-03-06,REP0004,HCP001478,PRD001,1,13
CALLHCP0009680,2024-03-17,REP0013,HCP000968,PRD001,1,17
CALLHCP0009681,2024-02-08,REP0004,HCP000968,PRD001,1,15
CALLHCP0009682,2024-03-01,REP0031,HCP000968,PRD001,1,14
CALLHCP0009683,2024-03-04,REP0004,HCP000968,PRD001,1,26
CALLHCP0011800,2024-03-13,REP0039,HCP001180,PRD001,1,25
CALLHCP0011801,2024-01-13,REP0009,HCP001180,PRD001,1,11
CALLHCP0011802,2024-01-31,REP0018,HCP001180,PRD001,1,12
CALLHCP0014310,2024-02-05,REP0023,HCP001431,PRD001,1,10
CALLHCP0014311,2024-02-21,REP0039,HCP001431,PRD001,1,39
CALLHCP0014312,2024-01-03,REP0010,HCP001431,PRD001,1,10
CALLHCP0014313,2024-01-17,REP0038,HCP001431,PRD001,1,10
CALLHCP0014314,2024-01-25,REP0025,HCP001431,PRD001,1,14
CALLHCP0014315,2024-02-12,REP0010,HCP001431,PRD001,1,37
CALLHCP0014316,2024-01-02,REP0011,HCP001431,PRD001,1,17
CALLHCP0007740,2024-01-11,REP0038,HCP000774,PRD001,1,22
CALLHCP0003970,2024-03-01,REP0005,HCP000397,PRD001,1,26
CALLHCP0003971,2024-01-13,REP0033,HCP000397,PRD001,1,14
CALLHCP0003972,2024-02-09,REP0021,HCP000397,PRD001,1,9
CALLHCP0014970,2024-03-17,REP0039,HCP001497,PRD001,1,28
CALLHCP0014971,2024-01-30,REP0023,HCP001497,PRD001,1,34
CALLHCP0014972,2024-01-15,REP0028,HCP001497,PRD001,1,30
CALLHCP0014973,2024-03-19,REP0000,HCP001497,PRD001,1,20
CALLHCP0014974,2024-03-05,REP0028,HCP001497,PRD001,1,16
CALLHCP0014975,2024-02-05,REP0028,HCP001497,PRD001,1,38
CALLHCP0012310,2024-01-27,REP0035,HCP001231,PRD001,1,25
CALLHCP0012311,2024-02-11,REP0016,HCP001231,PRD001,1,31
CALLHCP0012312,2024-01-06,REP0016,HCP001231,PRD001,1,39
CALLHCP0012313,2024-01-09,REP0037,HCP001231,PRD001,1,14
CALLHCP0012314,2024-01-08,REP0002,HCP001231,PRD001,1,36
CALLHCP0012315,2024-02-16,REP0015,HCP001231,PRD001,1,39
CALLHCP0012316,2024-01-06,REP0002,HCP001231,PRD001,1,20
CALLHCP0003770,2024-02-21,REP0002,HCP000377,PRD001,1,25
CALLHCP0013420,2024-03-21,REP0005,HCP001342,PRD001,1,33
CALLHCP0013421,2024-03-10,REP0007,HCP001342,PRD001,1,35
CALLHCP0013422,2024-02-15,REP0015,HCP001342,PRD001,1,13
CALLHCP0011150,2024-01-29,REP0029,HCP001115,PRD001,1,12
CALLHCP0011151,2024-01-17,REP0012,HCP001115,PRD001,1,14
CALLHCP0011152,2024-03-18,REP0003,HCP001115,PRD001,1,9
CALLHCP0011153,2024-03-07,REP0037,HCP001115,PRD001,1,34
CALLHCP0011154,2024-01-05,REP0005,HCP001115,PRD001,1,36
CALLHCP0003580,2024-01-03,REP0004,HCP000358,PRD001,1,38
CALLHCP0003581,2024-01-22,REP0022,HCP000358,PRD001,1,5
CALLHCP0003582,2024-01-24,REP0027,HCP000358,PRD001,1,19
CALLHCP0003583,2024-01-14,REP0007,HCP000358,PRD001,1,17
CALLHCP0003584,2024-02-05,REP0029,HCP000358,PRD001,1,22
CALLHCP0003585,2024-01-05,REP0038,HCP000358,PRD001,1,17
CALLHCP0014370,2024-01-29,REP0012,HCP001437,PRD001,1,30
CALLHCP0014371,2024-02-18,REP0034,HCP001437,PRD001,1,12
CALLHCP0009970,2024-03-01,REP0001,HCP000997,PRD001,1,35
CALLHCP0009971,2024-03-11,REP0024,HCP000997,PRD001,1,20
CALLHCP0009972,2024-01-13,REP0019,HCP000997,PRD001,1,39
CALLHCP0009973,2024-03-03,REP0018,HCP000997,PRD001,1,23
CALLHCP0005960,2024-03-16,REP0036,HCP000596,PRD001,1,16
CALLHCP0005961,2024-01-13,REP0035,HCP000596,PRD001,1,14
CALLHCP0013750,2024-01-16,REP0030,HCP001375,PRD001,1,24
CALLHCP0013751,2024-03-14,REP0009,HCP001375,PRD001,1,23
CALLHCP0013110,2024-01-10,REP0014,HCP001311,PRD001,1,18
CALLHCP0013111,2024-03-17,REP0009,HCP001311,PRD001,1,32
CALLHCP0013112,2024-02-22,REP0029,HCP001311,PRD001,1,27
CALLHCP0013113,2024-02-19,REP0031,HCP001311,PRD001,1,9
CALLHCP0013114,2024-02-27,REP0033,HCP001311,PRD001,1,12
CALLHCP0013115,2024-03-23,REP0024,HCP001311,PRD001,1,28
CALLHCP0013116,2024-03-14,REP0021,HCP001311,PRD001,1,25
CALLHCP0011810,2024-02-01,REP0023,HCP001181,PRD001,1,16
CALLHCP0011811,2024-02-23,REP0027,HCP001181,PRD001,1,17
CALLHCP0011812,2024-02-21,REP0006,HCP001181,PRD001,1,7
CALLHCP0011813,2024-01-31,REP0009,HCP001181,PRD001,1,35
CALLHCP0011814,2024-02-23,REP0015,HCP001181,PRD001,1,21
CALLHCP0000140,2024-03-19,REP0020,HCP000014,PRD001,1,8
CALLHCP0000141,2024-01-22,REP0002,HCP000014,PRD001,1,15
CALLHCP0000142,2024-02-01,REP0023,HCP000014,PRD001,1,7
CALLHCP0000143,2024-02-18,REP0019,HCP000014,PRD001,1,12
CALLHCP0016280,2024-02-25,REP0004,HCP001628,PRD001,1,22
CALLHCP0016281,2024-03-22,REP0013,HCP001628,PRD001,1,6
CALLHCP0007600,2024-03-08,REP0036,HCP000760,PRD001,1,11
CALLHCP0007601,2024-03-23,REP0010,HCP000760,PRD001,1,36
CALLHCP0007602,2024-03-07,REP0027,HCP000760,PRD001,1,24
CALLHCP0007603,2024-01-18,REP0011,HCP000760,PRD001,1,15
CALLHCP0009380,2024-02-28,REP0021,HCP000938,PRD001,1,35
CALLHCP0009381,2024-02-29,REP0022,HCP000938,PRD001,1,8
CALLHCP0009382,2024-02-22,REP0012,HCP000938,PRD001,1,35
CALLHCP0009383,2024-03-11,REP0023,HCP000938,PRD001,1,14
CALLHCP0009384,2024-01-04,REP0036,HCP000938,PRD001,1,9
CALLHCP0015910,2024-01-18,REP0020,HCP001591,PRD001,1,25
CALLHCP0015911,2024-01-21,REP0019,HCP001591,PRD001,1,20
CALLHCP0015912,2024-03-20,REP0025,HCP001591,PRD001,1,12
CALLHCP0015913,2024-02-14,REP0037,HCP001591,PRD001,1,9
CALLHCP0015914,2024-02-25,REP0029,HCP001591,PRD001,1,37
CALLHCP0015915,2024-01-21,REP0030,HCP001591,PRD001,1,18
CALLHCP0006860,2024-03-12,REP0019,HCP000686,PRD001,1,39
CALLHCP0006861,2024-01-19,REP0014,HCP000686,PRD001,1,37
CALLHCP0006862,2024-01-05,REP0039,HCP000686,PRD001,1,36
CALLHCP0006863,2024-02-03,REP0016,HCP000686,PRD001,1,32
CALLHCP0006864,2024-03-07,REP0033,HCP000686,PRD001,1,30
CALLHCP0006865,2024-02-23,REP0028,HCP000686,PRD001,1,24
CALLHCP0006866,2024-03-04,REP0013,HCP000686,PRD001,1,27
CALLHCP0012910,2024-03-03,REP0012,HCP001291,PRD001,1,14
CALLHCP0012911,2024-01-05,REP0011,HCP001291,PRD001,1,5
CALLHCP0012912,2024-01-13,REP0016,HCP001291,PRD001,1,31
CALLHCP0012913,2024-02-11,REP0002,HCP001291,PRD001,1,9
CALLHCP0012914,2024-01-22,REP0019,HCP001291,PRD001,1,39
CALLHCP0010520,2024-03-10,REP0012,HCP001052,PRD001,1,8
CALLHCP0010521,2024-03-11,REP0014,HCP001052,PRD001,1,23
CALLHCP0010522,2024-01-28,REP0035,HCP001052,PRD001,1,33
CALLHCP0008750,2024-02-08,REP0038,HCP000875,PRD001,1,23
CALLHCP0017930,2024-02-11,REP0037,HCP001793,PRD001,1,7
CALLHCP0017931,2024-02-15,REP0017,HCP001793,PRD001,1,15
CALLHCP0017932,2024-01-27,REP0028,HCP001793,PRD001,1,33
CALLHCP0017933,2024-01-12,REP0030,HCP001793,PRD001,1,20
CALLHCP0006830,2024-03-16,REP0021,HCP000683,PRD001,1,10
CALLHCP0006831,2024-02-14,REP0018,HCP000683,PRD001,1,31
CALLHCP0006832,2024-02-26,REP0010,HCP000683,PRD001,1,38
CALLHCP0006833,2024-01-05,REP0039,HCP000683,PRD001,1,8
CALLHCP0006834,2024-03-23,REP0001,HCP000683,PRD001,1,18
CALLHCP0006835,2024-01-02,REP0026,HCP000683,PRD001,1,39
CALLHCP0013600,2024-02-26,REP0030,HCP001360,PRD001,1,11
CALLHCP0013601,2024-03-20,REP0039,HCP001360,PRD001,1,14
CALLHCP0013602,2024-01-07,REP0017,HCP001360,PRD001,1,21
CALLHCP0013603,2024-01-30,REP0028,HCP001360,PRD001,1,18
CALLHCP0013604,2024-03-16,REP0022,HCP001360,PRD001,1,34
CALLHCP0013605,2024-01-26,REP0029,HCP001360,PRD001,1,28
CALLHCP0001830,2024-03-16,REP0031,HCP000183,PRD001,1,20
CALLHCP0001831,2024-03-09,REP0014,HCP000183,PRD001,1,29
CALLHCP0012530,2024-02-14,REP0035,HCP001253,PRD001,1,12
CALLHCP0014990,2024-03-02,REP0002,HCP001499,PRD001,1,12
CALLHCP0014710,2024-02-20,REP0039,HCP001471,PRD001,1,39
CALLHCP0014711,2024-02-29,REP0016,HCP001471,PRD001,1,34
CALLHCP0014712,2024-01-31,REP0022,HCP001471,PRD001,1,25
CALLHCP0014713,2024-02-24,REP0002,HCP001471,PRD001,1,18
CALLHCP0014714,2024-01-15,REP0014,HCP001471,PRD001,1,34
CALLHCP0014715,2024-02-24,REP0013,HCP001471,PRD001,1,24
CALLHCP0014716,2024-01-01,REP0013,HCP001471,PRD001,1,35
CALLHCP0007110,2024-02-26,REP0003,HCP000711,PRD001,1,32
CALLHCP0007111,2024-02-18,REP0003,HCP000711,PRD001,1,16
CALLHCP0007112,2024-03-06,REP0028,HCP000711,PRD001,1,32
CALLHCP0007113,2024-02-16,REP0007,HCP000711,PRD001,1,25
CALLHCP0003920,2024-02-02,REP0011,HCP000392,PRD001,1,27
CALLHCP0003921,2024-02-23,REP0031,HCP000392,PRD001,1,18
CALLHCP0003922,2024-03-24,REP0028,HCP000392,PRD001,1,16
CALLHCP0003923,2024-03-03,REP0009,HCP000392,PRD001,1,23
CALLHCP0003924,2024-01-02,REP0034,HCP000392,PRD001,1,21
CALLHCP0001210,2024-03-16,REP0028,HCP000121,PRD001,1,21
CALLHCP0001211,2024-02-03,REP0034,HCP000121,PRD001,1,34
CALLHCP0001212,2024-01-26,REP0020,HCP000121,PRD001,1,5
CALLHCP0001213,2024-02-15,REP0035,HCP000121,PRD001,1,6
CALLHCP0001214,2024-02-28,REP0010,HCP000121,PRD001,1,5
CALLHCP0001215,2024-02-20,REP0030,HCP000121,PRD001,1,27
CALLHCP0001216,2024-03-18,REP0034,HCP000121,PRD001,1,25
CALLHCP0007770,2024-03-07,REP0016,HCP000777,PRD001,1,28
CALLHCP0007771,2024-02-09,REP0011,HCP000777,PRD001,1,14
CALLHCP0007772,2024-02-11,REP0015,HCP000777,PRD001,1,34
CALLHCP0007773,2024-02-13,REP0035,HCP000777,PRD001,1,27
CALLHCP0007774,2024-03-21,REP0014,HCP000777,PRD001,1,12
CALLHCP0007775,2024-01-16,REP0013,HCP000777,PRD001,1,30
CALLHCP0007776,2024-01-11,REP0011,HCP000777,PRD001,1,25
CALLHCP0014940,2024-01-26,REP0032,HCP001494,PRD001,1,32
CALLHCP0014941,2024-02-05,REP0033,HCP001494,PRD001,1,8
CALLHCP0014942,2024-03-23,REP0004,HCP001494,PRD001,1,14
CALLHCP0000980,2024-01-15,REP0029,HCP000098,PRD001,1,29
CALLHCP0000981,2024-01-07,REP0012,HCP000098,PRD001,1,37
CALLHCP0000982,2024-03-10,REP0005,HCP000098,PRD001,1,20
CALLHCP0000983,2024-02-25,REP0005,HCP000098,PRD001,1,32
CALLHCP0000984,2024-01-10,REP0029,HCP000098,PRD001,1,16
CALLHCP0000985,2024-02-28,REP0038,HCP000098,PRD001,1,11
CALLHCP0000986,2024-02-02,REP0026,HCP000098,PRD001,1,31
CALLHCP0010680,2024-02-25,REP0036,HCP001068,PRD001,1,38
CALLHCP0016330,2024-01-03,REP0036,HCP001633,PRD001,1,23
CALLHCP0016331,2024-01-05,REP0034,HCP001633,PRD001,1,39
CALLHCP0016332,2024-02-04,REP0017,HCP001633,PRD001,1,36
CALLHCP0016333,2024-01-12,REP0023,HCP001633,PRD001,1,22
CALLHCP0016334,2024-01-03,REP0035,HCP001633,PRD001,1,28
CALLHCP0016335,2024-01-14,REP0036,HCP001633,PRD001,1,38
CALLHCP0000060,2024-02-17,REP0021,HCP000006,PRD001,1,33
CALLHCP0000061,2024-03-11,REP0026,HCP000006,PRD001,1,16
CALLHCP0000062,2024-01-26,REP0014,HCP000006,PRD001,1,14
CALLHCP0000063,2024-01-25,REP0024,HCP000006,PRD001,1,37
CALLHCP0000064,2024-01-14,REP0010,HCP000006,PRD001,1,11
CALLHCP0000065,2024-02-20,REP0002,HCP000006,PRD001,1,9
CALLHCP0000066,2024-01-23,REP0002,HCP000006,PRD001,1,24
CALLHCP0014110,2024-02-25,REP0022,HCP001411,PRD001,1,12
CALLHCP0003610,2024-02-09,REP0004,HCP000361,PRD001,1,19
CALLHCP0003611,2024-03-19,REP0038,HCP000361,PRD001,1,24
CALLHCP0000870,2024-03-10,REP0038,HCP000087,PRD001,1,32
CALLHCP0000871,2024-01-16,REP0030,HCP000087,PRD001,1,28
CALLHCP0000872,2024-01-08,REP0024,HCP000087,PRD001,1,17
CALLHCP0000873,2024-03-07,REP0030,HCP000087,PRD001,1,35
CALLHCP0017800,2024-02-12,REP0005,HCP001780,PRD001,1,38
CALLHCP0017801,2024-02-08,REP0028,HCP001780,PRD001,1,16
CALLHCP0004800,2024-02-01,REP0038,HCP000480,PRD001,1,33
CALLHCP0010460,2024-01-27,REP0028,HCP001046,PRD001,1,38
CALLHCP0010461,2024-01-28,REP0023,HCP001046,PRD001,1,29
CALLHCP0002820,2024-01-19,REP0033,HCP000282,PRD001,1,17
CALLHCP0012370,2024-02-06,REP0003,HCP001237,PRD001,1,29
CALLHCP0003690,2024-02-05,REP0032,HCP000369,PRD001,1,11
CALLHCP0003691,2024-03-24,REP0035,HCP000369,PRD001,1,34
CALLHCP0003692,2024-01-01,REP0031,HCP000369,PRD001,1,35
CALLHCP0003693,2024-01-28,REP0026,HCP000369,PRD001,1,38
CALLHCP0003694,2024-03-08,REP0003,HCP000369,PRD001,1,7
CALLHCP0003695,2024-02-02,REP0010,HCP000369,PRD001,1,39
CALLHCP0003696,2024-02-27,REP0039,HCP000369,PRD001,1,35
CALLHCP0003560,2024-02-14,REP0027,HCP000356,PRD001,1,28
CALLHCP0003561,2024-02-25,REP0000,HCP000356,PRD001,1,36
CALLHCP0003562,2024-02-09,REP0018,HCP000356,PRD001,1,6
CALLHCP0001750,2024-01-09,REP0004,HCP000175,PRD001,1,5
CALLHCP0001751,2024-02-27,REP0030,HCP000175,PRD001,1,7
CALLHCP0001752,2024-03-19,REP0034,HCP000175,PRD001,1,8
CALLHCP0001753,2024-02-14,REP0011,HCP000175,PRD001,1,6
CALLHCP0001754,2024-01-09,REP0035,HCP000175,PRD001,1,33
CALLHCP0001755,2024-03-24,REP0010,HCP000175,PRD001,1,26
CALLHCP0011740,2024-03-19,REP0034,HCP001174,PRD001,1,37
CALLHCP0011741,2024-03-05,REP0012,HCP001174,PRD001,1,17
CALLHCP0011742,2024-01-13,REP0002,HCP001174,PRD001,1,28
CALLHCP0011743,2024-02-13,REP0026,HCP001174,PRD001,1,26
CALLHCP0002300,2024-03-12,REP0012,HCP000230,PRD001,1,34
CALLHCP0002301,2024-01-18,REP0020,HCP000230,PRD001,1,31
CALLHCP0002302,2024-01-11,REP0007,HCP000230,PRD001,1,28
CALLHCP0002303,2024-03-11,REP0021,HCP000230,PRD001,1,39
CALLHCP0002304,2024-01-03,REP0001,HCP000230,PRD001,1,37
CALLHCP0002305,2024-03-07,REP0026,HCP000230,PRD001,1,39
CALLHCP0002306,2024-02-21,REP0035,HCP000230,PRD001,1,26
CALLHCP0000390,2024-03-21,REP0026,HCP000039,PRD001,1,31
CALLHCP0000391,2024-02-03,REP0018,HCP000039,PRD001,1,31
CALLHCP0000392,2024-01-27,REP0004,HCP000039,PRD001,1,9
CALLHCP0000393,2024-02-22,REP0029,HCP000039,PRD001,1,22
CALLHCP0018230,2024-03-13,REP0024,HCP001823,PRD001,1,6
CALLHCP0018231,2024-03-03,REP0027,HCP001823,PRD001,1,26
CALLHCP0018232,2024-03-21,REP0014,HCP001823,PRD001,1,12
CALLHCP0018233,2024-01-05,REP0036,HCP001823,PRD001,1,32
CALLHCP0018234,2024-03-03,REP0034,HCP001823,PRD001,1,33
CALLHCP0018235,2024-01-10,REP0011,HCP001823,PRD001,1,9
CALLHCP0002570,2024-02-08,REP0013,HCP000257,PRD001,1,30
CALLHCP0002571,2024-02-04,REP0007,HCP000257,PRD001,1,35
CALLHCP0009430,2024-01-15,REP0001,HCP000943,PRD001,1,18
CALLHCP0009431,2024-02-18,REP0038,HCP000943,PRD001,1,5
CALLHCP0009432,2024-01-14,REP0035,HCP000943,PRD001,1,36
CALLHCP0018750,2024-01-31,REP0005,HCP001875,PRD001,1,20
CALLHCP0018751,2024-02-08,REP0028,HCP001875,PRD001,1,26
CALLHCP0018752,2024-03-16,REP0018,HCP001875,PRD001,1,18
CALLHCP0010890,2024-01-30,REP0009,HCP001089,PRD001,1,32
CALLHCP0010891,2024-02-07,REP0039,HCP001089,PRD001,1,19
CALLHCP0010892,2024-02-20,REP0026,HCP001089,PRD001,1,14
CALLHCP0010893,2024-02-27,REP0000,HCP001089,PRD001,1,35
CALLHCP0010894,2024-03-10,REP0033,HCP001089,PRD001,1,26
CALLHCP0010895,2024-02-10,REP0023,HCP001089,PRD001,1,29
CALLHCP0010896,2024-02-12,REP0035,HCP001089,PRD001,1,23
CALLHCP0000920,2024-01-03,REP0004,HCP000092,PRD001,1,17
CALLHCP0000921,2024-02-04,REP0007,HCP000092,PRD001,1,36
CALLHCP0000922,2024-01-25,REP0039,HCP000092,PRD001,1,12
CALLHCP0000923,2024-03-13,REP0009,HCP000092,PRD001,1,23
CALLHCP0000924,2024-01-16,REP0001,HCP000092,PRD001,1,26
CALLHCP0000925,2024-02-15,REP0016,HCP000092,PRD001,1,17
CALLHCP0000926,2024-02-15,REP0029,HCP000092,PRD001,1,23
CALLHCP0005190,2024-03-19,REP0025,HCP000519,PRD001,1,5
CALLHCP0013130,2024-01-17,REP0028,HCP001313,PRD001,1,22
CALLHCP0013131,2024-01-02,REP0024,HCP001313,PRD001,1,34
CALLHCP0013132,2024-01-22,REP0020,HCP001313,PRD001,1,5
CALLHCP0017250,2024-02-17,REP0021,HCP001725,PRD001,1,33
CALLHCP0007080,2024-02-23,REP0015,HCP000708,PRD001,1,23
CALLHCP0007081,2024-01-12,REP0014,HCP000708,PRD001,1,28
CALLHCP0007082,2024-03-21,REP0022,HCP000708,PRD001,1,24
CALLHCP0017060,2024-03-15,REP0021,HCP001706,PRD001,1,16
CALLHCP0017061,2024-02-18,REP0012,HCP001706,PRD001,1,31
CALLHCP0017062,2024-02-11,REP0031,HCP001706,PRD001,1,8
CALLHCP0017063,2024-01-22,REP0028,HCP001706,PRD001,1,32
CALLHCP0017064,2024-01-08,REP0033,HCP001706,PRD001,1,17
CALLHCP0014200,2024-02-15,REP0027,HCP001420,PRD001,1,23
CALLHCP0014201,2024-01-06,REP0019,HCP001420,PRD001,1,37
CALLHCP0005880,2024-01-24,REP0010,HCP000588,PRD001,1,19
CALLHCP0005881,2024-02-10,REP0001,HCP000588,PRD001,1,9
CALLHCP0005882,2024-02-11,REP0013,HCP000588,PRD001,1,20
CALLHCP0002040,2024-01-10,REP0030,HCP000204,PRD001,1,22
CALLHCP0002041,2024-01-11,REP0012,HCP000204,PRD001,1,32
CALLHCP0009450,2024-02-17,REP0000,HCP000945,PRD001,1,20
CALLHCP0009451,2024-02-04,REP0002,HCP000945,PRD001,1,35
CALLHCP0009452,2024-02-28,REP0010,HCP000945,PRD001,1,21
CALLHCP0015530,2024-01-19,REP0009,HCP001553,PRD001,1,39
CALLHCP0015531,2024-03-18,REP0036,HCP001553,PRD001,1,9
CALLHCP0015532,2024-02-16,REP0034,HCP001553,PRD001,1,38
CALLHCP0010650,2024-03-22,REP0036,HCP001065,PRD001,1,12
CALLHCP0010651,2024-01-28,REP0037,HCP001065,PRD001,1,12
CALLHCP0006410,2024-01-29,REP0015,HCP000641,PRD001,1,25
CALLHCP0006411,2024-02-28,REP0026,HCP000641,PRD001,1,24
CALLHCP0006412,2024-02-26,REP0010,HCP000641,PRD001,1,36
CALLHCP0006413,2024-01-27,REP0029,HCP000641,PRD001,1,19
CALLHCP0006414,2024-02-18,REP0015,HCP000641,PRD001,1,37
CALLHCP0006415,2024-01-01,REP0028,HCP000641,PRD001,1,17
CALLHCP0006416,2024-03-14,REP0033,HCP000641,PRD001,1,20
CALLHCP0001730,2024-02-24,REP0001,HCP000173,PRD001,1,20
CALLHCP0001731,2024-01-20,REP0021,HCP000173,PRD001,1,19
CALLHCP0001732,2024-01-23,REP0002,HCP000173,PRD001,1,24
CALLHCP0013180,2024-02-28,REP0037,HCP001318,PRD001,1,22
CALLHCP0009910,2024-03-22,REP0024,HCP000991,PRD001,1,23
CALLHCP0009911,2024-03-14,REP0032,HCP000991,PRD001,1,33
CALLHCP0009912,2024-03-17,REP0020,HCP000991,PRD001,1,5
CALLHCP0009913,2024-01-28,REP0023,HCP000991,PRD001,1,18
CALLHCP0007590,2024-02-10,REP0032,HCP000759,PRD001,1,21
CALLHCP0007591,2024-01-18,REP0036,HCP000759,PRD001,1,34
CALLHCP0015410,2024-02-12,REP0028,HCP001541,PRD001,1,34
CALLHCP0015411,2024-02-13,REP0010,HCP001541,PRD001,1,15
CALLHCP0015412,2024-03-03,REP0018,HCP001541,PRD001,1,15
CALLHCP0015413,2024-02-04,REP0037,HCP001541,PRD001,1,35
CALLHCP0015414,2024-01-20,REP0026,HCP001541,PRD001,1,14
CALLHCP0015415,2024-01-29,REP0022,HCP001541,PRD001,1,5
CALLHCP0015416,2024-03-15,REP0028,HCP001541,PRD001,1,39
CALLHCP0007820,2024-01-06,REP0023,HCP000782,PRD001,1,32
CALLHCP0007821,2024-03-09,REP0015,HCP000782,PRD001,1,10
CALLHCP0007822,2024-01-30,REP0034,HCP000782,PRD001,1,7
CALLHCP0007823,2024-03-02,REP0030,HCP000782,PRD001,1,19
CALLHCP0007824,2024-02-17,REP0019,HCP000782,PRD001,1,18
CALLHCP0018180,2024-03-12,REP0036,HCP001818,PRD001,1,14
CALLHCP0018181,2024-01-15,REP0003,HCP001818,PRD001,1,31
CALLHCP0018182,2024-01-13,REP0037,HCP001818,PRD001,1,25
CALLHCP0018183,2024-01-26,REP0028,HCP001818,PRD001,1,8
CALLHCP0018184,2024-02-11,REP0038,HCP001818,PRD001,1,5
CALLHCP0018185,2024-01-26,REP0029,HCP001818,PRD001,1,32
CALLHCP0004960,2024-02-08,REP0017,HCP000496,PRD001,1,39
CALLHCP0004961,2024-03-10,REP0015,HCP000496,PRD001,1,10
CALLHCP0004962,2024-01-27,REP0024,HCP000496,PRD001,1,15
CALLHCP0004963,2024-01-06,REP0001,HCP000496,PRD001,1,29
CALLHCP0006400,2024-01-31,REP0028,HCP000640,PRD001,1,29
CALLHCP0006401,2024-03-24,REP0024,HCP000640,PRD001,1,17
CALLHCP0006402,2024-03-06,REP0034,HCP000640,PRD001,1,33
CALLHCP0006403,2024-03-22,REP0027,HCP000640,PRD001,1,36
CALLHCP0006404,2024-03-21,REP0003,HCP000640,PRD001,1,38
CALLHCP0006405,2024-01-21,REP0003,HCP000640,PRD001,1,27
CALLHCP0011260,2024-01-11,REP0026,HCP001126,PRD001,1,14
CALLHCP0011261,2024-01-25,REP0019,HCP001126,PRD001,1,35
CALLHCP0007950,2024-02-14,REP0016,HCP000795,PRD001,1,5
CALLHCP0007951,2024-01-26,REP0007,HCP000795,PRD001,1,5
CALLHCP0007952,2024-02-13,REP0013,HCP000795,PRD001,1,20
CALLHCP0007953,2024-01-28,REP0018,HCP000795,PRD001,1,38
CALLHCP0007954,2024-01-15,REP0036,HCP000795,PRD001,1,11
CALLHCP0007955,2024-03-22,REP0007,HCP000795,PRD001,1,19
CALLHCP0007956,2024-01-03,REP0024,HCP000795,PRD001,1,29
CALLHCP0017760,2024-01-05,REP0026,HCP001776,PRD001,1,28
CALLHCP0017761,2024-01-06,REP0036,HCP001776,PRD001,1,11
CALLHCP0006370,2024-01-14,REP0028,HCP000637,PRD001,1,12
CALLHCP0019440,2024-02-07,REP0020,HCP001944,PRD001,1,38
CALLHCP0019441,2024-01-29,REP0004,HCP001944,PRD001,1,15
CALLHCP0019210,2024-01-10,REP0001,HCP001921,PRD001,1,20
CALLHCP0019211,2024-03-16,REP0007,HCP001921,PRD001,1,17
CALLHCP0019212,2024-03-08,REP0001,HCP001921,PRD001,1,12
CALLHCP0019213,2024-03-16,REP0038,HCP001921,PRD001,1,39
CALLHCP0019214,2024-03-04,REP0030,HCP001921,PRD001,1,18
CALLHCP0019215,2024-02-21,REP0024,HCP001921,PRD001,1,14
CALLHCP0019216,2024-01-21,REP0033,HCP001921,PRD001,1,9
CALLHCP0012410,2024-01-04,REP0024,HCP001241,PRD001,1,6
CALLHCP0012411,2024-01-04,REP0038,HCP001241,PRD001,1,26
CALLHCP0014280,2024-01-11,REP0020,HCP001428,PRD001,1,12
CALLHCP0012920,2024-03-11,REP0035,HCP001292,PRD001,1,14
CALLHCP0006900,2024-03-11,REP0039,HCP000690,PRD001,1,15
CALLHCP0006901,2024-02-18,REP0016,HCP000690,PRD001,1,5
CALLHCP0006902,2024-03-04,REP0026,HCP000690,PRD001,1,8
CALLHCP0012030,2024-01-05,REP0023,HCP001203,PRD001,1,24
CALLHCP0012031,2024-02-15,REP0027,HCP001203,PRD001,1,13
CALLHCP0012032,2024-01-16,REP0011,HCP001203,PRD001,1,37
CALLHCP0017890,2024-01-26,REP0012,HCP001789,PRD001,1,24
CALLHCP0017891,2024-03-16,REP0031,HCP001789,PRD001,1,17
CALLHCP0017892,2024-03-05,REP0004,HCP001789,PRD001,1,8
CALLHCP0017893,2024-02-18,REP0028,HCP001789,PRD001,1,10
CALLHCP0017894,2024-03-18,REP0029,HCP001789,PRD001,1,31
CALLHCP0017895,2024-03-06,REP0017,HCP001789,PRD001,1,35
CALLHCP0017896,2024-03-24,REP0039,HCP001789,PRD001,1,22
CALLHCP0017490,2024-02-22,REP0031,HCP001749,PRD001,1,17
CALLHCP0017491,2024-03-06,REP0011,HCP001749,PRD001,1,21
CALLHCP0017492,2024-01-03,REP0029,HCP001749,PRD001,1,11
CALLHCP0018880,2024-02-03,REP0032,HCP001888,PRD001,1,13
CALLHCP0018881,2024-02-29,REP0025,HCP001888,PRD001,1,21
CALLHCP0019080,2024-01-15,REP0001,HCP001908,PRD001,1,23
CALLHCP0006800,2024-01-19,REP0028,HCP000680,PRD001,1,8
CALLHCP0009040,2024-03-10,REP0005,HCP000904,PRD001,1,8
CALLHCP0009041,2024-01-13,REP0025,HCP000904,PRD001,1,15
CALLHCP0009042,2024-03-11,REP0021,HCP000904,PRD001,1,25
CALLHCP0009043,2024-03-15,REP0022,HCP000904,PRD001,1,17
CALLHCP0009044,2024-01-03,REP0026,HCP000904,PRD001,1,20
CALLHCP0001150,2024-02-11,REP0029,HCP000115,PRD001,1,7
CALLHCP0001151,2024-01-10,REP0002,HCP000115,PRD001,1,21
CALLHCP0001152,2024-02-12,REP0030,HCP000115,PRD001,1,28
CALLHCP0001153,2024-01-19,REP0005,HCP000115,PRD001,1,30
CALLHCP0001154,2024-03-02,REP0011,HCP000115,PRD001,1,10
CALLHCP0006910,2024-03-22,REP0029,HCP000691,PRD001,1,10
CALLHCP0006911,2024-01-28,REP0038,HCP000691,PRD001,1,28
CALLHCP0006912,2024-02-22,REP0002,HCP000691,PRD001,1,19
CALLHCP0000800,2024-01-07,REP0037,HCP000080,PRD001,1,15
CALLHCP0000801,2024-02-02,REP0029,HCP000080,PRD001,1,6
CALLHCP0000802,2024-03-17,REP0000,HCP000080,PRD001,1,7
CALLHCP0000803,2024-03-16,REP0003,HCP000080,PRD001,1,38
CALLHCP0000804,2024-01-18,REP0022,HCP000080,PRD001,1,21
CALLHCP0000805,2024-03-09,REP0026,HCP000080,PRD001,1,19
CALLHCP0008520,2024-01-28,REP0002,HCP000852,PRD001,1,38
CALLHCP0008521,2024-01-04,REP0023,HCP000852,PRD001,1,37
CALLHCP0008522,2024-02-02,REP0032,HCP000852,PRD001,1,33
CALLHCP0008523,2024-02-26,REP0010,HCP000852,PRD001,1,17
CALLHCP0010770,2024-01-23,REP0039,HCP001077,PRD001,1,26
CALLHCP0010771,2024-01-29,REP0002,HCP001077,PRD001,1,32
CALLHCP0010772,2024-02-19,REP0031,HCP001077,PRD001,1,23
CALLHCP0010773,2024-02-07,REP0037,HCP001077,PRD001,1,18
CALLHCP0010774,2024-01-13,REP0025,HCP001077,PRD001,1,7
CALLHCP0010775,2024-02-03,REP0027,HCP001077,PRD001,1,38
CALLHCP0010776,2024-01-02,REP0032,HCP001077,PRD001,1,7
CALLHCP0005040,2024-01-13,REP0023,HCP000504,PRD001,1,17
CALLHCP0005041,2024-01-19,REP0011,HCP000504,PRD001,1,26
CALLHCP0009210,2024-01-10,REP0015,HCP000921,PRD001,1,28
CALLHCP0009211,2024-01-22,REP0023,HCP000921,PRD001,1,32
CALLHCP0009212,2024-01-02,REP0005,HCP000921,PRD001,1,6
CALLHCP0009213,2024-02-17,REP0010,HCP000921,PRD001,1,30
CALLHCP0009130,2024-01-17,REP0003,HCP000913,PRD001,1,16
CALLHCP0009131,2024-01-29,REP0001,HCP000913,PRD001,1,22
CALLHCP0009132,2024-03-02,REP0006,HCP000913,PRD001,1,13
CALLHCP0000650,2024-02-29,REP0016,HCP000065,PRD001,1,13
CALLHCP0000651,2024-01-18,REP0005,HCP000065,PRD001,1,23
CALLHCP0000652,2024-03-12,REP0021,HCP000065,PRD001,1,35
CALLHCP0000653,2024-02-02,REP0030,HCP000065,PRD001,1,36
CALLHCP0000654,2024-01-18,REP0024,HCP000065,PRD001,1,23
CALLHCP0000655,2024-02-05,REP0007,HCP000065,PRD001,1,17
CALLHCP0000656,2024-01-17,REP0007,HCP000065,PRD001,1,35
CALLHCP0010320,2024-02-02,REP0028,HCP001032,PRD001,1,30
CALLHCP0010321,2024-03-18,REP0027,HCP001032,PRD001,1,19
CALLHCP0005030,2024-03-02,REP0031,HCP000503,PRD001,1,14
CALLHCP0005031,2024-01-01,REP0000,HCP000503,PRD001,1,15
CALLHCP0005032,2024-03-16,REP0002,HCP000503,PRD001,1,30
CALLHCP0005033,2024-02-11,REP0024,HCP000503,PRD001,1,39
CALLHCP0005034,2024-01-05,REP0003,HCP000503,PRD001,1,19
CALLHCP0001300,2024-03-11,REP0020,HCP000130,PRD001,1,9
CALLHCP0001301,2024-02-23,REP0027,HCP000130,PRD001,1,28
CALLHCP0001302,2024-02-20,REP0009,HCP000130,PRD001,1,30
CALLHCP0001303,2024-02-28,REP0017,HCP000130,PRD001,1,5
CALLHCP0007800,2024-01-21,REP0021,HCP000780,PRD001,1,28
CALLHCP0007801,2024-02-01,REP0028,HCP000780,PRD001,1,27
CALLHCP0007802,2024-02-22,REP0018,HCP000780,PRD001,1,7
CALLHCP0008670,2024-02-21,REP0011,HCP000867,PRD001,1,31
CALLHCP0008671,2024-01-29,REP0021,HCP000867,PRD001,1,5
CALLHCP0008672,2024-01-06,REP0001,HCP000867,PRD001,1,19
CALLHCP0008673,2024-03-07,REP0014,HCP000867,PRD001,1,10
CALLHCP0008674,2024-01-26,REP0015,HCP000867,PRD001,1,31
CALLHCP0008675,2024-03-18,REP0003,HCP000867,PRD001,1,21
CALLHCP0008676,2024-02-28,REP0029,HCP000867,PRD001,1,35
CALLHCP0004930,2024-03-17,REP0020,HCP000493,PRD001,1,34
CALLHCP0004931,2024-03-17,REP0014,HCP000493,PRD001,1,29
CALLHCP0016380,2024-03-14,REP0007,HCP001638,PRD001,1,22
CALLHCP0016381,2024-02-07,REP0028,HCP001638,PRD001,1,34
CALLHCP0016382,2024-02-04,REP0037,HCP001638,PRD001,1,38
CALLHCP0010010,2024-01-05,REP0003,HCP001001,PRD001,1,19
CALLHCP0010011,2024-02-13,REP0031,HCP001001,PRD001,1,36
CALLHCP0011270,2024-03-22,REP0001,HCP001127,PRD001,1,28
CALLHCP0011271,2024-02-20,REP0005,HCP001127,PRD001,1,17
CALLHCP0011272,2024-02-05,REP0026,HCP001127,PRD001,1,30
CALLHCP0011273,2024-03-14,REP0024,HCP001127,PRD001,1,37
CALLHCP0011274,2024-01-07,REP0014,HCP001127,PRD001,1,12
CALLHCP0011275,2024-03-11,REP0037,HCP001127,PRD001,1,27
CALLHCP0006640,2024-03-15,REP0002,HCP000664,PRD001,1,31
CALLHCP0016150,2024-02-21,REP0037,HCP001615,PRD001,1,20
CALLHCP0016151,2024-03-13,REP0000,HCP001615,PRD001,1,25
CALLHCP0016152,2024-02-10,REP0016,HCP001615,PRD001,1,22
CALLHCP0002050,2024-01-31,REP0039,HCP000205,PRD001,1,32
CALLHCP0010450,2024-02-22,REP0001,HCP001045,PRD001,1,5
CALLHCP0010451,2024-01-03,REP0021,HCP001045,PRD001,1,24
CALLHCP0010452,2024-02-28,REP0027,HCP001045,PRD001,1,32
CALLHCP0010453,2024-03-19,REP0016,HCP001045,PRD001,1,19
CALLHCP0010454,2024-02-19,REP0016,HCP001045,PRD001,1,5
CALLHCP0002620,2024-01-29,REP0006,HCP000262,PRD001,1,19
CALLHCP0002621,2024-02-28,REP0003,HCP000262,PRD001,1,38
CALLHCP0002622,2024-02-18,REP0019,HCP000262,PRD001,1,39
CALLHCP0002623,2024-01-08,REP0014,HCP000262,PRD001,1,13
CALLHCP0005450,2024-02-17,REP0003,HCP000545,PRD001,1,6
CALLHCP0004280,2024-03-13,REP0011,HCP000428,PRD001,1,35
CALLHCP0013090,2024-03-14,REP0038,HCP001309,PRD001,1,23
CALLHCP0013091,2024-01-20,REP0004,HCP001309,PRD001,1,18
CALLHCP0013092,2024-02-19,REP0013,HCP001309,PRD001,1,29
CALLHCP0013093,2024-03-18,REP0025,HCP001309,PRD001,1,34
CALLHCP0013094,2024-03-06,REP0030,HCP001309,PRD001,1,27
CALLHCP0013095,2024-01-19,REP0007,HCP001309,PRD001,1,5
CALLHCP0003310,2024-01-27,REP0013,HCP000331,PRD001,1,26
CALLHCP0003311,2024-02-13,REP0014,HCP000331,PRD001,1,38
CALLHCP0003312,2024-01-10,REP0028,HCP000331,PRD001,1,6
CALLHCP0003313,2024-01-25,REP0012,HCP000331,PRD001,1,36
CALLHCP0003314,2024-02-16,REP0021,HCP000331,PRD001,1,9
CALLHCP0003315,2024-01-12,REP0035,HCP000331,PRD001,1,21
CALLHCP0012770,2024-01-14,REP0018,HCP001277,PRD001,1,22
CALLHCP0012771,2024-01-31,REP0021,HCP001277,PRD001,1,8
CALLHCP0012772,2024-01-31,REP0001,HCP001277,PRD001,1,23
CALLHCP0012773,2024-02-19,REP0015,HCP001277,PRD001,1,32
CALLHCP0012774,2024-03-06,REP0032,HCP001277,PRD001,1,22
CALLHCP0012775,2024-02-27,REP0016,HCP001277,PRD001,1,29
CALLHCP0012776,2024-02-04,REP0002,HCP001277,PRD001,1,17
CALLHCP0007960,2024-01-12,REP0036,HCP000796,PRD001,1,31
CALLHCP0007961,2024-01-26,REP0034,HCP000796,PRD001,1,23
CALLHCP0007962,2024-01-19,REP0010,HCP000796,PRD001,1,17
CALLHCP0007963,2024-03-03,REP0010,HCP000796,PRD001,1,21
CALLHCP0007964,2024-01-16,REP0000,HCP000796,PRD001,1,22
CALLHCP0007965,2024-01-04,REP0016,HCP000796,PRD001,1,24
CALLHCP0007966,2024-01-14,REP0032,HCP000796,PRD001,1,7
CALLHCP0009170,2024-01-24,REP0022,HCP000917,PRD001,1,22
CALLHCP0009171,2024-03-15,REP0010,HCP000917,PRD001,1,15
CALLHCP0009010,2024-03-06,REP0017,HCP000901,PRD001,1,30
CALLHCP0009011,2024-03-19,REP0030,HCP000901,PRD001,1,28
CALLHCP0009012,2024-02-13,REP0020,HCP000901,PRD001,1,36
CALLHCP0009013,2024-01-06,REP0000,HCP000901,PRD001,1,13
CALLHCP0009014,2024-01-20,REP0010,HCP000901,PRD001,1,21
CALLHCP0009015,2024-02-04,REP0034,HCP000901,PRD001,1,15
CALLHCP0019700,2024-02-24,REP0013,HCP001970,PRD001,1,30
CALLHCP0019701,2024-03-04,REP0006,HCP001970,PRD001,1,9
CALLHCP0019702,2024-02-13,REP0033,HCP001970,PRD001,1,17
CALLHCP0019703,2024-01-06,REP0001,HCP001970,PRD001,1,5
CALLHCP0019704,2024-02-05,REP0002,HCP001970,PRD001,1,37
CALLHCP0019705,2024-03-22,REP0007,HCP001970,PRD001,1,39
CALLHCP0019706,2024-01-23,REP0016,HCP001970,PRD001,1,20
CALLHCP0005480,2024-01-30,REP0009,HCP000548,PRD001,1,18
CALLHCP0005481,2024-01-06,REP0016,HCP000548,PRD001,1,26
CALLHCP0005482,2024-02-08,REP0028,HCP000548,PRD001,1,7
CALLHCP0005483,2024-01-24,REP0006,HCP000548,PRD001,1,16
CALLHCP0015760,2024-01-04,REP0011,HCP001576,PRD001,1,30
CALLHCP0015761,2024-03-13,REP0030,HCP001576,PRD001,1,12
CALLHCP0015762,2024-03-23,REP0035,HCP001576,PRD001,1,27
CALLHCP0015763,2024-01-11,REP0024,HCP001576,PRD001,1,13
CALLHCP0002940,2024-02-16,REP0016,HCP000294,PRD001,1,33
CALLHCP0002941,2024-03-18,REP0001,HCP000294,PRD001,1,21
CALLHCP0002942,2024-01-12,REP0009,HCP000294,PRD001,1,36
CALLHCP0002943,2024-01-27,REP0012,HCP000294,PRD001,1,33
CALLHCP0002944,2024-03-04,REP0013,HCP000294,PRD001,1,18
CALLHCP0002945,2024-01-13,REP0024,HCP000294,PRD001,1,18
CALLHCP0007580,2024-01-13,REP0011,HCP000758,PRD001,1,25
CALLHCP0007581,2024-01-11,REP0037,HCP000758,PRD001,1,39
CALLHCP0007270,2024-02-14,REP0027,HCP000727,PRD001,1,8
CALLHCP0007271,2024-01-22,REP0005,HCP000727,PRD001,1,22
CALLHCP0007272,2024-01-30,REP0009,HCP000727,PRD001,1,14
CALLHCP0007273,2024-01-14,REP0025,HCP000727,PRD001,1,13
CALLHCP0007274,2024-02-16,REP0013,HCP000727,PRD001,1,10
CALLHCP0007275,2024-01-26,REP0024,HCP000727,PRD001,1,16
CALLHCP0002650,2024-02-10,REP0027,HCP000265,PRD001,1,25
CALLHCP0002651,2024-03-04,REP0024,HCP000265,PRD001,1,11
CALLHCP0002652,2024-03-20,REP0029,HCP000265,PRD001,1,27
CALLHCP0002653,2024-01-21,REP0013,HCP000265,PRD001,1,22
CALLHCP0002654,2024-02-05,REP0021,HCP000265,PRD001,1,9
CALLHCP0002655,2024-02-18,REP0037,HCP000265,PRD001,1,12
CALLHCP0006480,2024-01-29,REP0031,HCP000648,PRD001,1,24
CALLHCP0006481,2024-02-07,REP0037,HCP000648,PRD001,1,29
CALLHCP0006482,2024-01-15,REP0014,HCP000648,PRD001,1,8
CALLHCP0010780,2024-03-02,REP0026,HCP001078,PRD001,1,16
CALLHCP0010781,2024-02-19,REP0029,HCP001078,PRD001,1,27
CALLHCP0010782,2024-02-16,REP0003,HCP001078,PRD001,1,7
CALLHCP0010783,2024-03-08,REP0034,HCP001078,PRD001,1,33
CALLHCP0010784,2024-03-04,REP0015,HCP001078,PRD001,1,16
CALLHCP0010785,2024-02-04,REP0027,HCP001078,PRD001,1,15
CALLHCP0010786,2024-01-06,REP0007,HCP001078,PRD001,1,5
CALLHCP0019100,2024-03-19,REP0030,HCP001910,PRD001,1,5
CALLHCP0002740,2024-01-31,REP0032,HCP000274,PRD001,1,7
CALLHCP0002741,2024-01-30,REP0022,HCP000274,PRD001,1,14
CALLHCP0019530,2024-02-03,REP0023,HCP001953,PRD001,1,24
CALLHCP0019531,2024-02-27,REP0013,HCP001953,PRD001,1,32
CALLHCP0019532,2024-02-07,REP0005,HCP001953,PRD001,1,37
CALLHCP0019533,2024-03-03,REP0023,HCP001953,PRD001,1,26
CALLHCP0019534,2024-01-13,REP0025,HCP001953,PRD001,1,30
CALLHCP0010540,2024-01-16,REP0026,HCP001054,PRD001,1,33
CALLHCP0010541,2024-03-01,REP0024,HCP001054,PRD001,1,20
CALLHCP0010542,2024-01-09,REP0003,HCP001054,PRD001,1,27
CALLHCP0010543,2024-03-23,REP0032,HCP001054,PRD001,1,10
CALLHCP0013390,2024-03-05,REP0004,HCP001339,PRD001,1,39
CALLHCP0007470,2024-02-05,REP0005,HCP000747,PRD001,1,35
CALLHCP0016260,2024-03-09,REP0006,HCP001626,PRD001,1,24
CALLHCP0016261,2024-01-24,REP0023,HCP001626,PRD001,1,11
CALLHCP0016262,2024-03-23,REP0017,HCP001626,PRD001,1,16
CALLHCP0016263,2024-02-14,REP0005,HCP001626,PRD001,1,8
CALLHCP0016264,2024-03-04,REP0032,HCP001626,PRD001,1,29
CALLHCP0016265,2024-03-01,REP0020,HCP001626,PRD001,1,21
CALLHCP0008770,2024-03-13,REP0000,HCP000877,PRD001,1,31
CALLHCP0008771,2024-02-01,REP0007,HCP000877,PRD001,1,14
CALLHCP0008772,2024-02-17,REP0018,HCP000877,PRD001,1,17
CALLHCP0008773,2024-01-25,REP0029,HCP000877,PRD001,1,33
CALLHCP0008774,2024-02-12,REP0030,HCP000877,PRD001,1,14
CALLHCP0009850,2024-01-25,REP0000,HCP000985,PRD001,1,34
CALLHCP0009851,2024-03-05,REP0033,HCP000985,PRD001,1,22
CALLHCP0009852,2024-01-28,REP0032,HCP000985,PRD001,1,39
CALLHCP0009853,2024-01-09,REP0004,HCP000985,PRD001,1,17
CALLHCP0004610,2024-01-26,REP0004,HCP000461,PRD001,1,18
CALLHCP0001350,2024-01-16,REP0000,HCP000135,PRD001,1,14
CALLHCP0001351,2024-01-24,REP0033,HCP000135,PRD001,1,27
CALLHCP0001352,2024-03-16,REP0033,HCP000135,PRD001,1,15
CALLHCP0001353,2024-01-03,REP0001,HCP000135,PRD001,1,6
CALLHCP0001354,2024-03-05,REP0017,HCP000135,PRD001,1,7
CALLHCP0001355,2024-02-07,REP0027,HCP000135,PRD001,1,37
CALLHCP0017980,2024-03-23,REP0016,HCP001798,PRD001,1,7
CALLHCP0017981,2024-02-10,REP0002,HCP001798,PRD001,1,13
CALLHCP0017982,2024-01-27,REP0006,HCP001798,PRD001,1,11
CALLHCP0017983,2024-03-13,REP0019,HCP001798,PRD001,1,39
CALLHCP0016720,2024-02-16,REP0006,HCP001672,PRD001,1,14
CALLHCP0016721,2024-03-11,REP0033,HCP001672,PRD001,1,25
CALLHCP0019640,2024-02-15,REP0011,HCP001964,PRD001,1,29
CALLHCP0019641,2024-03-16,REP0035,HCP001964,PRD001,1,15
CALLHCP0019642,2024-03-07,REP0033,HCP001964,PRD001,1,39
CALLHCP0019643,2024-01-14,REP0017,HCP001964,PRD001,1,22
CALLHCP0013040,2024-01-12,REP0010,HCP001304,PRD001,1,38
CALLHCP0013041,2024-03-22,REP0032,HCP001304,PRD001,1,14
CALLHCP0018760,2024-02-07,REP0016,HCP001876,PRD001,1,9
CALLHCP0018761,2024-01-22,REP0002,HCP001876,PRD001,1,29
CALLHCP0018762,2024-01-17,REP0025,HCP001876,PRD001,1,23
CALLHCP0018763,2024-02-24,REP0023,HCP001876,PRD001,1,12
CALLHCP0018764,2024-01-11,REP0001,HCP001876,PRD001,1,9
CALLHCP0018765,2024-02-12,REP0009,HCP001876,PRD001,1,25
CALLHCP0018766,2024-01-04,REP0019,HCP001876,PRD001,1,9
CALLHCP0014420,2024-02-12,REP0031,HCP001442,PRD001,1,6
CALLHCP0014421,2024-01-12,REP0000,HCP001442,PRD001,1,34
CALLHCP0014422,2024-01-22,REP0038,HCP001442,PRD001,1,8
CALLHCP0014423,2024-02-27,REP0027,HCP001442,PRD001,1,11
CALLHCP0014424,2024-01-02,REP0015,HCP001442,PRD001,1,23
CALLHCP0014425,2024-01-08,REP0019,HCP001442,PRD001,1,16
CALLHCP0014426,2024-03-23,REP0009,HCP001442,PRD001,1,35
CALLHCP0019540,2024-01-31,REP0023,HCP001954,PRD001,1,14
CALLHCP0004270,2024-03-23,REP0005,HCP000427,PRD001,1,25
CALLHCP0015720,2024-03-01,REP0036,HCP001572,PRD001,1,5
CALLHCP0015721,2024-02-16,REP0003,HCP001572,PRD001,1,29
CALLHCP0015722,2024-03-18,REP0038,HCP001572,PRD001,1,17
CALLHCP0004500,2024-01-21,REP0032,HCP000450,PRD001,1,36
CALLHCP0004501,2024-01-29,REP0020,HCP000450,PRD001,1,28
CALLHCP0015230,2024-02-22,REP0028,HCP001523,PRD001,1,20
CALLHCP0015231,2024-02-13,REP0038,HCP001523,PRD001,1,19
CALLHCP0015232,2024-02-12,REP0005,HCP001523,PRD001,1,5
CALLHCP0015233,2024-01-29,REP0029,HCP001523,PRD001,1,8
CALLHCP0015234,2024-01-12,REP0036,HCP001523,PRD001,1,15
CALLHCP0016490,2024-01-31,REP0017,HCP001649,PRD001,1,35
CALLHCP0016491,2024-01-20,REP0001,HCP001649,PRD001,1,35
CALLHCP0006970,2024-03-05,REP0017,HCP000697,PRD001,1,38
CALLHCP0006971,2024-01-15,REP0036,HCP000697,PRD001,1,36
CALLHCP0006972,2024-02-11,REP0038,HCP000697,PRD001,1,10
CALLHCP0006973,2024-02-15,REP0013,HCP000697,PRD001,1,39
CALLHCP0008680,2024-02-18,REP0024,HCP000868,PRD001,1,22
CALLHCP0008681,2024-02-20,REP0016,HCP000868,PRD001,1,38
CALLHCP0008682,2024-01-16,REP0010,HCP000868,PRD001,1,39
CALLHCP0008683,2024-01-03,REP0003,HCP000868,PRD001,1,17
CALLHCP0015170,2024-01-28,REP0039,HCP001517,PRD001,1,19
CALLHCP0015171,2024-03-08,REP0027,HCP001517,PRD001,1,8
CALLHCP0011010,2024-03-22,REP0003,HCP001101,PRD001,1,34
CALLHCP0011011,2024-02-07,REP0031,HCP001101,PRD001,1,36
CALLHCP0011012,2024-01-24,REP0031,HCP001101,PRD001,1,26
CALLHCP0011013,2024-02-29,REP0022,HCP001101,PRD001,1,16
CALLHCP0011014,2024-01-18,REP0006,HCP001101,PRD001,1,16
CALLHCP0011015,2024-03-02,REP0026,HCP001101,PRD001,1,25
CALLHCP0012080,2024-02-17,REP0032,HCP001208,PRD001,1,32
CALLHCP0012081,2024-02-06,REP0032,HCP001208,PRD001,1,11
CALLHCP0012082,2024-01-02,REP0035,HCP001208,PRD001,1,36
CALLHCP0012083,2024-01-19,REP0018,HCP001208,PRD001,1,8
CALLHCP0012084,2024-02-06,REP0035,HCP001208,PRD001,1,7
CALLHCP0013150,2024-01-22,REP0028,HCP001315,PRD001,1,10
CALLHCP0013151,2024-01-21,REP0005,HCP001315,PRD001,1,13
CALLHCP0013152,2024-03-05,REP0029,HCP001315,PRD001,1,14
CALLHCP0013153,2024-01-31,REP0012,HCP001315,PRD001,1,9
CALLHCP0000270,2024-03-16,REP0028,HCP000027,PRD001,1,23
CALLHCP0009770,2024-01-29,REP0003,HCP000977,PRD001,1,29
CALLHCP0009771,2024-01-26,REP0014,HCP000977,PRD001,1,34
CALLHCP0009772,2024-03-24,REP0027,HCP000977,PRD001,1,31
CALLHCP0009773,2024-03-02,REP0022,HCP000977,PRD001,1,24
CALLHCP0009774,2024-01-09,REP0011,HCP000977,PRD001,1,13
CALLHCP0002320,2024-01-19,REP0037,HCP000232,PRD001,1,21
CALLHCP0002321,2024-02-20,REP0030,HCP000232,PRD001,1,27
CALLHCP0002322,2024-02-16,REP0003,HCP000232,PRD001,1,20
CALLHCP0002323,2024-03-04,REP0030,HCP000232,PRD001,1,12
CALLHCP0014000,2024-02-29,REP0035,HCP001400,PRD001,1,20
CALLHCP0014001,2024-02-20,REP0021,HCP001400,PRD001,1,18
CALLHCP0014002,2024-02-06,REP0012,HCP001400,PRD001,1,7
CALLHCP0014003,2024-02-09,REP0014,HCP001400,PRD001,1,34
CALLHCP0013000,2024-01-20,REP0002,HCP001300,PRD001,1,35
CALLHCP0013001,2024-01-24,REP0015,HCP001300,PRD001,1,20
CALLHCP0013002,2024-03-14,REP0031,HCP001300,PRD001,1,30
CALLHCP0013003,2024-01-26,REP0006,HCP001300,PRD001,1,21
CALLHCP0005530,2024-01-24,REP0000,HCP000553,PRD001,1,39
CALLHCP0005531,2024-01-04,REP0025,HCP000553,PRD001,1,17
CALLHCP0005532,2024-02-06,REP0037,HCP000553,PRD001,1,9
CALLHCP0005533,2024-03-04,REP0001,HCP000553,PRD001,1,7
CALLHCP0018350,2024-01-28,REP0032,HCP001835,PRD001,1,39
CALLHCP0018351,2024-02-08,REP0014,HCP001835,PRD001,1,29
CALLHCP0018352,2024-02-17,REP0013,HCP001835,PRD001,1,37
CALLHCP0019040,2024-01-19,REP0025,HCP001904,PRD001,1,14
CALLHCP0019041,2024-01-08,REP0037,HCP001904,PRD001,1,20
CALLHCP0019042,2024-01-17,REP0028,HCP001904,PRD001,1,8
CALLHCP0019043,2024-03-19,REP0020,HCP001904,PRD001,1,15
CALLHCP0019044,2024-02-19,REP0002,HCP001904,PRD001,1,17
CALLHCP0014260,2024-01-13,REP0027,HCP001426,PRD001,1,28
CALLHCP0014261,2024-03-20,REP0028,HCP001426,PRD001,1,15
CALLHCP0002410,2024-02-03,REP0005,HCP000241,PRD001,1,9
CALLHCP0002411,2024-02-19,REP0031,HCP000241,PRD001,1,17
CALLHCP0002412,2024-03-13,REP0023,HCP000241,PRD001,1,39
CALLHCP0004430,2024-01-17,REP0026,HCP000443,PRD001,1,39
CALLHCP0004431,2024-03-23,REP0016,HCP000443,PRD001,1,17
CALLHCP0004432,2024-01-15,REP0021,HCP000443,PRD001,1,35
CALLHCP0004433,2024-03-05,REP0039,HCP000443,PRD001,1,22
CALLHCP0018520,2024-03-09,REP0028,HCP001852,PRD001,1,15
CALLHCP0018521,2024-02-19,REP0000,HCP001852,PRD001,1,14
CALLHCP0018522,2024-02-12,REP0004,HCP001852,PRD001,1,12
CALLHCP0018523,2024-03-13,REP0038,HCP001852,PRD001,1,26
CALLHCP0018524,2024-01-26,REP0031,HCP001852,PRD001,1,36
CALLHCP0018525,2024-03-01,REP0004,HCP001852,PRD001,1,21
CALLHCP0018526,2024-02-22,REP0013,HCP001852,PRD001,1,16
CALLHCP0007990,2024-03-05,REP0023,HCP000799,PRD001,1,33
CALLHCP0011960,2024-02-12,REP0035,HCP001196,PRD001,1,31
CALLHCP0011961,2024-03-02,REP0032,HCP001196,PRD001,1,13
CALLHCP0012170,2024-01-16,REP0007,HCP001217,PRD001,1,20
CALLHCP0012171,2024-02-23,REP0037,HCP001217,PRD001,1,16
CALLHCP0012172,2024-03-11,REP0019,HCP001217,PRD001,1,20
CALLHCP0012173,2024-01-15,REP0019,HCP001217,PRD001,1,23
CALLHCP0008080,2024-02-11,REP0005,HCP000808,PRD001,1,20
CALLHCP0008081,2024-03-04,REP0037,HCP000808,PRD001,1,13
CALLHCP0008082,2024-03-08,REP0004,HCP000808,PRD001,1,14
CALLHCP0008083,2024-03-23,REP0018,HCP000808,PRD001,1,34
CALLHCP0008084,2024-03-22,REP0024,HCP000808,PRD001,1,17
CALLHCP0008085,2024-01-18,REP0026,HCP000808,PRD001,1,26
CALLHCP0008086,2024-02-12,REP0027,HCP000808,PRD001,1,28
CALLHCP0010040,2024-01-28,REP0003,HCP001004,PRD001,1,38
CALLHCP0010041,2024-03-06,REP0039,HCP001004,PRD001,1,17
CALLHCP0010042,2024-02-20,REP0031,HCP001004,PRD001,1,27
CALLHCP0010043,2024-02-26,REP0011,HCP001004,PRD001,1,28
CALLHCP0010044,2024-03-11,REP0014,HCP001004,PRD001,1,6
CALLHCP0002990,2024-02-26,REP0006,HCP000299,PRD001,1,11
CALLHCP0002991,2024-03-05,REP0011,HCP000299,PRD001,1,19
CALLHCP0002992,2024-03-17,REP0036,HCP000299,PRD001,1,20
CALLHCP0002993,2024-02-18,REP0017,HCP000299,PRD001,1,15
CALLHCP0002994,2024-01-09,REP0007,HCP000299,PRD001,1,17
CALLHCP0017020,2024-02-17,REP0025,HCP001702,PRD001,1,12
CALLHCP0017021,2024-03-09,REP0039,HCP001702,PRD001,1,7
CALLHCP0017022,2024-01-09,REP0010,HCP001702,PRD001,1,31
CALLHCP0017023,2024-03-23,REP0034,HCP001702,PRD001,1,16
CALLHCP0017024,2024-02-26,REP0034,HCP001702,PRD001,1,21
CALLHCP0017025,2024-02-20,REP0030,HCP001702,PRD001,1,18
CALLHCP0017026,2024-02-02,REP0026,HCP001702,PRD001,1,12
CALLHCP0013630,2024-01-15,REP0027,HCP001363,PRD001,1,15
CALLHCP0013631,2024-03-12,REP0005,HCP001363,PRD001,1,18
CALLHCP0013632,2024-01-16,REP0000,HCP001363,PRD001,1,35
CALLHCP0013633,2024-01-22,REP0009,HCP001363,PRD001,1,18
CALLHCP0013634,2024-03-22,REP0021,HCP001363,PRD001,1,31
CALLHCP0019690,2024-02-22,REP0033,HCP001969,PRD001,1,25
CALLHCP0019691,2024-03-03,REP0030,HCP001969,PRD001,1,9
CALLHCP0019692,2024-03-24,REP0019,HCP001969,PRD001,1,28
CALLHCP0014610,2024-01-23,REP0004,HCP001461,PRD001,1,19
CALLHCP0014611,2024-03-06,REP0024,HCP001461,PRD001,1,30
CALLHCP0014612,2024-02-21,REP0021,HCP001461,PRD001,1,29
CALLHCP0014613,2024-01-18,REP0010,HCP001461,PRD001,1,8
CALLHCP0014614,2024-01-18,REP0019,HCP001461,PRD001,1,8
CALLHCP0014615,2024-03-03,REP0034,HCP001461,PRD001,1,16
CALLHCP0014616,2024-02-21,REP0007,HCP001461,PRD001,1,8
CALLHCP0008650,2024-01-04,REP0007,HCP000865,PRD001,1,9
CALLHCP0000320,2024-01-18,REP0013,HCP000032,PRD001,1,18
CALLHCP0000321,2024-01-03,REP0032,HCP000032,PRD001,1,33
CALLHCP0004400,2024-03-16,REP0020,HCP000440,PRD001,1,38
CALLHCP0004401,2024-01-01,REP0027,HCP000440,PRD001,1,30
CALLHCP0004402,2024-03-13,REP0004,HCP000440,PRD001,1,13
CALLHCP0004403,2024-01-12,REP0017,HCP000440,PRD001,1,12
CALLHCP0004404,2024-01-24,REP0029,HCP000440,PRD001,1,5
CALLHCP0004405,2024-01-12,REP0003,HCP000440,PRD001,1,27
CALLHCP0017680,2024-03-12,REP0033,HCP001768,PRD001,1,38
CALLHCP0017681,2024-03-13,REP0034,HCP001768,PRD001,1,6
CALLHCP0017682,2024-02-28,REP0024,HCP001768,PRD001,1,31
CALLHCP0017683,2024-02-23,REP0028,HCP001768,PRD001,1,16
CALLHCP0017684,2024-01-31,REP0027,HCP001768,PRD001,1,18
CALLHCP0017685,2024-02-29,REP0018,HCP001768,PRD001,1,7
CALLHCP0017686,2024-02-03,REP0019,HCP001768,PRD001,1,22
CALLHCP0002460,2024-01-12,REP0034,HCP000246,PRD001,1,24
CALLHCP0002461,2024-03-13,REP0039,HCP000246,PRD001,1,24
CALLHCP0002462,2024-01-29,REP0011,HCP000246,PRD001,1,19
CALLHCP0017430,2024-02-14,REP0036,HCP001743,PRD001,1,16
CALLHCP0017431,2024-02-26,REP0031,HCP001743,PRD001,1,20
CALLHCP0011700,2024-03-14,REP0013,HCP001170,PRD001,1,24
CALLHCP0011701,2024-01-03,REP0011,HCP001170,PRD001,1,14
CALLHCP0011702,2024-03-23,REP0027,HCP001170,PRD001,1,10
CALLHCP0011703,2024-03-01,REP0004,HCP001170,PRD001,1,38
CALLHCP0011704,2024-01-19,REP0029,HCP001170,PRD001,1,17
CALLHCP0011705,2024-02-09,REP0003,HCP001170,PRD001,1,10
CALLHCP0011706,2024-03-10,REP0039,HCP001170,PRD001,1,15
CALLHCP0000630,2024-01-01,REP0030,HCP000063,PRD001,1,35
CALLHCP0000631,2024-03-17,REP0031,HCP000063,PRD001,1,33
CALLHCP0000632,2024-02-10,REP0021,HCP000063,PRD001,1,25
CALLHCP0000633,2024-03-08,REP0022,HCP000063,PRD001,1,30
CALLHCP0000634,2024-03-08,REP0035,HCP000063,PRD001,1,8
CALLHCP0019420,2024-03-14,REP0018,HCP001942,PRD001,1,16
CALLHCP0019421,2024-01-22,REP0038,HCP001942,PRD001,1,38
CALLHCP0019422,2024-01-28,REP0029,HCP001942,PRD001,1,16
CALLHCP0019423,2024-03-21,REP0037,HCP001942,PRD001,1,14
CALLHCP0019424,2024-02-24,REP0020,HCP001942,PRD001,1,13
CALLHCP0019425,2024-01-28,REP0019,HCP001942,PRD001,1,33
CALLHCP0007050,2024-02-28,REP0029,HCP000705,PRD001,1,39
CALLHCP0007051,2024-01-28,REP0003,HCP000705,PRD001,1,29
CALLHCP0007052,2024-02-28,REP0038,HCP000705,PRD001,1,17
CALLHCP0007053,2024-02-01,REP0029,HCP000705,PRD001,1,10
CALLHCP0007054,2024-03-15,REP0007,HCP000705,PRD001,1,22
CALLHCP0007055,2024-01-31,REP0005,HCP000705,PRD001,1,37
CALLHCP0003800,2024-02-23,REP0023,HCP000380,PRD001,1,6
CALLHCP0003801,2024-01-07,REP0031,HCP000380,PRD001,1,7
CALLHCP0003802,2024-01-15,REP0034,HCP000380,PRD001,1,15
CALLHCP0003803,2024-01-04,REP0002,HCP000380,PRD001,1,13
CALLHCP0003804,2024-02-03,REP0020,HCP000380,PRD001,1,37
CALLHCP0003805,2024-01-19,REP0025,HCP000380,PRD001,1,5
CALLHCP0003806,2024-01-05,REP0014,HCP000380,PRD001,1,24
CALLHCP0012450,2024-01-23,REP0022,HCP001245,PRD001,1,26
CALLHCP0007390,2024-01-17,REP0038,HCP000739,PRD001,1,6
CALLHCP0007391,2024-02-13,REP0001,HCP000739,PRD001,1,21
CALLHCP0007392,2024-01-16,REP0023,HCP000739,PRD001,1,8
CALLHCP0007393,2024-01-14,REP0020,HCP000739,PRD001,1,12
CALLHCP0007394,2024-02-25,REP0025,HCP000739,PRD001,1,13
CALLHCP0007395,2024-02-05,REP0011,HCP000739,PRD001,1,33
CALLHCP0007396,2024-03-10,REP0020,HCP000739,PRD001,1,22
CALLHCP0014460,2024-03-08,REP0005,HCP001446,PRD001,1,7
CALLHCP0014461,2024-02-16,REP0009,HCP001446,PRD001,1,33
CALLHCP0014462,2024-03-11,REP0031,HCP001446,PRD001,1,9
CALLHCP0014463,2024-01-13,REP0019,HCP001446,PRD001,1,22
CALLHCP0016970,2024-02-14,REP0017,HCP001697,PRD001,1,26
CALLHCP0016971,2024-02-18,REP0006,HCP001697,PRD001,1,21
CALLHCP0016972,2024-02-13,REP0005,HCP001697,PRD001,1,6
CALLHCP0016973,2024-01-21,REP0003,HCP001697,PRD001,1,5
CALLHCP0016974,2024-02-27,REP0022,HCP001697,PRD001,1,39
CALLHCP0016975,2024-02-09,REP0030,HCP001697,PRD001,1,39
CALLHCP0000160,2024-02-23,REP0026,HCP000016,PRD001,1,13
CALLHCP0002760,2024-02-09,REP0012,HCP000276,PRD001,1,35
CALLHCP0006950,2024-03-15,REP0027,HCP000695,PRD001,1,7
CALLHCP0006951,2024-01-17,REP0032,HCP000695,PRD001,1,6
CALLHCP0006952,2024-03-11,REP0034,HCP000695,PRD001,1,39
CALLHCP0006953,2024-01-12,REP0017,HCP000695,PRD001,1,22
CALLHCP0006954,2024-03-10,REP0015,HCP000695,PRD001,1,35
CALLHCP0005620,2024-03-18,REP0039,HCP000562,PRD001,1,24
CALLHCP0005621,2024-01-15,REP0015,HCP000562,PRD001,1,29
CALLHCP0005622,2024-03-05,REP0003,HCP000562,PRD001,1,12
CALLHCP0010390,2024-03-05,REP0033,HCP001039,PRD001,1,6
CALLHCP0010391,2024-03-13,REP0000,HCP001039,PRD001,1,26
CALLHCP0010392,2024-01-07,REP0023,HCP001039,PRD001,1,33
CALLHCP0010393,2024-01-01,REP0009,HCP001039,PRD001,1,33
CALLHCP0010394,2024-01-04,REP0030,HCP001039,PRD001,1,32
CALLHCP0010395,2024-02-08,REP0032,HCP001039,PRD001,1,34
CALLHCP0010396,2024-02-26,REP0027,HCP001039,PRD001,1,31
CALLHCP0000210,2024-03-09,REP0012,HCP000021,PRD001,1,38
CALLHCP0000211,2024-02-01,REP0031,HCP000021,PRD001,1,36
CALLHCP0018370,2024-01-12,REP0037,HCP001837,PRD001,1,9
CALLHCP0018371,2024-01-25,REP0038,HCP001837,PRD001,1,22
CALLHCP0018372,2024-03-18,REP0037,HCP001837,PRD001,1,23
CALLHCP0002910,2024-03-19,REP0038,HCP000291,PRD001,1,34
CALLHCP0002911,2024-01-04,REP0024,HCP000291,PRD001,1,28
CALLHCP0002912,2024-01-01,REP0016,HCP000291,PRD001,1,13
CALLHCP0002913,2024-01-03,REP0027,HCP000291,PRD001,1,26
CALLHCP0002914,2024-03-08,REP0025,HCP000291,PRD001,1,27
CALLHCP0002915,2024-03-03,REP0033,HCP000291,PRD001,1,25
CALLHCP0002916,2024-01-25,REP0028,HCP000291,PRD001,1,14
CALLHCP0000550,2024-02-01,REP0023,HCP000055,PRD001,1,29
CALLHCP0011050,2024-01-20,REP0000,HCP001105,PRD001,1,15
CALLHCP0011051,2024-01-25,REP0002,HCP001105,PRD001,1,7
CALLHCP0011052,2024-03-16,REP0007,HCP001105,PRD001,1,5
CALLHCP0011053,2024-02-09,REP0000,HCP001105,PRD001,1,30
CALLHCP0011054,2024-01-26,REP0000,HCP001105,PRD001,1,32
CALLHCP0011055,2024-01-25,REP0019,HCP001105,PRD001,1,30
CALLHCP0019300,2024-03-14,REP0039,HCP001930,PRD001,1,25
CALLHCP0019301,2024-03-12,REP0011,HCP001930,PRD001,1,20
CALLHCP0010750,2024-02-04,REP0013,HCP001075,PRD001,1,7
CALLHCP0010751,2024-03-15,REP0026,HCP001075,PRD001,1,23
CALLHCP0010752,2024-02-18,REP0036,HCP001075,PRD001,1,39
CALLHCP0010753,2024-02-03,REP0039,HCP001075,PRD001,1,10
CALLHCP0010754,2024-03-05,REP0014,HCP001075,PRD001,1,31
CALLHCP0010755,2024-03-06,REP0030,HCP001075,PRD001,1,8
CALLHCP0016650,2024-02-13,REP0039,HCP001665,PRD001,1,31
CALLHCP0016651,2024-03-15,REP0028,HCP001665,PRD001,1,24
CALLHCP0016652,2024-02-03,REP0000,HCP001665,PRD001,1,36
CALLHCP0017770,2024-03-09,REP0010,HCP001777,PRD001,1,10
CALLHCP0017771,2024-01-21,REP0024,HCP001777,PRD001,1,39
CALLHCP0017772,2024-03-24,REP0019,HCP001777,PRD001,1,8
CALLHCP0017773,2024-01-21,REP0006,HCP001777,PRD001,1,34
CALLHCP0017774,2024-01-07,REP0007,HCP001777,PRD001,1,17
CALLHCP0019280,2024-02-07,REP0022,HCP001928,PRD001,1,8
CALLHCP0019281,2024-03-18,REP0001,HCP001928,PRD001,1,17
CALLHCP0019282,2024-02-01,REP0025,HCP001928,PRD001,1,28
CALLHCP0019283,2024-01-05,REP0012,HCP001928,PRD001,1,16
CALLHCP0019284,2024-01-23,REP0024,HCP001928,PRD001,1,18
CALLHCP0007040,2024-01-21,REP0004,HCP000704,PRD001,1,17
CALLHCP0007041,2024-03-12,REP0022,HCP000704,PRD001,1,18
CALLHCP0007042,2024-02-03,REP0022,HCP000704,PRD001,1,26
CALLHCP0007043,2024-03-07,REP0013,HCP000704,PRD001,1,30
CALLHCP0007044,2024-02-23,REP0009,HCP000704,PRD001,1,12
CALLHCP0007045,2024-03-06,REP0031,HCP000704,PRD001,1,18
CALLHCP0007046,2024-02-21,REP0031,HCP000704,PRD001,1,15
CALLHCP0007900,2024-03-13,REP0032,HCP000790,PRD001,1,34
CALLHCP0007901,2024-01-04,REP0034,HCP000790,PRD001,1,25
CALLHCP0007902,2024-03-11,REP0032,HCP000790,PRD001,1,17
CALLHCP0007903,2024-02-16,REP0030,HCP000790,PRD001,1,19
CALLHCP0007904,2024-02-17,REP0027,HCP000790,PRD001,1,34
CALLHCP0007905,2024-01-30,REP0022,HCP000790,PRD001,1,34
CALLHCP0007906,2024-02-17,REP0015,HCP000790,PRD001,1,24
CALLHCP0019560,2024-02-02,REP0006,HCP001956,PRD001,1,34
CALLHCP0019561,2024-02-21,REP0027,HCP001956,PRD001,1,5
CALLHCP0019562,2024-01-11,REP0016,HCP001956,PRD001,1,34
CALLHCP0013380,2024-03-01,REP0024,HCP001338,PRD001,1,7
CALLHCP0013381,2024-03-20,REP0002,HCP001338,PRD001,1,30
CALLHCP0015090,2024-01-30,REP0018,HCP001509,PRD001,1,16
CALLHCP0015091,2024-01-25,REP0015,HCP001509,PRD001,1,15
CALLHCP0015092,2024-02-20,REP0030,HCP001509,PRD001,1,17
CALLHCP0011250,2024-03-23,REP0036,HCP001125,PRD001,1,23
CALLHCP0011251,2024-03-03,REP0030,HCP001125,PRD001,1,5
CALLHCP0010690,2024-01-07,REP0012,HCP001069,PRD001,1,19
CALLHCP0010691,2024-01-16,REP0026,HCP001069,PRD001,1,9
CALLHCP0012090,2024-03-13,REP0034,HCP001209,PRD001,1,30
CALLHCP0012091,2024-01-12,REP0002,HCP001209,PRD001,1,21
CALLHCP0012092,2024-01-08,REP0009,HCP001209,PRD001,1,32
CALLHCP0012093,2024-02-10,REP0016,HCP001209,PRD001,1,38
CALLHCP0012094,2024-01-14,REP0018,HCP001209,PRD001,1,6
CALLHCP0003250,2024-03-23,REP0001,HCP000325,PRD001,1,27
CALLHCP0003251,2024-02-24,REP0036,HCP000325,PRD001,1,8
CALLHCP0003252,2024-02-21,REP0019,HCP000325,PRD001,1,25
CALLHCP0017190,2024-01-11,REP0026,HCP001719,PRD001,1,7
CALLHCP0017191,2024-01-16,REP0004,HCP001719,PRD001,1,5
CALLHCP0017192,2024-01-11,REP0023,HCP001719,PRD001,1,9
CALLHCP0017193,2024-03-10,REP0035,HCP001719,PRD001,1,28
CALLHCP0017194,2024-01-22,REP0022,HCP001719,PRD001,1,39
CALLHCP0017195,2024-02-23,REP0030,HCP001719,PRD001,1,15
CALLHCPFF000040,2024-01-31,REP0015,HCPFF00004,PRD001,1,13
CALLHCPFF000041,2024-03-01,REP0007,HCPFF00004,PRD001,1,35
CALLHCPFF000042,2024-02-11,REP0003,HCPFF00004,PRD001,1,35
CALLHCPFF000043,2024-01-28,REP0030,HCPFF00004,PRD001,1,22
CALLHCPFF000044,2024-02-15,REP0005,HCPFF00004,PRD001,1,8
CALLHCP0010000,2024-02-07,REP0038,HCP001000,PRD001,1,23
CALLHCP0010001,2024-01-03,REP0013,HCP001000,PRD001,1,25
CALLHCP0010002,2024-01-09,REP0006,HCP001000,PRD001,1,23
CALLHCP0010003,2024-02-17,REP0035,HCP001000,PRD001,1,12
CALLHCP0010004,2024-02-10,REP0035,HCP001000,PRD001,1,38
CALLHCP0010005,2024-01-02,REP0012,HCP001000,PRD001,1,11
CALLHCP0010006,2024-02-08,REP0000,HCP001000,PRD001,1,6
CALLHCP0000120,2024-01-08,REP0012,HCP000012,PRD001,1,27
CALLHCP0000121,2024-01-29,REP0010,HCP000012,PRD001,1,35
CALLHCP0017220,2024-03-11,REP0035,HCP001722,PRD001,1,13
CALLHCP0017221,2024-02-23,REP0009,HCP001722,PRD001,1,38
CALLHCP0001220,2024-02-09,REP0021,HCP000122,PRD001,1,16
CALLHCP0001221,2024-03-21,REP0021,HCP000122,PRD001,1,24
CALLHCP0001222,2024-02-20,REP0028,HCP000122,PRD001,1,27
CALLHCP0001223,2024-02-26,REP0032,HCP000122,PRD001,1,7
CALLHCP0001224,2024-03-17,REP0020,HCP000122,PRD001,1,12
CALLHCP0001225,2024-03-17,REP0027,HCP000122,PRD001,1,19
CALLHCP0012280,2024-02-05,REP0017,HCP001228,PRD001,1,5
CALLHCP0012281,2024-03-24,REP0010,HCP001228,PRD001,1,17
CALLHCP0012282,2024-03-21,REP0022,HCP001228,PRD001,1,12
CALLHCP0003140,2024-02-20,REP0021,HCP000314,PRD001,1,6
CALLHCP0003141,2024-03-04,REP0014,HCP000314,PRD001,1,37
CALLHCP0003142,2024-01-07,REP0005,HCP000314,PRD001,1,24
CALLHCP0018060,2024-03-16,REP0032,HCP001806,PRD001,1,11
CALLHCP0018061,2024-01-28,REP0013,HCP001806,PRD001,1,13
CALLHCP0018062,2024-03-09,REP0010,HCP001806,PRD001,1,26
CALLHCP0006120,2024-02-02,REP0012,HCP000612,PRD001,1,34
CALLHCP0008440,2024-02-14,REP0022,HCP000844,PRD001,1,11
CALLHCP0008441,2024-01-20,REP0038,HCP000844,PRD001,1,14
CALLHCP0008442,2024-02-19,REP0033,HCP000844,PRD001,1,20
CALLHCP0017600,2024-01-03,REP0030,HCP001760,PRD001,1,29
CALLHCP0002290,2024-01-05,REP0002,HCP000229,PRD001,1,20
CALLHCP0002291,2024-03-15,REP0022,HCP000229,PRD001,1,30
CALLHCP0002292,2024-02-23,REP0024,HCP000229,PRD001,1,12
CALLHCP0002293,2024-03-10,REP0018,HCP000229,PRD001,1,13
CALLHCP0002294,2024-01-30,REP0020,HCP000229,PRD001,1,18
CALLHCP0002295,2024-03-14,REP0003,HCP000229,PRD001,1,19
CALLHCP0012140,2024-03-07,REP0016,HCP001214,PRD001,1,18
CALLHCP0012141,2024-03-07,REP0037,HCP001214,PRD001,1,25
CALLHCP0012142,2024-01-24,REP0001,HCP001214,PRD001,1,39
CALLHCP0012143,2024-01-20,REP0004,HCP001214,PRD001,1,33
CALLHCP0012144,2024-01-28,REP0026,HCP001214,PRD001,1,29
CALLHCP0005660,2024-03-07,REP0030,HCP000566,PRD001,1,19
CALLHCP0005661,2024-02-08,REP0036,HCP000566,PRD001,1,17
CALLHCP0005662,2024-01-30,REP0021,HCP000566,PRD001,1,7
CALLHCP0005663,2024-03-13,REP0001,HCP000566,PRD001,1,31
CALLHCP0005664,2024-02-14,REP0034,HCP000566,PRD001,1,31
CALLHCP0005665,2024-01-08,REP0032,HCP000566,PRD001,1,21
CALLHCP0005666,2024-01-27,REP0000,HCP000566,PRD001,1,38
CALLHCP0013160,2024-01-18,REP0006,HCP001316,PRD001,1,12
CALLHCP0013161,2024-01-13,REP0033,HCP001316,PRD001,1,39
CALLHCP0013162,2024-01-06,REP0002,HCP001316,PRD001,1,21
CALLHCP0013163,2024-01-15,REP0030,HCP001316,PRD001,1,35
CALLHCP0013164,2024-03-23,REP0026,HCP001316,PRD001,1,36
CALLHCP0013165,2024-02-06,REP0034,HCP001316,PRD001,1,34
CALLHCP0013166,2024-03-11,REP0023,HCP001316,PRD001,1,21
CALLHCP0017860,2024-03-06,REP0028,HCP001786,PRD001,1,11
CALLHCP0017861,2024-01-04,REP0017,HCP001786,PRD001,1,26
CALLHCP0014620,2024-02-11,REP0001,HCP001462,PRD001,1,20
CALLHCP0014621,2024-01-01,REP0015,HCP001462,PRD001,1,20
CALLHCP0014622,2024-02-20,REP0036,HCP001462,PRD001,1,20
CALLHCP0007760,2024-02-16,REP0032,HCP000776,PRD001,1,15
CALLHCP0007761,2024-03-24,REP0017,HCP000776,PRD001,1,37
CALLHCP0007762,2024-03-11,REP0022,HCP000776,PRD001,1,35
CALLHCP0007763,2024-02-02,REP0007,HCP000776,PRD001,1,38
CALLHCP0007764,2024-01-15,REP0039,HCP000776,PRD001,1,8
CALLHCP0007765,2024-01-23,REP0037,HCP000776,PRD001,1,16
CALLHCP0007766,2024-01-04,REP0026,HCP000776,PRD001,1,32
CALLHCP0009960,2024-03-20,REP0033,HCP000996,PRD001,1,25
CALLHCP0009961,2024-01-07,REP0026,HCP000996,PRD001,1,31
CALLHCP0009962,2024-01-08,REP0025,HCP000996,PRD001,1,13
CALLHCP0010230,2024-03-20,REP0034,HCP001023,PRD001,1,13
CALLHCP0010231,2024-02-21,REP0027,HCP001023,PRD001,1,5
CALLHCP0010232,2024-01-11,REP0030,HCP001023,PRD001,1,8
CALLHCP0010233,2024-02-04,REP0034,HCP001023,PRD001,1,6
CALLHCP0010234,2024-01-06,REP0031,HCP001023,PRD001,1,36
CALLHCP0010820,2024-01-20,REP0001,HCP001082,PRD001,1,25
CALLHCP0010821,2024-01-24,REP0026,HCP001082,PRD001,1,13
CALLHCP0010822,2024-01-10,REP0036,HCP001082,PRD001,1,26
CALLHCP0010823,2024-01-06,REP0033,HCP001082,PRD001,1,12
CALLHCP0004480,2024-02-02,REP0004,HCP000448,PRD001,1,27
CALLHCP0012750,2024-03-03,REP0027,HCP001275,PRD001,1,26
CALLHCP0012751,2024-02-07,REP0039,HCP001275,PRD001,1,22
CALLHCP0012752,2024-01-26,REP0024,HCP001275,PRD001,1,5
CALLHCP0012753,2024-03-07,REP0024,HCP001275,PRD001,1,18
CALLHCP0012754,2024-01-17,REP0032,HCP001275,PRD001,1,5
CALLHCP0013740,2024-02-09,REP0000,HCP001374,PRD001,1,16
CALLHCP0013741,2024-02-12,REP0002,HCP001374,PRD001,1,21
CALLHCP0013742,2024-02-26,REP0024,HCP001374,PRD001,1,39
CALLHCP0013743,2024-02-23,REP0011,HCP001374,PRD001,1,29
CALLHCP0013744,2024-02-06,REP0030,HCP001374,PRD001,1,31
CALLHCP0013745,2024-02-12,REP0018,HCP001374,PRD001,1,36
CALLHCP0013746,2024-03-19,REP0028,HCP001374,PRD001,1,30
CALLHCP0012150,2024-02-18,REP0023,HCP001215,PRD001,1,5
CALLHCP0012151,2024-02-16,REP0020,HCP001215,PRD001,1,37
CALLHCP0012152,2024-01-07,REP0016,HCP001215,PRD001,1,18
CALLHCP0013080,2024-02-13,REP0027,HCP001308,PRD001,1,5
CALLHCP0013081,2024-03-13,REP0013,HCP001308,PRD001,1,28
CALLHCP0013082,2024-02-04,REP0036,HCP001308,PRD001,1,38
CALLHCP0013083,2024-03-20,REP0015,HCP001308,PRD001,1,6
CALLHCP0013084,2024-01-05,REP0004,HCP001308,PRD001,1,19
CALLHCP0013085,2024-02-13,REP0034,HCP001308,PRD001,1,21
CALLHCP0014040,2024-01-08,REP0032,HCP001404,PRD001,1,24
CALLHCP0014041,2024-02-01,REP0017,HCP001404,PRD001,1,7
CALLHCP0014042,2024-02-03,REP0032,HCP001404,PRD001,1,21
CALLHCP0014043,2024-03-08,REP0038,HCP001404,PRD001,1,28
CALLHCP0014044,2024-01-19,REP0010,HCP001404,PRD001,1,17
CALLHCP0014045,2024-01-19,REP0022,HCP001404,PRD001,1,36
CALLHCP0014046,2024-03-24,REP0006,HCP001404,PRD001,1,14
CALLHCP0008960,2024-03-15,REP0033,HCP000896,PRD001,1,27
CALLHCP0008961,2024-03-03,REP0023,HCP000896,PRD001,1,12
CALLHCP0008962,2024-03-20,REP0024,HCP000896,PRD001,1,23
CALLHCP0008963,2024-01-23,REP0017,HCP000896,PRD001,1,38
CALLHCP0008964,2024-01-27,REP0019,HCP000896,PRD001,1,25
CALLHCP0008965,2024-03-08,REP0035,HCP000896,PRD001,1,24
CALLHCP0013070,2024-01-20,REP0034,HCP001307,PRD001,1,12
CALLHCP0013071,2024-01-18,REP0023,HCP001307,PRD001,1,32
CALLHCP0013072,2024-02-25,REP0031,HCP001307,PRD001,1,5
CALLHCP0013073,2024-02-12,REP0037,HCP001307,PRD001,1,8
CALLHCP0013074,2024-02-25,REP0035,HCP001307,PRD001,1,32
CALLHCP0013075,2024-02-03,REP0011,HCP001307,PRD001,1,36
CALLHCP0019290,2024-02-19,REP0015,HCP001929,PRD001,1,37
CALLHCP0019291,2024-02-25,REP0039,HCP001929,PRD001,1,19
CALLHCP0019292,2024-03-13,REP0014,HCP001929,PRD001,1,18
CALLHCP0012190,2024-02-18,REP0015,HCP001219,PRD001,1,38
CALLHCP0012191,2024-01-23,REP0029,HCP001219,PRD001,1,39
CALLHCP0012192,2024-02-04,REP0013,HCP001219,PRD001,1,39
CALLHCP0005430,2024-01-13,REP0022,HCP000543,PRD001,1,13
CALLHCP0013610,2024-03-05,REP0023,HCP001361,PRD001,1,30
CALLHCP0013611,2024-03-23,REP0002,HCP001361,PRD001,1,38
CALLHCP0013612,2024-03-09,REP0037,HCP001361,PRD001,1,11
CALLHCP0013613,2024-02-05,REP0023,HCP001361,PRD001,1,37
CALLHCP0013570,2024-02-11,REP0029,HCP001357,PRD001,1,16
CALLHCP0013571,2024-02-22,REP0009,HCP001357,PRD001,1,39
CALLHCP0013572,2024-03-10,REP0035,HCP001357,PRD001,1,20
CALLHCP0012180,2024-02-09,REP0012,HCP001218,PRD001,1,10
CALLHCP0012181,2024-02-28,REP0024,HCP001218,PRD001,1,36
CALLHCP0007490,2024-01-29,REP0034,HCP000749,PRD001,1,6
CALLHCP0007491,2024-02-01,REP0007,HCP000749,PRD001,1,38
CALLHCP0007492,2024-03-10,REP0027,HCP000749,PRD001,1,36
CALLHCP0007493,2024-01-06,REP0006,HCP000749,PRD001,1,5
CALLHCP0007160,2024-02-09,REP0027,HCP000716,PRD001,1,30
CALLHCP0011990,2024-02-12,REP0011,HCP001199,PRD001,1,6
CALLHCP0005520,2024-01-06,REP0000,HCP000552,PRD001,1,19
CALLHCP0005521,2024-02-03,REP0020,HCP000552,PRD001,1,27
CALLHCP0006420,2024-01-20,REP0021,HCP000642,PRD001,1,25
CALLHCP0006421,2024-03-23,REP0028,HCP000642,PRD001,1,33
CALLHCP0006422,2024-03-05,REP0009,HCP000642,PRD001,1,28
CALLHCP0006423,2024-01-25,REP0016,HCP000642,PRD001,1,14
CALLHCP0006424,2024-03-19,REP0024,HCP000642,PRD001,1,19
CALLHCP0004640,2024-03-13,REP0003,HCP000464,PRD001,1,24
CALLHCP0004641,2024-02-04,REP0002,HCP000464,PRD001,1,25
CALLHCP0004642,2024-03-16,REP0002,HCP000464,PRD001,1,20
CALLHCP0004643,2024-01-06,REP0026,HCP000464,PRD001,1,19
CALLHCP0004644,2024-01-24,REP0025,HCP000464,PRD001,1,13
CALLHCP0003680,2024-01-29,REP0024,HCP000368,PRD001,1,17
CALLHCP0010900,2024-02-09,REP0018,HCP001090,PRD001,1,23
CALLHCP0010901,2024-01-21,REP0009,HCP001090,PRD001,1,12
CALLHCP0010902,2024-02-29,REP0005,HCP001090,PRD001,1,31
CALLHCP0010903,2024-02-24,REP0021,HCP001090,PRD001,1,17
CALLHCP0010904,2024-02-20,REP0024,HCP001090,PRD001,1,13
CALLHCP0010905,2024-02-11,REP0012,HCP001090,PRD001,1,16
CALLHCP0017830,2024-03-05,REP0023,HCP001783,PRD001,1,35
CALLHCP0017831,2024-02-16,REP0023,HCP001783,PRD001,1,34
CALLHCP0017832,2024-01-13,REP0031,HCP001783,PRD001,1,21
CALLHCP0017833,2024-02-15,REP0005,HCP001783,PRD001,1,18
CALLHCP0017834,2024-01-26,REP0011,HCP001783,PRD001,1,39
CALLHCP0017835,2024-03-04,REP0001,HCP001783,PRD001,1,14
CALLHCP0018130,2024-02-22,REP0033,HCP001813,PRD001,1,38
CALLHCP0018131,2024-02-08,REP0003,HCP001813,PRD001,1,36
CALLHCP0015560,2024-01-01,REP0017,HCP001556,PRD001,1,26
CALLHCP0015561,2024-02-08,REP0039,HCP001556,PRD001,1,32
CALLHCP0015562,2024-02-23,REP0017,HCP001556,PRD001,1,25
CALLHCP0015563,2024-02-19,REP0009,HCP001556,PRD001,1,15
CALLHCP0015564,2024-03-24,REP0009,HCP001556,PRD001,1,34
CALLHCP0015565,2024-01-19,REP0034,HCP001556,PRD001,1,21
CALLHCP0014730,2024-01-25,REP0013,HCP001473,PRD001,1,20
CALLHCP0014731,2024-03-20,REP0027,HCP001473,PRD001,1,18
CALLHCP0014732,2024-03-20,REP0023,HCP001473,PRD001,1,36
CALLHCP0014733,2024-02-12,REP0013,HCP001473,PRD001,1,38
CALLHCP0014734,2024-03-12,REP0027,HCP001473,PRD001,1,27
CALLHCP0014735,2024-02-13,REP0010,HCP001473,PRD001,1,35
CALLHCP0008630,2024-02-20,REP0011,HCP000863,PRD001,1,16
CALLHCP0008631,2024-01-09,REP0034,HCP000863,PRD001,1,20
CALLHCP0008632,2024-03-10,REP0005,HCP000863,PRD001,1,37
CALLHCP0002500,2024-02-19,REP0005,HCP000250,PRD001,1,13
CALLHCP0002501,2024-01-16,REP0006,HCP000250,PRD001,1,19
CALLHCP0002502,2024-02-23,REP0004,HCP000250,PRD001,1,12
CALLHCP0002503,2024-02-12,REP0020,HCP000250,PRD001,1,37
CALLHCP0002504,2024-01-11,REP0016,HCP000250,PRD001,1,6
CALLHCP0002505,2024-03-16,REP0030,HCP000250,PRD001,1,21
CALLHCP0006820,2024-03-23,REP0009,HCP000682,PRD001,1,30
CALLHCP0006821,2024-02-23,REP0031,HCP000682,PRD001,1,31
CALLHCP0006822,2024-02-06,REP0007,HCP000682,PRD001,1,22
CALLHCP0006823,2024-01-27,REP0034,HCP000682,PRD001,1,35
CALLHCP0006824,2024-01-09,REP0017,HCP000682,PRD001,1,29
CALLHCP0006825,2024-01-28,REP0004,HCP000682,PRD001,1,17
CALLHCP0003810,2024-01-08,REP0028,HCP000381,PRD001,1,34
CALLHCP0007150,2024-01-01,REP0021,HCP000715,PRD001,1,37
CALLHCP0007151,2024-01-08,REP0006,HCP000715,PRD001,1,28
CALLHCP0007152,2024-03-11,REP0004,HCP000715,PRD001,1,35
CALLHCP0003320,2024-02-19,REP0001,HCP000332,PRD001,1,34
CALLHCP0003321,2024-01-18,REP0000,HCP000332,PRD001,1,33
CALLHCP0003322,2024-02-26,REP0013,HCP000332,PRD001,1,23
CALLHCP0003323,2024-03-24,REP0033,HCP000332,PRD001,1,21
CALLHCP0003324,2024-02-08,REP0036,HCP000332,PRD001,1,20
CALLHCP0003325,2024-02-27,REP0028,HCP000332,PRD001,1,18
CALLHCP0003326,2024-03-17,REP0013,HCP000332,PRD001,1,9
CALLHCP0005400,2024-01-06,REP0038,HCP000540,PRD001,1,11
CALLHCP0005401,2024-03-14,REP0031,HCP000540,PRD001,1,25
CALLHCP0005402,2024-03-03,REP0004,HCP000540,PRD001,1,36
CALLHCP0005403,2024-03-16,REP0010,HCP000540,PRD001,1,30
CALLHCP0015210,2024-02-02,REP0028,HCP001521,PRD001,1,33
CALLHCP0015211,2024-02-23,REP0012,HCP001521,PRD001,1,34
CALLHCP0015212,2024-02-27,REP0023,HCP001521,PRD001,1,30
CALLHCP0015213,2024-01-30,REP0020,HCP001521,PRD001,1,32
CALLHCP0015214,2024-01-06,REP0035,HCP001521,PRD001,1,39
CALLHCP0015215,2024-01-13,REP0001,HCP001521,PRD001,1,39
CALLHCP0019010,2024-03-06,REP0009,HCP001901,PRD001,1,26
CALLHCP0019011,2024-01-27,REP0010,HCP001901,PRD001,1,39
CALLHCP0019012,2024-01-04,REP0033,HCP001901,PRD001,1,22
CALLHCP0019013,2024-03-23,REP0039,HCP001901,PRD001,1,30
CALLHCP0019014,2024-03-20,REP0004,HCP001901,PRD001,1,29
CALLHCP0019015,2024-03-10,REP0010,HCP001901,PRD001,1,28
CALLHCP0019016,2024-02-14,REP0030,HCP001901,PRD001,1,35
CALLHCP0000770,2024-01-24,REP0027,HCP000077,PRD001,1,8
CALLHCP0000771,2024-01-23,REP0002,HCP000077,PRD001,1,11
CALLHCP0000772,2024-02-08,REP0023,HCP000077,PRD001,1,26
CALLHCP0000773,2024-02-24,REP0021,HCP000077,PRD001,1,13
CALLHCP0000774,2024-03-08,REP0010,HCP000077,PRD001,1,32
CALLHCP0001490,2024-03-14,REP0010,HCP000149,PRD001,1,6
CALLHCP0001491,2024-03-12,REP0011,HCP000149,PRD001,1,39
CALLHCP0001492,2024-01-19,REP0006,HCP000149,PRD001,1,21
CALLHCP0004440,2024-01-18,REP0004,HCP000444,PRD001,1,38
CALLHCP0004441,2024-01-06,REP0004,HCP000444,PRD001,1,22
CALLHCP0004442,2024-03-14,REP0020,HCP000444,PRD001,1,10
CALLHCP0004443,2024-01-04,REP0004,HCP000444,PRD001,1,19
CALLHCP0004444,2024-02-02,REP0039,HCP000444,PRD001,1,26
CALLHCP0004445,2024-03-04,REP0034,HCP000444,PRD001,1,30
CALLHCP0012400,2024-02-09,REP0021,HCP001240,PRD001,1,30
CALLHCP0012401,2024-01-29,REP0015,HCP001240,PRD001,1,24
CALLHCP0012402,2024-01-24,REP0001,HCP001240,PRD001,1,13
CALLHCP0014240,2024-02-11,REP0014,HCP001424,PRD001,1,26
CALLHCP0014241,2024-03-22,REP0029,HCP001424,PRD001,1,38
CALLHCP0014242,2024-03-05,REP0011,HCP001424,PRD001,1,5
CALLHCP0014243,2024-02-21,REP0009,HCP001424,PRD001,1,8
CALLHCP0014244,2024-03-13,REP0024,HCP001424,PRD001,1,30
CALLHCP0014245,2024-03-05,REP0006,HCP001424,PRD001,1,22
CALLHCP0014246,2024-01-06,REP0012,HCP001424,PRD001,1,8
CALLHCP0003550,2024-01-21,REP0023,HCP000355,PRD001,1,19
CALLHCP0003551,2024-02-02,REP0029,HCP000355,PRD001,1,13
CALLHCP0003552,2024-03-06,REP0030,HCP000355,PRD001,1,36
CALLHCP0003553,2024-03-16,REP0018,HCP000355,PRD001,1,23
CALLHCP0010380,2024-01-18,REP0019,HCP001038,PRD001,1,38
CALLHCP0010381,2024-01-03,REP0030,HCP001038,PRD001,1,29
CALLHCP0010382,2024-01-01,REP0026,HCP001038,PRD001,1,39
CALLHCP0010383,2024-01-15,REP0012,HCP001038,PRD001,1,18
CALLHCP0016900,2024-01-18,REP0027,HCP001690,PRD001,1,19
CALLHCP0016901,2024-02-08,REP0026,HCP001690,PRD001,1,27
CALLHCP0016902,2024-01-26,REP0004,HCP001690,PRD001,1,5
CALLHCP0016903,2024-03-01,REP0036,HCP001690,PRD001,1,32
CALLHCP0016904,2024-02-14,REP0034,HCP001690,PRD001,1,21
CALLHCP0016905,2024-02-05,REP0015,HCP001690,PRD001,1,34
CALLHCP0006000,2024-01-16,REP0038,HCP000600,PRD001,1,29
CALLHCP0006001,2024-02-03,REP0037,HCP000600,PRD001,1,35
CALLHCP0006002,2024-02-03,REP0001,HCP000600,PRD001,1,16
CALLHCP0002270,2024-03-23,REP0037,HCP000227,PRD001,1,17
CALLHCP0002271,2024-01-06,REP0037,HCP000227,PRD001,1,11
CALLHCP0002272,2024-02-23,REP0023,HCP000227,PRD001,1,6
CALLHCP0002273,2024-01-04,REP0010,HCP000227,PRD001,1,16
CALLHCP0002274,2024-02-14,REP0021,HCP000227,PRD001,1,13
CALLHCP0002275,2024-01-07,REP0007,HCP000227,PRD001,1,38
CALLHCP0014760,2024-03-03,REP0009,HCP001476,PRD001,1,36
CALLHCP0014761,2024-02-01,REP0006,HCP001476,PRD001,1,27
CALLHCP0014762,2024-01-22,REP0020,HCP001476,PRD001,1,23
CALLHCP0008200,2024-01-02,REP0003,HCP000820,PRD001,1,22
CALLHCP0008201,2024-01-07,REP0007,HCP000820,PRD001,1,34
CALLHCP0007530,2024-01-01,REP0012,HCP000753,PRD001,1,14
CALLHCP0007531,2024-01-29,REP0030,HCP000753,PRD001,1,19
CALLHCP0007532,2024-02-09,REP0036,HCP000753,PRD001,1,36
CALLHCP0007533,2024-03-13,REP0000,HCP000753,PRD001,1,20
CALLHCP0007534,2024-03-21,REP0039,HCP000753,PRD001,1,8
CALLHCP0000110,2024-01-17,REP0039,HCP000011,PRD001,1,29
CALLHCP0000111,2024-01-04,REP0037,HCP000011,PRD001,1,33
CALLHCP0000112,2024-02-18,REP0014,HCP000011,PRD001,1,17
CALLHCP0000113,2024-01-02,REP0035,HCP000011,PRD001,1,17
CALLHCP0000114,2024-02-06,REP0013,HCP000011,PRD001,1,11
CALLHCP0014050,2024-01-05,REP0007,HCP001405,PRD001,1,22
CALLHCP0010620,2024-01-15,REP0030,HCP001062,PRD001,1,29
CALLHCP0010621,2024-02-23,REP0029,HCP001062,PRD001,1,13
CALLHCP0010622,2024-02-09,REP0016,HCP001062,PRD001,1,7
CALLHCP0008420,2024-02-26,REP0023,HCP000842,PRD001,1,26
CALLHCP0008421,2024-01-27,REP0007,HCP000842,PRD001,1,35
CALLHCP0008422,2024-03-03,REP0004,HCP000842,PRD001,1,17
CALLHCP0008423,2024-02-12,REP0038,HCP000842,PRD001,1,24
CALLHCP0002700,2024-01-17,REP0012,HCP000270,PRD001,1,16
CALLHCP0002701,2024-02-01,REP0004,HCP000270,PRD001,1,11
CALLHCP0002702,2024-03-08,REP0038,HCP000270,PRD001,1,16
CALLHCP0002703,2024-01-01,REP0031,HCP000270,PRD001,1,6
CALLHCP0002704,2024-01-10,REP0020,HCP000270,PRD001,1,29
CALLHCP0002705,2024-01-25,REP0039,HCP000270,PRD001,1,5
CALLHCP0013820,2024-01-04,REP0026,HCP001382,PRD001,1,28
CALLHCP0013821,2024-02-18,REP0027,HCP001382,PRD001,1,34
CALLHCP0013822,2024-02-24,REP0003,HCP001382,PRD001,1,18
CALLHCP0012130,2024-02-08,REP0000,HCP001213,PRD001,1,12
CALLHCP0001450,2024-01-04,REP0033,HCP000145,PRD001,1,34
CALLHCP0001451,2024-03-02,REP0029,HCP000145,PRD001,1,23
CALLHCP0001452,2024-03-21,REP0035,HCP000145,PRD001,1,16
CALLHCP0001453,2024-02-17,REP0018,HCP000145,PRD001,1,29
CALLHCP0001454,2024-01-07,REP0019,HCP000145,PRD001,1,13
CALLHCP0001455,2024-03-21,REP0033,HCP000145,PRD001,1,27
CALLHCP0018770,2024-02-08,REP0015,HCP001877,PRD001,1,38
CALLHCP0018771,2024-02-01,REP0013,HCP001877,PRD001,1,29
CALLHCP0018772,2024-02-19,REP0005,HCP001877,PRD001,1,19
CALLHCP0000250,2024-02-18,REP0017,HCP000025,PRD001,1,14
CALLHCP0003500,2024-01-02,REP0011,HCP000350,PRD001,1,22
CALLHCP0003501,2024-02-22,REP0030,HCP000350,PRD001,1,34
CALLHCP0003502,2024-01-22,REP0006,HCP000350,PRD001,1,38
CALLHCP0003503,2024-02-12,REP0017,HCP000350,PRD001,1,22
CALLHCP0003504,2024-02-11,REP0031,HCP000350,PRD001,1,35
CALLHCP0003505,2024-01-18,REP0028,HCP000350,PRD001,1,25
CALLHCP0003506,2024-01-21,REP0022,HCP000350,PRD001,1,38
CALLHCP0000000,2024-03-13,REP0021,HCP000000,PRD001,1,6
CALLHCP0017960,2024-01-16,REP0030,HCP001796,PRD001,1,25
CALLHCP0017961,2024-01-13,REP0033,HCP001796,PRD001,1,5
CALLHCP0017962,2024-02-15,REP0039,HCP001796,PRD001,1,29
CALLHCP0017963,2024-02-24,REP0036,HCP001796,PRD001,1,34
CALLHCP0017964,2024-02-06,REP0026,HCP001796,PRD001,1,24
CALLHCP0017965,2024-01-25,REP0037,HCP001796,PRD001,1,30
CALLHCP0017966,2024-01-08,REP0016,HCP001796,PRD001,1,26
CALLHCP0004250,2024-03-18,REP0009,HCP000425,PRD001,1,9
CALLHCP0004251,2024-03-19,REP0029,HCP000425,PRD001,1,9
CALLHCP0004252,2024-03-18,REP0009,HCP000425,PRD001,1,12
CALLHCP0004253,2024-03-13,REP0011,HCP000425,PRD001,1,22
CALLHCP0004254,2024-02-18,REP0001,HCP000425,PRD001,1,13
CALLHCP0006960,2024-02-03,REP0036,HCP000696,PRD001,1,13
CALLHCP0000190,2024-02-14,REP0029,HCP000019,PRD001,1,35
CALLHCP0015430,2024-02-19,REP0036,HCP001543,PRD001,1,9
CALLHCP0015431,2024-01-07,REP0039,HCP001543,PRD001,1,10
CALLHCP0015432,2024-03-10,REP0030,HCP001543,PRD001,1,16
CALLHCP0015433,2024-02-05,REP0000,HCP001543,PRD001,1,13
CALLHCP0006330,2024-03-09,REP0023,HCP000633,PRD001,1,11
CALLHCP0006331,2024-02-25,REP0010,HCP000633,PRD001,1,22
CALLHCP0006332,2024-03-17,REP0010,HCP000633,PRD001,1,21
CALLHCP0006333,2024-01-09,REP0034,HCP000633,PRD001,1,32
CALLHCP0006334,2024-02-25,REP0012,HCP000633,PRD001,1,29
CALLHCP0006335,2024-03-03,REP0002,HCP000633,PRD001,1,21
CALLHCP0006336,2024-01-01,REP0015,HCP000633,PRD001,1,29
CALLHCP0016430,2024-01-01,REP0011,HCP001643,PRD001,1,29
CALLHCP0016431,2024-02-09,REP0032,HCP001643,PRD001,1,23
CALLHCP0016432,2024-03-19,REP0034,HCP001643,PRD001,1,21
CALLHCP0016433,2024-01-03,REP0017,HCP001643,PRD001,1,17
CALLHCP0016434,2024-02-22,REP0039,HCP001643,PRD001,1,18
CALLHCP0016435,2024-01-09,REP0011,HCP001643,PRD001,1,30
CALLHCP0013690,2024-02-29,REP0014,HCP001369,PRD001,1,17
CALLHCP0018110,2024-02-06,REP0013,HCP001811,PRD001,1,37
CALLHCP0018111,2024-03-11,REP0027,HCP001811,PRD001,1,14
CALLHCP0019600,2024-01-21,REP0028,HCP001960,PRD001,1,19
CALLHCP0019601,2024-03-09,REP0017,HCP001960,PRD001,1,5
CALLHCP0019602,2024-03-17,REP0021,HCP001960,PRD001,1,19
CALLHCP0019603,2024-01-16,REP0001,HCP001960,PRD001,1,20
CALLHCP0019910,2024-02-14,REP0036,HCP001991,PRD001,1,16
CALLHCP0019911,2024-02-17,REP0013,HCP001991,PRD001,1,26
CALLHCP0019912,2024-03-06,REP0000,HCP001991,PRD001,1,8
CALLHCP0011230,2024-01-28,REP0005,HCP001123,PRD001,1,36
CALLHCP0011231,2024-03-16,REP0007,HCP001123,PRD001,1,29
CALLHCP0011232,2024-02-18,REP0019,HCP001123,PRD001,1,17
CALLHCP0011233,2024-02-27,REP0033,HCP001123,PRD001,1,17
CALLHCP0011234,2024-02-22,REP0007,HCP001123,PRD001,1,5
CALLHCP0006220,2024-03-08,REP0027,HCP000622,PRD001,1,36
CALLHCP0006221,2024-01-08,REP0004,HCP000622,PRD001,1,29
CALLHCP0006222,2024-01-16,REP0015,HCP000622,PRD001,1,22
CALLHCP0006223,2024-02-17,REP0007,HCP000622,PRD001,1,23
CALLHCP0006224,2024-01-20,REP0034,HCP000622,PRD001,1,22
CALLHCP0006225,2024-02-28,REP0001,HCP000622,PRD001,1,21
CALLHCP0006226,2024-01-31,REP0022,HCP000622,PRD001,1,18
CALLHCP0017920,2024-01-11,REP0010,HCP001792,PRD001,1,12
CALLHCP0017921,2024-02-21,REP0007,HCP001792,PRD001,1,37
CALLHCP0017750,2024-01-24,REP0036,HCP001775,PRD001,1,19
CALLHCP0017751,2024-01-13,REP0026,HCP001775,PRD001,1,13
CALLHCP0017752,2024-02-04,REP0014,HCP001775,PRD001,1,16
CALLHCP0006610,2024-01-03,REP0005,HCP000661,PRD001,1,18
CALLHCP0006611,2024-02-06,REP0039,HCP000661,PRD001,1,23
CALLHCP0006612,2024-01-12,REP0012,HCP000661,PRD001,1,18
CALLHCP0006613,2024-02-04,REP0019,HCP000661,PRD001,1,39
CALLHCP0006614,2024-03-10,REP0034,HCP000661,PRD001,1,33
CALLHCP0006615,2024-02-15,REP0037,HCP000661,PRD001,1,25
CALLHCP0012430,2024-02-27,REP0036,HCP001243,PRD001,1,6
CALLHCP0012431,2024-03-19,REP0031,HCP001243,PRD001,1,38
CALLHCP0012432,2024-02-03,REP0002,HCP001243,PRD001,1,39
CALLHCP0012433,2024-03-17,REP0005,HCP001243,PRD001,1,39
CALLHCP0012434,2024-01-29,REP0032,HCP001243,PRD001,1,13
CALLHCP0011580,2024-01-18,REP0003,HCP001158,PRD001,1,25
CALLHCP0011581,2024-01-10,REP0009,HCP001158,PRD001,1,5
CALLHCP0011582,2024-01-06,REP0025,HCP001158,PRD001,1,13
CALLHCP0011583,2024-01-27,REP0036,HCP001158,PRD001,1,18
CALLHCP0007120,2024-03-21,REP0024,HCP000712,PRD001,1,27
CALLHCP0007121,2024-02-03,REP0022,HCP000712,PRD001,1,22
CALLHCP0007122,2024-02-19,REP0032,HCP000712,PRD001,1,38
CALLHCP0007123,2024-02-03,REP0021,HCP000712,PRD001,1,18
CALLHCP0007124,2024-02-11,REP0016,HCP000712,PRD001,1,38
CALLHCP0007125,2024-02-14,REP0004,HCP000712,PRD001,1,8
CALLHCP0019370,2024-03-15,REP0023,HCP001937,PRD001,1,28
CALLHCP0019371,2024-03-24,REP0022,HCP001937,PRD001,1,11
CALLHCP0019372,2024-02-27,REP0034,HCP001937,PRD001,1,17
CALLHCP0019373,2024-03-15,REP0011,HCP001937,PRD001,1,19
CALLHCP0019374,2024-02-07,REP0012,HCP001937,PRD001,1,11
CALLHCP0019375,2024-01-06,REP0034,HCP001937,PRD001,1,10
CALLHCP0017640,2024-02-13,REP0009,HCP001764,PRD001,1,22
CALLHCP0017641,2024-02-15,REP0028,HCP001764,PRD001,1,27
CALLHCP0017642,2024-01-01,REP0022,HCP001764,PRD001,1,14
CALLHCP0017643,2024-01-22,REP0007,HCP001764,PRD001,1,8
CALLHCP0017644,2024-02-01,REP0001,HCP001764,PRD001,1,9
CALLHCP0017645,2024-01-16,REP0027,HCP001764,PRD001,1,23
CALLHCP0017646,2024-02-06,REP0006,HCP001764,PRD001,1,25
CALLHCP0001410,2024-03-01,REP0018,HCP000141,PRD001,1,19
CALLHCP0001411,2024-01-08,REP0004,HCP000141,PRD001,1,14
CALLHCP0001412,2024-02-02,REP0029,HCP000141,PRD001,1,39
CALLHCP0001413,2024-01-21,REP0037,HCP000141,PRD001,1,5
CALLHCP0016040,2024-03-04,REP0036,HCP001604,PRD001,1,30
CALLHCP0016041,2024-01-08,REP0005,HCP001604,PRD001,1,8
CALLHCP0016042,2024-01-02,REP0033,HCP001604,PRD001,1,31
CALLHCP0016043,2024-02-22,REP0030,HCP001604,PRD001,1,7
CALLHCP0006070,2024-01-19,REP0038,HCP000607,PRD001,1,6
CALLHCP0006071,2024-01-13,REP0021,HCP000607,PRD001,1,8
CALLHCP0006072,2024-03-11,REP0016,HCP000607,PRD001,1,30
CALLHCP0006073,2024-01-03,REP0009,HCP000607,PRD001,1,22
CALLHCP0006074,2024-02-10,REP0010,HCP000607,PRD001,1,9
CALLHCP0012160,2024-03-19,REP0031,HCP001216,PRD001,1,33
CALLHCP0012161,2024-02-17,REP0031,HCP001216,PRD001,1,8
CALLHCP0007890,2024-01-20,REP0003,HCP000789,PRD001,1,32
CALLHCP0007891,2024-01-23,REP0027,HCP000789,PRD001,1,29
CALLHCP0007892,2024-02-16,REP0035,HCP000789,PRD001,1,6
CALLHCP0007893,2024-03-12,REP0028,HCP000789,PRD001,1,31
CALLHCP0007894,2024-02-15,REP0030,HCP000789,PRD001,1,9
CALLHCP0000480,2024-03-06,REP0011,HCP000048,PRD001,1,22
CALLHCP0019090,2024-03-24,REP0026,HCP001909,PRD001,1,15
CALLHCP0019091,2024-02-12,REP0004,HCP001909,PRD001,1,20
CALLHCP0019092,2024-01-08,REP0011,HCP001909,PRD001,1,31
CALLHCP0019093,2024-03-24,REP0021,HCP001909,PRD001,1,24
CALLHCP0019094,2024-02-09,REP0009,HCP001909,PRD001,1,22
CALLHCP0007280,2024-01-04,REP0004,HCP000728,PRD001,1,23
CALLHCP0007281,2024-01-19,REP0001,HCP000728,PRD001,1,37
CALLHCP0007282,2024-02-06,REP0017,HCP000728,PRD001,1,5
CALLHCP0007283,2024-02-14,REP0022,HCP000728,PRD001,1,14
CALLHCP0007284,2024-03-15,REP0030,HCP000728,PRD001,1,23
CALLHCP0003390,2024-01-22,REP0029,HCP000339,PRD001,1,31
CALLHCP0009990,2024-03-05,REP0031,HCP000999,PRD001,1,7
CALLHCP0009991,2024-01-10,REP0015,HCP000999,PRD001,1,33
CALLHCP0009992,2024-02-15,REP0001,HCP000999,PRD001,1,22
CALLHCP0009993,2024-01-05,REP0003,HCP000999,PRD001,1,36
CALLHCP0009994,2024-02-21,REP0015,HCP000999,PRD001,1,39
CALLHCP0008150,2024-02-21,REP0027,HCP000815,PRD001,1,24
CALLHCP0001540,2024-02-12,REP0017,HCP000154,PRD001,1,14
CALLHCP0001541,2024-02-27,REP0028,HCP000154,PRD001,1,36
CALLHCP0001542,2024-03-10,REP0039,HCP000154,PRD001,1,30
CALLHCP0001543,2024-03-21,REP0030,HCP000154,PRD001,1,11
CALLHCP0001544,2024-02-29,REP0011,HCP000154,PRD001,1,17
CALLHCP0003980,2024-01-02,REP0009,HCP000398,PRD001,1,38
CALLHCP0003981,2024-01-22,REP0005,HCP000398,PRD001,1,13
CALLHCP0003982,2024-02-07,REP0017,HCP000398,PRD001,1,31
CALLHCP0016300,2024-02-24,REP0027,HCP001630,PRD001,1,11
CALLHCP0016301,2024-02-21,REP0034,HCP001630,PRD001,1,10
CALLHCP0016302,2024-01-07,REP0017,HCP001630,PRD001,1,34
CALLHCP0016303,2024-01-22,REP0003,HCP001630,PRD001,1,36
CALLHCP0005290,2024-01-19,REP0002,HCP000529,PRD001,1,31
CALLHCP0005291,2024-02-16,REP0007,HCP000529,PRD001,1,37
CALLHCP0005292,2024-01-19,REP0024,HCP000529,PRD001,1,8
CALLHCP0018590,2024-01-22,REP0021,HCP001859,PRD001,1,16
CALLHCP0018591,2024-02-02,REP0007,HCP001859,PRD001,1,25
CALLHCP0018592,2024-01-16,REP0011,HCP001859,PRD001,1,17
CALLHCP0009600,2024-02-03,REP0009,HCP000960,PRD001,1,28
CALLHCP0009601,2024-01-01,REP0033,HCP000960,PRD001,1,31
CALLHCP0009602,2024-01-16,REP0026,HCP000960,PRD001,1,26
CALLHCP0009603,2024-03-12,REP0033,HCP000960,PRD001,1,9
CALLHCP0004660,2024-01-02,REP0037,HCP000466,PRD001,1,27
CALLHCP0004661,2024-01-03,REP0030,HCP000466,PRD001,1,39
CALLHCP0004662,2024-03-16,REP0004,HCP000466,PRD001,1,24
CALLHCP0004663,2024-02-17,REP0021,HCP000466,PRD001,1,22
CALLHCP0004664,2024-01-01,REP0020,HCP000466,PRD001,1,22
CALLHCP0011940,2024-03-05,REP0035,HCP001194,PRD001,1,38
CALLHCP0011941,2024-02-13,REP0033,HCP001194,PRD001,1,25
CALLHCP0011942,2024-01-18,REP0015,HCP001194,PRD001,1,28
CALLHCP0011943,2024-03-05,REP0033,HCP001194,PRD001,1,32
CALLHCP0011944,2024-02-22,REP0001,HCP001194,PRD001,1,20
CALLHCP0017070,2024-01-01,REP0028,HCP001707,PRD001,1,34
CALLHCP0017071,2024-02-14,REP0025,HCP001707,PRD001,1,36
CALLHCP0017072,2024-02-28,REP0014,HCP001707,PRD001,1,22
CALLHCP0017073,2024-01-07,REP0009,HCP001707,PRD001,1,20
CALLHCP0006840,2024-03-20,REP0028,HCP000684,PRD001,1,18
CALLHCP0006841,2024-01-02,REP0028,HCP000684,PRD001,1,7
CALLHCP0006842,2024-01-07,REP0037,HCP000684,PRD001,1,7
CALLHCP0007460,2024-03-14,REP0038,HCP000746,PRD001,1,32
CALLHCP0007461,2024-02-27,REP0036,HCP000746,PRD001,1,6
CALLHCP0007462,2024-01-26,REP0029,HCP000746,PRD001,1,14
CALLHCP0007463,2024-02-12,REP0026,HCP000746,PRD001,1,16
CALLHCP0007464,2024-01-01,REP0034,HCP000746,PRD001,1,32
CALLHCP0007465,2024-01-01,REP0014,HCP000746,PRD001,1,12
CALLHCP0007466,2024-02-02,REP0021,HCP000746,PRD001,1,29
CALLHCP0006080,2024-02-14,REP0037,HCP000608,PRD001,1,13
CALLHCP0006081,2024-03-20,REP0029,HCP000608,PRD001,1,11
CALLHCP0006082,2024-01-30,REP0032,HCP000608,PRD001,1,26
CALLHCP0006083,2024-02-13,REP0014,HCP000608,PRD001,1,38
CALLHCP0009840,2024-02-04,REP0019,HCP000984,PRD001,1,34
CALLHCP0013840,2024-03-15,REP0019,HCP001384,PRD001,1,13
CALLHCP0013841,2024-02-16,REP0009,HCP001384,PRD001,1,21
CALLHCP0013842,2024-01-22,REP0035,HCP001384,PRD001,1,36
CALLHCP0013843,2024-01-07,REP0005,HCP001384,PRD001,1,12
CALLHCP0013844,2024-02-27,REP0034,HCP001384,PRD001,1,11
CALLHCP0013845,2024-01-25,REP0018,HCP001384,PRD001,1,13
CALLHCP0013846,2024-03-23,REP0039,HCP001384,PRD001,1,37
CALLHCP0014930,2024-02-20,REP0031,HCP001493,PRD001,1,27
CALLHCP0014931,2024-02-12,REP0019,HCP001493,PRD001,1,14
CALLHCP0014932,2024-02-29,REP0000,HCP001493,PRD001,1,5
CALLHCP0014933,2024-02-15,REP0030,HCP001493,PRD001,1,34
CALLHCP0014934,2024-01-22,REP0023,HCP001493,PRD001,1,14
CALLHCP0002840,2024-02-10,REP0023,HCP000284,PRD001,1,21
CALLHCP0002841,2024-02-17,REP0029,HCP000284,PRD001,1,10
CALLHCP0002842,2024-01-16,REP0015,HCP000284,PRD001,1,38
CALLHCP0011480,2024-01-23,REP0025,HCP001148,PRD001,1,17
CALLHCP0011481,2024-03-12,REP0012,HCP001148,PRD001,1,18
CALLHCP0011482,2024-02-05,REP0004,HCP001148,PRD001,1,20
CALLHCP0011483,2024-01-12,REP0007,HCP001148,PRD001,1,37
CALLHCP0002070,2024-01-21,REP0011,HCP000207,PRD001,1,8
CALLHCP0006540,2024-03-07,REP0039,HCP000654,PRD001,1,6
CALLHCP0006541,2024-03-24,REP0018,HCP000654,PRD001,1,13
CALLHCP0006542,2024-02-13,REP0001,HCP000654,PRD001,1,33
CALLHCP0006543,2024-03-08,REP0009,HCP000654,PRD001,1,17
CALLHCP0006544,2024-02-03,REP0009,HCP000654,PRD001,1,17
CALLHCP0006545,2024-01-04,REP0031,HCP000654,PRD001,1,25
CALLHCP0015040,2024-03-13,REP0038,HCP001504,PRD001,1,36
CALLHCP0015041,2024-03-16,REP0020,HCP001504,PRD001,1,21
CALLHCP0015042,2024-03-06,REP0005,HCP001504,PRD001,1,20
CALLHCP0015043,2024-03-07,REP0038,HCP001504,PRD001,1,26
CALLHCP0011340,2024-01-11,REP0036,HCP001134,PRD001,1,18
CALLHCP0011341,2024-01-23,REP0005,HCP001134,PRD001,1,27
CALLHCP0011342,2024-03-17,REP0036,HCP001134,PRD001,1,24
CALLHCP0011343,2024-02-22,REP0007,HCP001134,PRD001,1,29
CALLHCP0011344,2024-03-04,REP0001,HCP001134,PRD001,1,11
CALLHCP0011345,2024-02-27,REP0025,HCP001134,PRD001,1,26
CALLHCP0012480,2024-01-08,REP0021,HCP001248,PRD001,1,28
CALLHCP0012481,2024-03-09,REP0024,HCP001248,PRD001,1,12
CALLHCP0012482,2024-03-22,REP0032,HCP001248,PRD001,1,14
CALLHCP0012540,2024-02-10,REP0000,HCP001254,PRD001,1,29
CALLHCP0012541,2024-01-07,REP0037,HCP001254,PRD001,1,6
CALLHCP0005740,2024-02-20,REP0023,HCP000574,PRD001,1,24
CALLHCP0005741,2024-03-12,REP0011,HCP000574,PRD001,1,34
CALLHCP0005742,2024-01-28,REP0010,HCP000574,PRD001,1,21
CALLHCP0005743,2024-03-24,REP0031,HCP000574,PRD001,1,15
CALLHCP0005744,2024-03-11,REP0015,HCP000574,PRD001,1,6
CALLHCP0005745,2024-03-16,REP0014,HCP000574,PRD001,1,36
CALLHCP0013680,2024-02-17,REP0039,HCP001368,PRD001,1,16
CALLHCP0013681,2024-03-05,REP0004,HCP001368,PRD001,1,36
CALLHCP0007540,2024-02-16,REP0005,HCP000754,PRD001,1,19
CALLHCP0007541,2024-03-04,REP0026,HCP000754,PRD001,1,39
CALLHCP0007542,2024-01-11,REP0003,HCP000754,PRD001,1,12
CALLHCP0013330,2024-02-11,REP0012,HCP001333,PRD001,1,33
CALLHCP0013331,2024-02-19,REP0005,HCP001333,PRD001,1,29
CALLHCP0013332,2024-01-23,REP0014,HCP001333,PRD001,1,19
CALLHCP0013333,2024-01-02,REP0007,HCP001333,PRD001,1,12
CALLHCP0013334,2024-03-23,REP0039,HCP001333,PRD001,1,16
CALLHCP0013335,2024-01-03,REP0025,HCP001333,PRD001,1,22
CALLHCP0004410,2024-01-18,REP0020,HCP000441,PRD001,1,32
CALLHCP0004411,2024-02-23,REP0006,HCP000441,PRD001,1,22
CALLHCP0004412,2024-03-12,REP0019,HCP000441,PRD001,1,24
CALLHCP0004413,2024-03-20,REP0023,HCP000441,PRD001,1,14
CALLHCP0009810,2024-03-16,REP0010,HCP000981,PRD001,1,31
CALLHCP0009811,2024-03-07,REP0018,HCP000981,PRD001,1,11
CALLHCP0009812,2024-01-25,REP0027,HCP000981,PRD001,1,38
CALLHCP0018200,2024-02-07,REP0026,HCP001820,PRD001,1,38
CALLHCP0018201,2024-01-27,REP0005,HCP001820,PRD001,1,32
CALLHCP0016210,2024-03-22,REP0029,HCP001621,PRD001,1,22
CALLHCP0016211,2024-03-01,REP0024,HCP001621,PRD001,1,11
CALLHCP0016212,2024-03-03,REP0010,HCP001621,PRD001,1,15
CALLHCP0016213,2024-02-24,REP0014,HCP001621,PRD001,1,35
CALLHCP0005870,2024-02-18,REP0024,HCP000587,PRD001,1,20
CALLHCP0005871,2024-02-20,REP0037,HCP000587,PRD001,1,21
CALLHCP0005872,2024-01-06,REP0003,HCP000587,PRD001,1,10
CALLHCP0005873,2024-02-04,REP0014,HCP000587,PRD001,1,35
CALLHCP0005690,2024-03-07,REP0011,HCP000569,PRD001,1,6
CALLHCP0005691,2024-03-17,REP0013,HCP000569,PRD001,1,14
CALLHCP0005692,2024-03-23,REP0039,HCP000569,PRD001,1,32
CALLHCP0005693,2024-01-18,REP0015,HCP000569,PRD001,1,26
CALLHCP0005694,2024-01-17,REP0036,HCP000569,PRD001,1,8
CALLHCP0005695,2024-03-05,REP0014,HCP000569,PRD001,1,39
CALLHCP0005696,2024-01-24,REP0015,HCP000569,PRD001,1,8
CALLHCP0014210,2024-03-04,REP0037,HCP001421,PRD001,1,21
CALLHCP0014211,2024-01-02,REP0013,HCP001421,PRD001,1,37
CALLHCP0014212,2024-01-03,REP0021,HCP001421,PRD001,1,26
CALLHCP0002330,2024-01-19,REP0015,HCP000233,PRD001,1,10
CALLHCP0002331,2024-01-25,REP0030,HCP000233,PRD001,1,34
CALLHCP0002332,2024-02-10,REP0003,HCP000233,PRD001,1,36
CALLHCP0002333,2024-01-11,REP0039,HCP000233,PRD001,1,37
CALLHCP0002334,2024-01-24,REP0035,HCP000233,PRD001,1,35
CALLHCP0002335,2024-02-28,REP0000,HCP000233,PRD001,1,16
CALLHCP0015990,2024-03-09,REP0012,HCP001599,PRD001,1,31
CALLHCP0011320,2024-03-16,REP0033,HCP001132,PRD001,1,28
CALLHCP0011321,2024-03-16,REP0004,HCP001132,PRD001,1,9
CALLHCP0011322,2024-03-08,REP0037,HCP001132,PRD001,1,6
CALLHCP0011323,2024-03-18,REP0021,HCP001132,PRD001,1,34
CALLHCP0011324,2024-02-11,REP0010,HCP001132,PRD001,1,8
CALLHCP0011325,2024-02-09,REP0007,HCP001132,PRD001,1,19
CALLHCP0011326,2024-01-10,REP0019,HCP001132,PRD001,1,20
CALLHCP0011120,2024-02-21,REP0038,HCP001112,PRD001,1,23
CALLHCP0011121,2024-01-01,REP0038,HCP001112,PRD001,1,29
CALLHCP0011122,2024-03-01,REP0022,HCP001112,PRD001,1,15
CALLHCP0011123,2024-03-20,REP0006,HCP001112,PRD001,1,10
CALLHCP0011124,2024-02-07,REP0026,HCP001112,PRD001,1,21
CALLHCP0018050,2024-01-11,REP0005,HCP001805,PRD001,1,16
CALLHCP0018051,2024-02-21,REP0009,HCP001805,PRD001,1,34
CALLHCP0018052,2024-03-11,REP0027,HCP001805,PRD001,1,18
CALLHCP0018053,2024-01-17,REP0019,HCP001805,PRD001,1,5
CALLHCP0001990,2024-02-02,REP0009,HCP000199,PRD001,1,13
CALLHCP0001991,2024-01-05,REP0000,HCP000199,PRD001,1,10
CALLHCP0001992,2024-01-06,REP0010,HCP000199,PRD001,1,15
CALLHCP0001993,2024-03-20,REP0006,HCP000199,PRD001,1,25
CALLHCP0001994,2024-02-19,REP0030,HCP000199,PRD001,1,6
CALLHCP0001995,2024-02-28,REP0036,HCP000199,PRD001,1,10
CALLHCP0011670,2024-02-27,REP0039,HCP001167,PRD001,1,16
CALLHCP0011671,2024-03-04,REP0018,HCP001167,PRD001,1,10
CALLHCP0011672,2024-03-08,REP0026,HCP001167,PRD001,1,7
CALLHCP0011673,2024-03-02,REP0036,HCP001167,PRD001,1,19
CALLHCP0002960,2024-01-22,REP0029,HCP000296,PRD001,1,35
CALLHCP0002961,2024-02-28,REP0021,HCP000296,PRD001,1,11
CALLHCP0002962,2024-01-14,REP0037,HCP000296,PRD001,1,30
CALLHCP0002963,2024-01-22,REP0024,HCP000296,PRD001,1,6
CALLHCP0001270,2024-03-05,REP0012,HCP000127,PRD001,1,13
CALLHCP0001271,2024-02-10,REP0014,HCP000127,PRD001,1,30
CALLHCP0001272,2024-01-22,REP0016,HCP000127,PRD001,1,28
CALLHCP0001273,2024-03-14,REP0000,HCP000127,PRD001,1,25
CALLHCP0001274,2024-01-17,REP0011,HCP000127,PRD001,1,27
CALLHCP0001275,2024-02-11,REP0032,HCP000127,PRD001,1,20
CALLHCP0004830,2024-02-07,REP0015,HCP000483,PRD001,1,26
CALLHCP0004831,2024-01-02,REP0024,HCP000483,PRD001,1,20
CALLHCP0004832,2024-03-23,REP0002,HCP000483,PRD001,1,34
CALLHCP0004833,2024-02-19,REP0002,HCP000483,PRD001,1,10
CALLHCP0001440,2024-03-02,REP0005,HCP000144,PRD001,1,12
CALLHCP0001441,2024-01-28,REP0029,HCP000144,PRD001,1,25
CALLHCP0001442,2024-02-25,REP0036,HCP000144,PRD001,1,14
CALLHCP0001443,2024-02-11,REP0016,HCP000144,PRD001,1,14
CALLHCP0001444,2024-02-03,REP0035,HCP000144,PRD001,1,35
CALLHCP0001445,2024-03-04,REP0016,HCP000144,PRD001,1,34
CALLHCP0001446,2024-03-15,REP0012,HCP000144,PRD001,1,20
CALLHCP0005550,2024-02-13,REP0022,HCP000555,PRD001,1,35
CALLHCP0005551,2024-01-16,REP0001,HCP000555,PRD001,1,13
CALLHCP0005552,2024-02-27,REP0003,HCP000555,PRD001,1,9
CALLHCP0004630,2024-03-20,REP0010,HCP000463,PRD001,1,23
CALLHCP0004631,2024-01-21,REP0027,HCP000463,PRD001,1,22
CALLHCP0004632,2024-03-16,REP0014,HCP000463,PRD001,1,22
CALLHCP0006250,2024-01-08,REP0038,HCP000625,PRD001,1,39
CALLHCP0006251,2024-02-10,REP0028,HCP000625,PRD001,1,39
CALLHCP0019450,2024-01-03,REP0033,HCP001945,PRD001,1,25
CALLHCP0019451,2024-02-02,REP0010,HCP001945,PRD001,1,11
CALLHCP0016440,2024-01-07,REP0021,HCP001644,PRD001,1,35
CALLHCP0016441,2024-02-24,REP0019,HCP001644,PRD001,1,39
CALLHCP0016442,2024-01-02,REP0020,HCP001644,PRD001,1,29
CALLHCP0016443,2024-02-21,REP0006,HCP001644,PRD001,1,23
CALLHCP0004080,2024-01-18,REP0000,HCP000408,PRD001,1,6
CALLHCP0004081,2024-03-04,REP0015,HCP000408,PRD001,1,37
CALLHCP0004082,2024-02-27,REP0013,HCP000408,PRD001,1,18
CALLHCP0004083,2024-01-06,REP0023,HCP000408,PRD001,1,24
CALLHCP0016680,2024-03-12,REP0023,HCP001668,PRD001,1,29
CALLHCP0016681,2024-02-24,REP0002,HCP001668,PRD001,1,34
CALLHCP0016682,2024-02-03,REP0009,HCP001668,PRD001,1,35
CALLHCP0016683,2024-03-20,REP0007,HCP001668,PRD001,1,36
CALLHCP0009490,2024-03-18,REP0001,HCP000949,PRD001,1,25
CALLHCP0009491,2024-03-13,REP0011,HCP000949,PRD001,1,22
CALLHCP0014660,2024-02-16,REP0039,HCP001466,PRD001,1,18
CALLHCP0009660,2024-01-24,REP0002,HCP000966,PRD001,1,19
CALLHCP0009661,2024-01-19,REP0015,HCP000966,PRD001,1,17
CALLHCP0009662,2024-01-09,REP0033,HCP000966,PRD001,1,26
CALLHCP0002580,2024-01-03,REP0012,HCP000258,PRD001,1,29
CALLHCP0002581,2024-02-02,REP0000,HCP000258,PRD001,1,33
CALLHCP0002582,2024-01-08,REP0033,HCP000258,PRD001,1,25
CALLHCP0006310,2024-01-08,REP0034,HCP000631,PRD001,1,14
CALLHCP0006311,2024-03-12,REP0023,HCP000631,PRD001,1,6
CALLHCP0006312,2024-02-15,REP0018,HCP000631,PRD001,1,30
CALLHCP0018150,2024-03-18,REP0013,HCP001815,PRD001,1,26
CALLHCP0018151,2024-02-12,REP0036,HCP001815,PRD001,1,19
CALLHCP0018152,2024-03-10,REP0037,HCP001815,PRD001,1,33
CALLHCP0018153,2024-01-19,REP0027,HCP001815,PRD001,1,23
CALLHCP0018154,2024-03-08,REP0002,HCP001815,PRD001,1,27
CALLHCP0014540,2024-01-28,REP0023,HCP001454,PRD001,1,5
CALLHCP0014541,2024-01-26,REP0027,HCP001454,PRD001,1,5
CALLHCP0014542,2024-01-10,REP0016,HCP001454,PRD001,1,18
CALLHCP0014543,2024-01-10,REP0035,HCP001454,PRD001,1,21
CALLHCP0014544,2024-03-17,REP0011,HCP001454,PRD001,1,29
CALLHCP0006340,2024-01-30,REP0022,HCP000634,PRD001,1,26
CALLHCP0006341,2024-02-01,REP0016,HCP000634,PRD001,1,6
CALLHCP0006342,2024-01-02,REP0005,HCP000634,PRD001,1,21
CALLHCP0004140,2024-03-21,REP0007,HCP000414,PRD001,1,20
CALLHCP0015590,2024-03-11,REP0006,HCP001559,PRD001,1,38
CALLHCP0015591,2024-03-16,REP0002,HCP001559,PRD001,1,30
CALLHCP0015592,2024-01-26,REP0030,HCP001559,PRD001,1,28
CALLHCP0015593,2024-02-11,REP0012,HCP001559,PRD001,1,26
CALLHCP0015594,2024-02-07,REP0005,HCP001559,PRD001,1,33
CALLHCP0015595,2024-01-08,REP0006,HCP001559,PRD001,1,23
CALLHCP0015596,2024-03-17,REP0012,HCP001559,PRD001,1,6
CALLHCP0013260,2024-02-10,REP0009,HCP001326,PRD001,1,18
CALLHCP0013261,2024-02-24,REP0029,HCP001326,PRD001,1,25
CALLHCP0004360,2024-03-10,REP0005,HCP000436,PRD001,1,20
CALLHCP0004361,2024-01-01,REP0027,HCP000436,PRD001,1,37
CALLHCP0004362,2024-01-23,REP0035,HCP000436,PRD001,1,6
CALLHCP0004363,2024-01-22,REP0038,HCP000436,PRD001,1,25
CALLHCP0003540,2024-03-15,REP0029,HCP000354,PRD001,1,16
CALLHCP0003541,2024-02-06,REP0016,HCP000354,PRD001,1,33
CALLHCP0003542,2024-03-02,REP0023,HCP000354,PRD001,1,9
CALLHCP0003543,2024-01-07,REP0023,HCP000354,PRD001,1,5
CALLHCP0003544,2024-03-15,REP0028,HCP000354,PRD001,1,36
CALLHCP0003545,2024-03-15,REP0003,HCP000354,PRD001,1,20
CALLHCP0003546,2024-03-17,REP0027,HCP000354,PRD001,1,7
CALLHCP0008070,2024-01-14,REP0010,HCP000807,PRD001,1,29
CALLHCP0008071,2024-03-19,REP0024,HCP000807,PRD001,1,39
CALLHCP0008072,2024-03-22,REP0038,HCP000807,PRD001,1,15
CALLHCP0002800,2024-02-21,REP0017,HCP000280,PRD001,1,24
CALLHCP0002801,2024-01-02,REP0027,HCP000280,PRD001,1,35
CALLHCP0002802,2024-01-04,REP0001,HCP000280,PRD001,1,25
CALLHCP0017200,2024-02-11,REP0027,HCP001720,PRD001,1,16
CALLHCP0017201,2024-03-24,REP0011,HCP001720,PRD001,1,16
CALLHCP0017202,2024-03-05,REP0017,HCP001720,PRD001,1,5
CALLHCP0017203,2024-01-20,REP0016,HCP001720,PRD001,1,37
CALLHCP0017204,2024-03-18,REP0038,HCP001720,PRD001,1,13
CALLHCP0017205,2024-03-24,REP0019,HCP001720,PRD001,1,8
CALLHCP0017206,2024-01-27,REP0024,HCP001720,PRD001,1,28
CALLHCP0013340,2024-02-29,REP0001,HCP001334,PRD001,1,15
CALLHCP0013341,2024-03-04,REP0013,HCP001334,PRD001,1,10
CALLHCP0013342,2024-02-01,REP0027,HCP001334,PRD001,1,5
CALLHCP0013343,2024-03-11,REP0014,HCP001334,PRD001,1,33
CALLHCP0013344,2024-02-26,REP0018,HCP001334,PRD001,1,24
CALLHCP0013345,2024-03-12,REP0026,HCP001334,PRD001,1,24
CALLHCP0005350,2024-02-01,REP0003,HCP000535,PRD001,1,8
CALLHCP0005351,2024-02-15,REP0015,HCP000535,PRD001,1,37
CALLHCP0005352,2024-02-08,REP0006,HCP000535,PRD001,1,21
CALLHCP0000450,2024-01-21,REP0004,HCP000045,PRD001,1,31
CALLHCP0000451,2024-03-02,REP0031,HCP000045,PRD001,1,18
CALLHCP0000452,2024-01-07,REP0007,HCP000045,PRD001,1,31
CALLHCP0009330,2024-03-01,REP0009,HCP000933,PRD001,1,25
CALLHCP0009331,2024-03-02,REP0014,HCP000933,PRD001,1,15
CALLHCP0009332,2024-02-17,REP0005,HCP000933,PRD001,1,12
CALLHCP0009333,2024-01-25,REP0037,HCP000933,PRD001,1,14
CALLHCP0009334,2024-02-26,REP0018,HCP000933,PRD001,1,30
CALLHCP0009335,2024-01-24,REP0005,HCP000933,PRD001,1,5
CALLHCP0009336,2024-01-24,REP0004,HCP000933,PRD001,1,9
CALLHCP0000680,2024-01-25,REP0033,HCP000068,PRD001,1,34
CALLHCP0000681,2024-01-22,REP0011,HCP000068,PRD001,1,13
CALLHCP0000682,2024-01-04,REP0002,HCP000068,PRD001,1,7
CALLHCP0007440,2024-02-07,REP0013,HCP000744,PRD001,1,33
CALLHCP0007441,2024-03-04,REP0030,HCP000744,PRD001,1,5
CALLHCP0007442,2024-02-02,REP0011,HCP000744,PRD001,1,9
CALLHCP0007443,2024-01-21,REP0000,HCP000744,PRD001,1,37
CALLHCP0016910,2024-01-24,REP0015,HCP001691,PRD001,1,16
CALLHCP0018490,2024-01-21,REP0004,HCP001849,PRD001,1,10
CALLHCP0018491,2024-02-22,REP0030,HCP001849,PRD001,1,37
CALLHCP0018492,2024-01-05,REP0020,HCP001849,PRD001,1,32
CALLHCP0017270,2024-03-18,REP0027,HCP001727,PRD001,1,10
CALLHCP0002150,2024-03-01,REP0037,HCP000215,PRD001,1,29
CALLHCP0016240,2024-01-07,REP0007,HCP001624,PRD001,1,30
CALLHCP0016241,2024-02-26,REP0013,HCP001624,PRD001,1,15
CALLHCP0015110,2024-01-24,REP0022,HCP001511,PRD001,1,27
CALLHCP0015111,2024-02-19,REP0033,HCP001511,PRD001,1,10
CALLHCP0007650,2024-01-09,REP0033,HCP000765,PRD001,1,30
CALLHCP0007651,2024-03-19,REP0021,HCP000765,PRD001,1,38
CALLHCP0007652,2024-02-17,REP0007,HCP000765,PRD001,1,26
CALLHCP0000580,2024-01-13,REP0005,HCP000058,PRD001,1,22
CALLHCP0013530,2024-03-17,REP0005,HCP001353,PRD001,1,25
CALLHCP0013531,2024-02-17,REP0029,HCP001353,PRD001,1,36
CALLHCP0013532,2024-01-30,REP0006,HCP001353,PRD001,1,23
CALLHCP0013533,2024-03-16,REP0015,HCP001353,PRD001,1,24
CALLHCP0001550,2024-01-19,REP0011,HCP000155,PRD001,1,15
CALLHCP0001551,2024-02-04,REP0009,HCP000155,PRD001,1,27
CALLHCP0001552,2024-01-09,REP0020,HCP000155,PRD001,1,27
CALLHCP0001553,2024-02-13,REP0013,HCP000155,PRD001,1,7
CALLHCP0014120,2024-03-14,REP0021,HCP001412,PRD001,1,39
CALLHCP0014121,2024-01-18,REP0015,HCP001412,PRD001,1,29
CALLHCP0014122,2024-02-11,REP0034,HCP001412,PRD001,1,28
CALLHCP0008660,2024-01-01,REP0036,HCP000866,PRD001,1,37
CALLHCP0008661,2024-02-25,REP0031,HCP000866,PRD001,1,27
CALLHCP0008662,2024-01-04,REP0014,HCP000866,PRD001,1,12
CALLHCP0001970,2024-01-19,REP0031,HCP000197,PRD001,1,13
CALLHCP0001971,2024-02-23,REP0028,HCP000197,PRD001,1,39
CALLHCP0001972,2024-03-13,REP0032,HCP000197,PRD001,1,24
CALLHCP0001973,2024-01-27,REP0006,HCP000197,PRD001,1,18
CALLHCP0015290,2024-02-28,REP0025,HCP001529,PRD001,1,8
CALLHCP0015291,2024-01-13,REP0024,HCP001529,PRD001,1,22
CALLHCP0015292,2024-01-06,REP0035,HCP001529,PRD001,1,39
CALLHCP0015293,2024-03-14,REP0039,HCP001529,PRD001,1,9
CALLHCP0015294,2024-02-20,REP0009,HCP001529,PRD001,1,27
CALLHCP0015295,2024-01-22,REP0033,HCP001529,PRD001,1,16
CALLHCP0015296,2024-01-22,REP0037,HCP001529,PRD001,1,35
CALLHCP0003850,2024-03-21,REP0022,HCP000385,PRD001,1,27
CALLHCP0003851,2024-02-06,REP0029,HCP000385,PRD001,1,15
CALLHCP0019410,2024-03-09,REP0034,HCP001941,PRD001,1,8
CALLHCP0008110,2024-02-29,REP0028,HCP000811,PRD001,1,14
CALLHCP0001580,2024-02-23,REP0026,HCP000158,PRD001,1,20
CALLHCP0001581,2024-02-07,REP0032,HCP000158,PRD001,1,23
CALLHCP0001582,2024-01-16,REP0032,HCP000158,PRD001,1,25
CALLHCP0018820,2024-01-31,REP0032,HCP001882,PRD001,1,38
CALLHCP0018821,2024-02-25,REP0024,HCP001882,PRD001,1,35
CALLHCP0018822,2024-03-05,REP0028,HCP001882,PRD001,1,25
CALLHCP0010470,2024-02-25,REP0026,HCP001047,PRD001,1,31
CALLHCP0006730,2024-02-08,REP0037,HCP000673,PRD001,1,10
CALLHCP0006731,2024-03-06,REP0011,HCP000673,PRD001,1,13
CALLHCP0006732,2024-01-22,REP0014,HCP000673,PRD001,1,15
CALLHCP0006733,2024-02-10,REP0039,HCP000673,PRD001,1,32
CALLHCP0006734,2024-03-08,REP0006,HCP000673,PRD001,1,7
CALLHCP0011900,2024-02-26,REP0005,HCP001190,PRD001,1,27
CALLHCP0011901,2024-02-29,REP0039,HCP001190,PRD001,1,6
CALLHCP0011902,2024-01-22,REP0012,HCP001190,PRD001,1,39
CALLHCP0005700,2024-01-26,REP0014,HCP000570,PRD001,1,23
CALLHCP0000170,2024-01-24,REP0026,HCP000017,PRD001,1,31
CALLHCP0000171,2024-03-06,REP0016,HCP000017,PRD001,1,35
CALLHCP0000172,2024-01-12,REP0032,HCP000017,PRD001,1,7
CALLHCP0000173,2024-03-05,REP0035,HCP000017,PRD001,1,6
CALLHCP0000174,2024-01-24,REP0023,HCP000017,PRD001,1,19
CALLHCP0000175,2024-02-03,REP0032,HCP000017,PRD001,1,21
CALLHCP0011210,2024-02-23,REP0002,HCP001121,PRD001,1,39
CALLHCP0011211,2024-02-18,REP0019,HCP001121,PRD001,1,6
CALLHCP0011212,2024-02-03,REP0018,HCP001121,PRD001,1,9
CALLHCP0015120,2024-03-22,REP0013,HCP001512,PRD001,1,8
CALLHCP0015121,2024-02-08,REP0035,HCP001512,PRD001,1,10
CALLHCP0015122,2024-03-17,REP0001,HCP001512,PRD001,1,39
CALLHCP0015123,2024-01-02,REP0023,HCP001512,PRD001,1,28
CALLHCP0015124,2024-02-10,REP0011,HCP001512,PRD001,1,35
CALLHCP0015125,2024-02-15,REP0013,HCP001512,PRD001,1,8
CALLHCP0011000,2024-01-15,REP0029,HCP001100,PRD001,1,26
CALLHCP0011001,2024-03-19,REP0026,HCP001100,PRD001,1,12
CALLHCP0014100,2024-03-06,REP0025,HCP001410,PRD001,1,27
CALLHCP0014101,2024-01-29,REP0039,HCP001410,PRD001,1,8
CALLHCP0014102,2024-02-27,REP0010,HCP001410,PRD001,1,36
CALLHCP0014103,2024-01-18,REP0009,HCP001410,PRD001,1,35
CALLHCP0014104,2024-03-11,REP0020,HCP001410,PRD001,1,10
CALLHCP0014105,2024-02-07,REP0004,HCP001410,PRD001,1,33
CALLHCP0014106,2024-01-20,REP0003,HCP001410,PRD001,1,38
CALLHCP0012960,2024-01-17,REP0024,HCP001296,PRD001,1,10
CALLHCP0012961,2024-03-21,REP0000,HCP001296,PRD001,1,21
CALLHCP0012962,2024-03-01,REP0015,HCP001296,PRD001,1,29
CALLHCP0012963,2024-02-20,REP0004,HCP001296,PRD001,1,37
CALLHCP0012964,2024-03-22,REP0034,HCP001296,PRD001,1,24
CALLHCP0012965,2024-03-21,REP0025,HCP001296,PRD001,1,16
CALLHCP0012966,2024-02-06,REP0009,HCP001296,PRD001,1,30
CALLHCP0007710,2024-01-17,REP0016,HCP000771,PRD001,1,37
CALLHCP0007711,2024-03-17,REP0005,HCP000771,PRD001,1,7
CALLHCP0007712,2024-01-17,REP0016,HCP000771,PRD001,1,19
CALLHCP0006240,2024-01-10,REP0033,HCP000624,PRD001,1,21
CALLHCP0003230,2024-03-17,REP0017,HCP000323,PRD001,1,39
CALLHCP0003231,2024-02-16,REP0033,HCP000323,PRD001,1,7
CALLHCP0003232,2024-01-11,REP0033,HCP000323,PRD001,1,29
CALLHCP0003233,2024-01-08,REP0009,HCP000323,PRD001,1,7
CALLHCP0016930,2024-01-07,REP0035,HCP001693,PRD001,1,5
CALLHCP0016931,2024-01-24,REP0019,HCP001693,PRD001,1,38
CALLHCP0001030,2024-01-08,REP0033,HCP000103,PRD001,1,19
CALLHCP0001031,2024-02-12,REP0039,HCP000103,PRD001,1,27
CALLHCP0001032,2024-03-02,REP0015,HCP000103,PRD001,1,20
CALLHCP0001033,2024-01-15,REP0025,HCP000103,PRD001,1,32
CALLHCP0001034,2024-01-16,REP0012,HCP000103,PRD001,1,10
CALLHCPFF000050,2024-03-03,REP0009,HCPFF00005,PRD001,1,24
CALLHCPFF000051,2024-01-04,REP0016,HCPFF00005,PRD001,1,19
CALLHCPFF000052,2024-03-04,REP0017,HCPFF00005,PRD001,1,19
CALLHCP0019230,2024-02-23,REP0038,HCP001923,PRD001,1,33
CALLHCP0019231,2024-03-05,REP0001,HCP001923,PRD001,1,15
CALLHCP0019232,2024-03-07,REP0033,HCP001923,PRD001,1,38
CALLHCP0019233,2024-03-18,REP0036,HCP001923,PRD001,1,19
CALLHCP0019234,2024-01-10,REP0020,HCP001923,PRD001,1,19
CALLHCP0019235,2024-02-01,REP0023,HCP001923,PRD001,1,15
CALLHCP0019236,2024-02-24,REP0022,HCP001923,PRD001,1,18
CALLHCP0008320,2024-02-29,REP0011,HCP000832,PRD001,1,32
CALLHCP0012230,2024-01-22,REP0013,HCP001223,PRD001,1,14
CALLHCP0012231,2024-02-09,REP0002,HCP001223,PRD001,1,13
CALLHCP0003890,2024-02-17,REP0025,HCP000389,PRD001,1,9
CALLHCP0003891,2024-01-11,REP0031,HCP000389,PRD001,1,22
CALLHCP0003892,2024-03-06,REP0036,HCP000389,PRD001,1,23
CALLHCP0003893,2024-03-12,REP0026,HCP000389,PRD001,1,17
CALLHCP0003894,2024-02-05,REP0006,HCP000389,PRD001,1,10
CALLHCP0006630,2024-02-04,REP0036,HCP000663,PRD001,1,12
CALLHCP0006631,2024-02-02,REP0020,HCP000663,PRD001,1,31
CALLHCP0006632,2024-02-29,REP0006,HCP000663,PRD001,1,39
CALLHCP0006633,2024-02-12,REP0023,HCP000663,PRD001,1,19
CALLHCP0006634,2024-01-03,REP0023,HCP000663,PRD001,1,5
CALLHCP0006635,2024-02-28,REP0024,HCP000663,PRD001,1,36
CALLHCP0012780,2024-01-24,REP0024,HCP001278,PRD001,1,30
CALLHCP0012781,2024-01-28,REP0025,HCP001278,PRD001,1,5
CALLHCP0012782,2024-03-05,REP0039,HCP001278,PRD001,1,35
CALLHCP0012783,2024-03-22,REP0010,HCP001278,PRD001,1,17
CALLHCP0012784,2024-01-14,REP0010,HCP001278,PRD001,1,17
CALLHCP0004340,2024-02-14,REP0010,HCP000434,PRD001,1,9
CALLHCP0004341,2024-01-26,REP0004,HCP000434,PRD001,1,32
CALLHCP0004342,2024-02-25,REP0033,HCP000434,PRD001,1,23
CALLHCP0011730,2024-03-21,REP0035,HCP001173,PRD001,1,17
CALLHCP0011731,2024-01-12,REP0034,HCP001173,PRD001,1,12
CALLHCP0011732,2024-02-18,REP0036,HCP001173,PRD001,1,26
CALLHCP0011733,2024-01-27,REP0037,HCP001173,PRD001,1,32
CALLHCP0018610,2024-03-10,REP0022,HCP001861,PRD001,1,37
CALLHCP0018611,2024-02-20,REP0032,HCP001861,PRD001,1,21
CALLHCP0018612,2024-01-21,REP0039,HCP001861,PRD001,1,31
CALLHCP0018613,2024-01-29,REP0016,HCP001861,PRD001,1,16
CALLHCP0018614,2024-01-23,REP0020,HCP001861,PRD001,1,30
CALLHCP0018615,2024-01-27,REP0031,HCP001861,PRD001,1,18
CALLHCP0008760,2024-01-26,REP0001,HCP000876,PRD001,1,19
CALLHCP0008761,2024-03-11,REP0010,HCP000876,PRD001,1,35
CALLHCP0008762,2024-02-18,REP0007,HCP000876,PRD001,1,11
CALLHCP0008763,2024-02-21,REP0025,HCP000876,PRD001,1,16
CALLHCP0005160,2024-02-02,REP0039,HCP000516,PRD001,1,26
CALLHCP0005161,2024-02-13,REP0007,HCP000516,PRD001,1,29
CALLHCP0005162,2024-01-11,REP0003,HCP000516,PRD001,1,18
CALLHCP0006790,2024-01-27,REP0006,HCP000679,PRD001,1,28
CALLHCP0006791,2024-02-17,REP0018,HCP000679,PRD001,1,13
CALLHCP0006792,2024-02-02,REP0014,HCP000679,PRD001,1,16
