source_system,source_record_id,entity_id_truth,npi,me_number,dea_number,first_name,last_name,middle_name,suffix,credential,specialty_code,address_line1,city,state,zip5,phone,state_license,license_state,is_active,do_not_contact
hcp_master,HCP000000,HCP000000,2543890414,43323360056,BB6371153,JOSEPH,GARCIA,C,,NP,207R00000X,1000 MEDICAL Plaza,SYNTH CITY 0,CA,90000,5552470749,CA243709,CA,True,False
hcp_master,HCP000001,HCP000001,8217635175,73019410393,RG7700991,JASON,KNAPP,A,,NP,207RR0500X,1001 MEDICAL PLZ,SYNTH CITY 1,OR,90007,5558356505,OR366737,OR,True,False
hcp_master,HCP000002,HCP000002,0304863430,75842097101,FP1807294,BRIAN,CAMACHO,A,,DO,207RC0000X,1002 MEDICAL Plaza,SYNTH CITY 2,WA,90014,5554168364,WA462697,WA,True,False
hcp_master,HCP000003,HCP000003,0005578196,91106411066,MA0177203,JESSICA,GUTIERREZ,T,,PA,208000000X,1003 MEDICAL PLZ,SYNTH CITY 3,AZ,90021,5552272540,AZ516999,AZ,True,False
hcp_master,HCP000004,HCP000004,3660697293,69204556970,AA3393082,JEFFERY,ATKINSON,A,,PA,207Q00000X,1004 MEDICAL Plaza,SYNTH CITY 4,CO,90028,5552288608,CO837746,CO,True,False
hcp_master,HCP000005,HCP000005,5396828340,89933205281,MG6146385,JENNIFER,NICHOLSON,R,,DO,207RX0202X,1005 MEDICAL PLZ,SYNTH CITY 5,TX,90035,5554600224,TX528932,TX,True,False
hcp_master,HCP000006,HCP000006,4165047331,16141416564,FB2446028,DANIELLE,TORRES,T,,PA,207R00000X,1006 MEDICAL Plaza,SYNTH CITY 6,FL,90042,5552783611,FL223417,FL,True,False
hcp_master,HCP000007,HCP000007,7348858342,84226437009,MG0545055,KEITH,CARR,R,,DO,207RR0500X,1007 MEDICAL PLZ,SYNTH CITY 7,GA,90049,5556595015,GA738446,GA,True,False
hcp_master,HCP000008,HCP000008,8290336121,68353362129,BF6121997,JOHNNY,BURKE,H,,MD,207RC0000X,1008 MEDICAL Plaza STE 9,SYNTH CITY 8,NY,90056,5552405486,NY882439,NY,True,False
hcp_master,HCP000009,HCP000009,0180653889,31956287746,GF5397774,MATTHEW,DENNIS,J,,PA,208000000X,1009 MEDICAL Plaza,SYNTH CITY 9,NJ,90063,5553651589,NJ162472,NJ,True,False
hcp_master,HCP000010,HCP000010,4467255095,56904155495,FA2849554,JOSEPH,HOOVER,D,SR,DO,207Q00000X,1010 MEDICAL PLZ,SYNTH CITY 10,MA,90070,5555957803,MA638154,MA,True,False
hcp_master,HCP000011,HCP000011,4772964688,20896906423,GM1690863,CAROL,FRANCIS,R,,NP,207RX0202X,1011 MEDICAL PLZ,SYNTH CITY 11,PA,90077,5551530781,PA173159,PA,True,False
hcp_master,HCP000012,HCP000012,7194108149,61740151317,MP0326827,MACKENZIE,NICHOLS,M,,NP,207R00000X,1012 MEDICAL PLZ,SYNTH CITY 12,IL,90084,5554911438,IL991829,IL,True,False
hcp_master,HCP000013,HCP000013,1475133298,27711777450,FG1102969,CLAUDIA,CHAN,B,,DO,207RR0500X,1013 MEDICAL Plaza,SYNTH CITY 13,OH,90091,5556914527,OH416827,OH,True,False
hcp_master,HCP000014,HCP000014,5863652561,99527338853,RB7584807,JENNIFER,DUNCAN,M,,MD,207RC0000X,1014 MEDICAL PLZ,SYNTH CITY 14,MI,90098,5557923968,MI967120,MI,True,False
hcp_master,HCP000015,HCP000015,0125581708,25968503800,PA9765048,GLENN,HUMPHREY,N,,PA,208000000X,1015 MEDICAL PLZ,SYNTH CITY 15,MN,90105,5551518611,MN798934,MN,False,False
hcp_master,HCP000016,HCP000016,,12910917730,FA6898787,RONALD,CLARK,A,,NP,207Q00000X,1016 MEDICAL PLZ,SYNTH CITY 16,CA,90112,5559156817,CA471485,CA,False,False
hcp_master,HCP000017,HCP000017,5816787142,99609132706,RP3836500,TOM,FRYE,D,,MD,207RX0202X,1017 MEDICAL PLZ,SYNTH CITY 17,OR,90119,5559717853,OR469094,OR,True,False
hcp_master,HCP000018,HCP000018,3273710368,74420060293,PF9846493,STEPHANIE,NGUYEN,S,,NP,207R00000X,1018 MEDICAL PLZ,SYNTH CITY 18,WA,90126,5558495854,WA416403,WA,True,False
hcp_master,HCP000019,HCP000019,7829532309,65378039891,GA8520788,CRISTIAN,MILLER,J,,PA,207RR0500X,1019 MEDICAL Plaza,SYNTH CITY 19,AZ,90133,5559988297,AZ830595,AZ,True,False
hcp_master,HCP000020,HCP000020,4311187163,69565384766,PP5653787,VICTORIA,HORN,J,,DO,207RC0000X,1020 MEDICAL PLZ,SYNTH CITY 20,CO,90140,5554038144,CO156296,CO,True,False
hcp_master,HCP000021,HCP000021,6657456722,33334563847,AB4341467,EILEEN,STEELE,R,,MD,208000000X,1021 MEDICAL Plaza,SYNTH CITY 21,TX,90147,5558126467,TX566179,TX,True,False
hcp_master,HCP000022,HCP000022,8336652093,88401239362,MG1418798,KEVIN,HORTON,T,,MD,207Q00000X,1022 MEDICAL Plaza STE 6,SYNTH CITY 22,FL,90154,5558068037,FL964538,FL,True,False
hcp_master,HCP000023,HCP000023,1092406887,54592465026,MP9653384,JOHNNY,MOORE,A,,NP,207RX0202X,1023 MEDICAL Plaza STE 12,SYNTH CITY 23,GA,90161,5552756297,GA293927,GA,True,False
hcp_master,HCP000024,HCP000024,5141011457,60792232247,MR3430324,RONNIE,MUNOZ,B,,MD,207R00000X,1024 MEDICAL PLZ,SYNTH CITY 24,NY,90168,5551763685,NY964729,NY,True,False
hcp_master,HCP000025,HCP000025,3558506721,14590285071,PP8428561,ELIZABETH,ANDERSON,J,,NP,207RR0500X,1025 MEDICAL Plaza,SYNTH CITY 25,NJ,90175,5552203124,NJ790167,NJ,True,False
hcp_master,HCP000026,HCP000026,5552625563,77822547017,PF3541587,DANIEL,RITTER,A,,PA,207RC0000X,1026 MEDICAL Plaza STE 23,SYNTH CITY 26,MA,90182,5551413432,MA324838,MA,True,False
hcp_master,HCP000027,HCP000027,8352022502,26698266571,FP8042105,BRADLEY,BOWERS,C,,NP,208000000X,1027 MEDICAL PLZ,SYNTH CITY 27,PA,90189,5556868435,PA794176,PA,True,False
hcp_master,HCP000028,HCP000028,5480542682,54633800194,BF9622071,SEAN,MURRAY,C,,DO,207Q00000X,1028 MEDICAL PLZ,SYNTH CITY 28,IL,90196,5558192946,IL645686,IL,True,False
hcp_master,HCP000029,HCP000029,5491962671,81069515286,FM6635043,JACOB,CABRERA,B,,PA,207RX0202X,1029 MEDICAL PLZ,SYNTH CITY 29,OH,90203,5556815282,OH534935,OH,True,False
hcp_master,HCP000030,HCP000030,1499503757,08385401555,BG0146698,KARINA,COLLINS,T,,MD,207R00000X,1030 MEDICAL Plaza STE 36,SYNTH CITY 30,MI,90210,5554479795,MI871515,MI,True,False
hcp_master,HCP000031,HCP000031,1651709143,87949587168,AP1871715,JAMES,JONES,M,,PA,207RR0500X,1031 MEDICAL Plaza STE 5,SYNTH CITY 31,MN,90217,5554317595,MN480591,MN,True,False
hcp_master,HCP000032,HCP000032,2099384911,28444707789,PG4383503,JIM,LYONS,J,,DO,207RC0000X,1032 MEDICAL PLZ,SYNTH CITY 32,CA,90224,5554886631,CA744845,CA,True,False
hcp_master,HCP000033,HCP000033,7220309166,51876842194,PF9834720,RANDY,WILLIAMS,B,,DO,208000000X,1033 MEDICAL Plaza STE 10,SYNTH CITY 6,NY,90392,5559267268,OR400052,OR,True,False
hcp_master,HCP000034,HCP000034,1181576632,18011015609,AM8541283,PATRICK,BUCHANAN,K,,NP,207Q00000X,1034 MEDICAL PLZ,SYNTH CITY 34,WA,90238,5551459657,WA159718,WA,True,False
hcp_master,HCP000035,HCP000035,9824097586,31557158287,GR9290103,MARY,WARNER,M,,NP,207RX0202X,1035 MEDICAL PLZ,SYNTH CITY 35,AZ,90245,5555645100,AZ176353,AZ,True,False
hcp_master,HCP000036,HCP000036,3540743614,40205316139,AB3529095,ERIC,ROSS,B,,MD,207R00000X,1036 MEDICAL Plaza,SYNTH CITY 36,CO,90252,5553997564,CO358746,CO,True,False
hcp_master,HCP000037,HCP000037,5457230395,14617170462,MM6377379,HEATHER,STEPHENS,S,,PA,207RR0500X,1037 MEDICAL PLZ,SYNTH CITY 37,TX,90259,5553602072,TX824236,TX,True,False
hcp_master,HCP000038,HCP000038,7842054505,39160593152,RP6667493,ROBT,HALL,Z,,NP,207RC0000X,1038 MEDICAL PLZ,SYNTH CITY 38,FL,90266,5554557930,FL982881,FL,True,False
hcp_master,HCP000039,HCP000039,4742957531,94009538666,BA7071276,MICHAEL,WILLIAMS,J,,MD,208000000X,1039 MEDICAL PLZ,SYNTH CITY 39,GA,90273,5552941699,GA855808,GA,True,False
hcp_master,HCP000040,HCP000040,1701447611,99054435412,BP6330290,CHAD,PRUITT,J,,NP,207Q00000X,1040 MEDICAL PLZ,SYNTH CITY 40,NY,90280,5555407900,NY129095,NY,True,False
hcp_master,HCP000041,HCP000041,7922165361,54449225015,GM1841324,LOUIS,LEVY,E,,DO,207RX0202X,1041 MEDICAL Plaza,SYNTH CITY 30,WA,90910,5559632320,NJ917138,NJ,True,False
hcp_master,HCP000042,HCP000042,4430064863,45960140171,BG0296936,DANIELLE,CHANDLER,K,,MD,207R00000X,1042 MEDICAL PLZ,SYNTH CITY 42,MA,90294,5552656419,MA849914,MA,True,False
hcp_master,HCP000043,HCP000043,2295996815,72084160477,GF8101840,JESSE,REYNOLDS,C,III,DO,207RR0500X,1043 MEDICAL PLZ,SYNTH CITY 43,PA,90301,5552991621,PA161255,PA,True,False
hcp_master,HCP000044,HCP000044,0376266173,37627340981,GP5292338,JON,CARPENTER,R,,PA,207RC0000X,1044 MEDICAL PLZ,SYNTH CITY 44,IL,90308,5558707881,IL935674,IL,True,False
hcp_master,HCP000045,HCP000045,9173896728,82948561378,AA6480307,BECKY,PETERSON,R,,DO,208000000X,1045 MEDICAL Plaza STE 17,SYNTH CITY 45,OH,90315,5551372875,OH861353,OH,True,False
hcp_master,HCP000046,HCP000046,9050537841,92237821653,BP8752402,CAROLYN,GRAHAM,C,,MD,207Q00000X,1046 MEDICAL Plaza STE 39,SYNTH CITY 46,MI,90322,5553414149,MI961850,MI,True,False
hcp_master,HCP000047,HCP000047,5832453414,58990834428,MR9475476,MICHELLE,LLOYD,T,,NP,207RX0202X,1047 MEDICAL PLZ,SYNTH CITY 47,MN,90329,5551921459,MN927341,MN,True,False
hcp_master,HCP000048,HCP000048,7843349151,53169541989,FM4223517,DAVID,TRAN,C,,DO,207R00000X,1048 MEDICAL PLZ,SYNTH CITY 48,CA,90336,5553808498,CA146446,CA,True,False
hcp_master,HCP000049,HCP000049,9623268221,57183647611,RG2119932,BRANDON,MCINTOSH,J,,NP,207RR0500X,1049 MEDICAL PLZ,SYNTH CITY 49,OR,90343,5559867592,OR663418,OR,True,False
hcp_master,HCP000050,HCP000050,8629883109,81321005111,PM9124612,JENNIFER,ROBINSON,K,SR,PA,207RC0000X,1050 MEDICAL Plaza,SYNTH CITY 0,WA,90350,5554906041,WA573975,WA,True,False
hcp_master,HCP000051,HCP000051,9104321861,66566472090,BA2314919,NICOLE,BROOKS,H,,DO,208000000X,1051 MEDICAL PLZ,SYNTH CITY 1,AZ,90357,5551981809,AZ384970,AZ,True,False
hcp_master,HCP000052,HCP000052,6315838824,56968888201,BM5406371,TAMARA,BROWN,A,,DO,207Q00000X,1052 MEDICAL PLZ,SYNTH CITY 2,CO,90364,5555417483,CO931019,CO,True,False
hcp_master,HCP000053,HCP000053,9774078502,71737720548,FB8769787,WILLIAM,DIAZ,J,,DO,207RX0202X,1053 MEDICAL PLZ,SYNTH CITY 3,TX,90371,5559925930,TX788402,TX,True,False
hcp_master,HCP000054,HCP000054,0097244244,30498770978,RB0640293,DERRICK,CLARK,J,,DO,207R00000X,1054 MEDICAL Plaza,SYNTH CITY 4,FL,90378,5558642381,FL398894,FL,True,False
hcp_master,HCP000055,HCP000055,0064241322,50325589710,RR2065857,ALLISON,HUDSON,C,,PA,207RR0500X,1055 MEDICAL PLZ,SYNTH CITY 5,GA,90385,5552614333,GA802009,GA,True,False
hcp_master,HCP000056,HCP000056,0467967234,32430921319,BF2005202,MATTHEW,SULLIVAN,A,,DO,207RC0000X,1056 MEDICAL Plaza,SYNTH CITY 6,NY,90392,5557341745,NY376200,NY,True,False
hcp_master,HCP000057,HCP000057,5141950597,71219756208,RA0507922,JASON,ARNOLD,N,,PA,208000000X,1057 MEDICAL PLZ,SYNTH CITY 7,NJ,90399,5558558867,NJ175849,NJ,True,False
hcp_master,HCP000058,HCP000058,1348615869,24311595496,PM7566782,KAITLYN,KNOX,L,,NP,207Q00000X,1058 MEDICAL PLZ,SYNTH CITY 8,MA,90406,5556806672,MA908838,MA,True,False
hcp_master,HCP000059,HCP000059,2614974907,99667213472,GA0988356,KYLE,BLACK,B,,DO,207RX0202X,1059 MEDICAL Plaza,SYNTH CITY 18,NY,91176,5554913209,PA466542,PA,True,False
hcp_master,HCP000060,HCP000060,7372824004,38192318701,MR1251304,JENNIFER,CLEMENTS,M,,NP,207R00000X,1060 MEDICAL PLZ,SYNTH CITY 10,IL,90420,5555585486,IL481923,IL,True,False
hcp_master,HCP000061,HCP000061,7134189209,23220046029,RM5532366,TRAVIS,ANDERSON III,R,III,NP,207RR0500X,1061 MEDICAL PLZ,SYNTH CITY 11,OH,90427,5556840040,OH892760,OH,True,False
hcp_master,HCP000062,HCP000062,5419737031,78527376000,AF0991376,ANNA,SIMPSON,P,,NP,207RC0000X,1062 MEDICAL PLZ,SYNTH CITY 12,MI,90434,5555518807,MI702505,MI,True,False
hcp_master,HCP000063,HCP000063,5157957247,78318892777,PR4018803,CHRISTOPHER,PARKER,J,,NP,208000000X,1063 MEDICAL PLZ,SYNTH CITY 13,MN,90441,5555328076,MN559014,MN,True,False
hcp_master,HCP000064,HCP000064,4349860146,18450852330,RP8354454,ALLISON,HALE,M,JR,PA,207Q00000X,1064 MEDICAL PLZ,SYNTH CITY 14,CA,90448,5558363344,CA894108,CA,True,False
hcp_master,HCP000065,HCP000065,7341475599,24901348441,GG5641116,ERIN,RHODES,J,,PA,207RX0202X,1065 MEDICAL PLZ,SYNTH CITY 15,OR,90455,5556672999,OR171666,OR,True,False
hcp_master,HCP000066,HCP000066,6748563486,33401340330,BB1705685,LAUREN,KNIGHT,R,,NP,207R00000X,1066 MEDICAL PLZ,SYNTH CITY 16,WA,90462,5558164603,WA289853,WA,True,False
hcp_master,HCP000067,HCP000067,,53070903036,AG7416104,MATTHEW,MCDONALD,J,,DO,207RR0500X,1067 MEDICAL PLZ,SYNTH CITY 17,AZ,90469,5559189793,AZ639758,AZ,True,False
hcp_master,HCP000068,HCP000068,3728248295,05996638608,FG4823030,MEAGAN,FITZPATRICK,N,,NP,207RC0000X,1068 MEDICAL Plaza STE 1,SYNTH CITY 18,CO,90476,5559794006,CO920894,CO,True,False
hcp_master,HCP000069,HCP000069,8305235722,35620560504,MP7728337,TIFFANY,MACIAS,B,,DO,208000000X,1069 MEDICAL PLZ,SYNTH CITY 19,TX,90483,5556236243,TX695891,TX,True,False
hcp_master,HCP000070,HCP000070,5791159143,42483082775,AR6487716,SHIRLEY,JOHNSON,T,,DO,207Q00000X,1070 MEDICAL PLZ,SYNTH CITY 20,FL,90490,5551952386,FL193628,FL,True,False
hcp_master,HCP000071,HCP000071,7651110935,63440753570,MR7607745,ANDREW,HOOD,J,,NP,207RX0202X,1071 MEDICAL Plaza STE 21,SYNTH CITY 21,GA,90497,5559763818,GA813071,GA,True,False
hcp_master,HCP000072,HCP000072,2026398877,70713267062,AF5239398,PAUL,HANSON,R,,DO,207R00000X,1072 MEDICAL Plaza STE 23,SYNTH CITY 22,NY,90504,5554669936,NY518177,NY,True,False
hcp_master,HCP000073,HCP000073,7213522130,23003453325,MA4665563,BRANDI,MARTINEZ,M,,NP,207RR0500X,1073 MEDICAL Plaza,SYNTH CITY 23,NJ,90511,5554151273,NJ211676,NJ,True,False
hcp_master,HCP000074,HCP000074,9083769197,04308797984,MB7646264,CHRISTOPHER,JENSEN JR,T,JR,PA,207RC0000X,1074 MEDICAL PLZ,SYNTH CITY 24,MA,90518,5553002680,MA289004,MA,True,False
hcp_master,HCP000075,HCP000075,1508659434,76830468278,PP9634726,JOSEPH,ESCOBAR,T,,DO,208000000X,1075 MEDICAL PLZ,SYNTH CITY 25,PA,90525,5551642895,PA765885,PA,True,False
hcp_master,HCP000076,HCP000076,7060275675,54455321325,RA3097247,MEGAN,REED,M,,DO,207Q00000X,1076 MEDICAL PLZ,SYNTH CITY 26,IL,90532,5557171720,IL727182,IL,True,False
hcp_master,HCP000077,HCP000077,6856082279,55259377879,PR7889579,HEATHER,BROWN,Z,,PA,207RX0202X,1077 MEDICAL Plaza,SYNTH CITY 27,OH,90539,5554856352,OH668762,OH,True,False
hcp_master,HCP000078,HCP000078,7951329235,75436095258,BG5857783,GINA,RAY,S,,PA,207R00000X,1078 MEDICAL PLZ,SYNTH CITY 28,MI,90546,5553647890,MI956096,MI,True,False
hcp_master,HCP000079,HCP000079,5817707693,52379396158,AA0509102,MICHAEL,VELAZQUEZ,A,,DO,207RR0500X,1079 MEDICAL PLZ,SYNTH CITY 29,MN,90553,5557963845,MN566768,MN,True,False
hcp_master,HCP000080,HCP000080,7538857377,55150874881,AB0555099,ELIZABETH,WRIGHT,M,SR,NP,207RC0000X,1080 MEDICAL PLZ,SYNTH CITY 30,CA,90560,5553190462,CA773853,CA,True,False
hcp_master,HCP000081,HCP000081,5050055958,99451252502,MM9880622,RONALD,RODRIGUEZ,M,,MD,208000000X,1081 MEDICAL Plaza STE 34,SYNTH CITY 31,OR,90567,5552494910,OR578611,OR,False,False
hcp_master,HCP000082,HCP000082,8728291609,10999133345,GF9932539,ANGELA,TAYLOR,R,,DO,207Q00000X,1082 MEDICAL PLZ,SYNTH CITY 32,WA,90574,5554445423,WA167115,WA,True,False
hcp_master,HCP000083,HCP000083,9534418006,23318875934,AM0672633,CHASE,CLAYTON,S,,NP,207RX0202X,1083 MEDICAL Plaza,SYNTH CITY 33,AZ,90581,5555156314,AZ455164,AZ,True,False
hcp_master,HCP000084,HCP000084,3129782835,79677172211,RF3475584,MARTHA,SANCHEZ,A,,PA,207R00000X,1084 MEDICAL Plaza STE 22,SYNTH CITY 34,CO,90588,5553371403,CO131788,CO,True,False
hcp_master,HCP000085,HCP000085,0270838283,57230969513,GB9955760,DANIELLE,VARGAS,T,,NP,207RR0500X,1085 MEDICAL Plaza,SYNTH CITY 35,TX,90595,5559067419,TX636436,TX,True,False
hcp_master,HCP000086,HCP000086,8226736022,92299838488,GF9446919,JACQUELINE,DIAZ,J,,DO,207RC0000X,1086 MEDICAL PLZ,SYNTH CITY 36,FL,90602,5557090968,FL516244,FL,True,False
hcp_master,HCP000087,HCP000087,2781643723,77857133737,FM2507098,AARON,BROOKS,C,,NP,208000000X,1087 MEDICAL PLZ,SYNTH CITY 37,GA,90609,5557698462,GA228499,GA,True,False
hcp_master,HCP000088,HCP000088,4111953418,50904376145,GA1525171,AUTUMN,HEBERT,M,,NP,207Q00000X,1088 MEDICAL PLZ,SYNTH CITY 38,NY,90616,5551051578,NY225531,NY,True,False
hcp_master,HCP000089,HCP000089,9953428437,62004926331,GM3542650,JENNIFER,HARRINGTON,A,,DO,207RX0202X,1089 MEDICAL Plaza,SYNTH CITY 39,NJ,90623,5559603857,NJ375959,NJ,True,False
hcp_master,HCP000090,HCP000090,2776033385,08694650081,FM5597969,DAVID,RUBIO,J,,NP,207R00000X,1090 MEDICAL Plaza STE 27,SYNTH CITY 40,MA,90630,5551614367,MA881927,MA,True,False
hcp_master,HCP000091,HCP000091,9211224115,55671702381,PR9302716,DIANE,PETERSON,T,,DO,207RR0500X,1091 MEDICAL Plaza,SYNTH CITY 41,PA,90637,5558037506,PA626956,PA,True,False
hcp_master,HCP000092,HCP000092,8438951245,70479180187,RM6555283,WALTER,ALEXANDER,L,,NP,207RC0000X,1092 MEDICAL PLZ,SYNTH CITY 42,IL,90644,5551439739,IL650286,IL,True,False
hcp_master,HCP000093,HCP000093,8730784898,57510933639,MF2859308,JENNIFER,LOWE,R,,MD,208000000X,1093 MEDICAL PLZ,SYNTH CITY 43,OH,90651,5557811586,OH308601,OH,True,False
hcp_master,HCP000094,HCP000094,5647170070,11919379135,RB1322187,YOLANDA,BENTON,C,,MD,207Q00000X,1094 MEDICAL PLZ,SYNTH CITY 44,MI,90658,5559855050,MI664796,MI,True,False
hcp_master,HCP000095,HCP000095,9362476183,35840087711,FB3521476,MICHAEL,PATEL,J,,NP,207RX0202X,1095 MEDICAL Plaza STE 29,SYNTH CITY 45,MN,90665,5558502819,MN255260,MN,True,False
hcp_master,HCP000096,HCP000096,8632070438,87531934126,FM2084326,AARON,GREEN,J,,PA,207R00000X,1096 MEDICAL PLZ,SYNTH CITY 46,CA,90672,5552786745,CA911557,CA,True,False
hcp_master,HCP000097,HCP000097,6691542685,33750374523,AA0615965,WILLIAM,TORRES,H,,PA,207RR0500X,1097 MEDICAL Plaza,SYNTH CITY 47,OR,90679,5558435673,OR445891,OR,True,False
hcp_master,HCP000098,HCP000098,,41109187499,RG2088508,NICHOLAS,GUTIERREZ,C,,NP,207RC0000X,1098 MEDICAL PLZ,SYNTH CITY 48,WA,90686,5551564798,WA231303,WA,True,False
hcp_master,HCP000099,HCP000099,0435363698,51274571404,BR2201227,DANIEL,LI,M,,PA,208000000X,1099 MEDICAL PLZ,SYNTH CITY 49,AZ,90693,5555099461,AZ908411,AZ,True,False
hcp_master,HCP000100,HCP000100,3179532130,25800975955,BP7277015,MARK,SCHMIDT,J,,DO,207Q00000X,1100 MEDICAL PLZ,SYNTH CITY 0,CO,90700,5555010869,CO852010,CO,True,False
hcp_master,HCP000101,HCP000101,2201151125,17416951359,RR8567761,TONY,WASHINGTON,M,SR,DO,207RX0202X,1101 MEDICAL PLZ,SYNTH CITY 1,TX,90707,5551805670,TX996439,TX,True,False
hcp_master,HCP000102,HCP000102,4938788773,17676335434,GB6324167,SARAH,LEWIS,J,,PA,207R00000X,1102 MEDICAL Plaza,SYNTH CITY 2,FL,90714,5557580474,FL553197,FL,True,False
hcp_master,HCP000103,HCP000103,3654157056,93062019725,FB9833843,TREVOR,LUNA,J,,DO,207RR0500X,1103 MEDICAL PLZ,SYNTH CITY 3,GA,90721,5555321281,GA136067,GA,True,False
hcp_master,HCP000104,HCP000104,3955290515,70732804110,BR4927010,BRAD,SULLIVAN,C,,PA,207RC0000X,1104 MEDICAL Plaza,SYNTH CITY 4,NY,90728,5553990200,NY934601,NY,True,False
hcp_master,HCP000105,HCP000105,4005575137,46739687605,AM7530664,DANIEL,MARTINEZ,R,,NP,208000000X,1105 MEDICAL Plaza,SYNTH CITY 5,NJ,90735,5558833487,NJ142907,NJ,True,False
hcp_master,HCP000106,HCP000106,6080530499,11257677391,MA7023602,WILLIAM,AYALA,J,,DO,207Q00000X,1106 MEDICAL PLZ,SYNTH CITY 6,MA,90742,5555567541,MA652749,MA,True,False
hcp_master,HCP000107,HCP000107,2249632623,99345202160,FR5662626,JIM,COLEMAN,B,,NP,207RX0202X,1107 MEDICAL PLZ,SYNTH CITY 7,PA,90749,5553692251,PA121583,PA,True,False
hcp_master,HCP000108,HCP000108,2889021103,49890661949,AM1960230,BRENDA,SANCHEZ,S,,MD,207R00000X,1108 MEDICAL PLZ,SYNTH CITY 8,IL,90756,5559124537,IL582589,IL,True,False
hcp_master,HCP000109,HCP000109,3126851971,93016976340,FM9980826,SHEILA,RIVAS,J,,NP,207RR0500X,1109 MEDICAL Plaza STE 26,SYNTH CITY 9,OH,90763,5555687950,OH369350,OH,True,False
hcp_master,HCP000110,HCP000110,7091905456,09671033784,PA7063424,LARRY,GONZALEZ,J,,DO,207RC0000X,1110 MEDICAL Plaza STE 15,SYNTH CITY 10,MI,90770,5555582045,MI364401,MI,True,False
hcp_master,HCP000111,HCP000111,6533741610,30195990384,GG7986531,CHRISTOPHER,NGUYEN III,E,III,DO,208000000X,1111 MEDICAL PLZ,SYNTH CITY 11,MN,90777,5559543088,MN807829,MN,False,False
hcp_master,HCP000112,HCP000112,0079036774,64033939768,PB4590422,KEVIN,KIM,J,,PA,207Q00000X,1112 MEDICAL PLZ,SYNTH CITY 12,CA,90784,5557987639,CA994529,CA,True,False
hcp_master,HCP000113,HCP000113,7419966941,17743466559,BB7964340,BILL,MASSEY,D,,NP,207RX0202X,1113 MEDICAL PLZ,SYNTH CITY 13,OR,90791,5559672916,OR604317,OR,True,False
hcp_master,HCP000114,HCP000114,3966545873,07436634300,AF5492322,SHAWN,BENNETT,P,,NP,207R00000X,1114 MEDICAL Plaza,SYNTH CITY 18,NY,91176,5558472266,WA703743,WA,True,False
hcp_master,HCP000115,HCP000115,9105959602,41164533604,FP7422227,NICHOLAS,HAMPTON,A,,MD,207RR0500X,1115 MEDICAL Plaza,SYNTH CITY 15,AZ,90805,5558477927,AZ301109,AZ,True,False
hcp_master,HCP000116,HCP000116,4158205375,89132963176,PG1362085,TIMOTHY,ORTIZ,G,,DO,207RC0000X,1116 MEDICAL Plaza STE 23,SYNTH CITY 16,CO,90812,5554963196,CO101211,CO,True,False
hcp_master,HCP000117,HCP000117,5574586926,70586025848,PB1958940,TYLER,GONZALES,J,,PA,208000000X,1117 MEDICAL Plaza,SYNTH CITY 17,TX,90819,5551251879,TX576814,TX,True,False
hcp_master,HCP000118,HCP000118,8379726242,68713299640,BA7069368,MARCUS,MARTINEZ,J,,DO,207Q00000X,1118 MEDICAL PLZ,SYNTH CITY 18,FL,90826,5558862756,FL484756,FL,True,False
hcp_master,HCP000119,HCP000119,0722459225,34698659237,AG8184861,BONNIE,LAMB,P,,NP,207RX0202X,1119 MEDICAL PLZ,SYNTH CITY 19,GA,90833,5558883975,GA899551,GA,True,False
hcp_master,HCP000120,HCP000120,9168836416,25763299071,RM6762855,PATRICIA,RODRIGUEZ,C,,DO,207R00000X,1120 MEDICAL PLZ,SYNTH CITY 20,NY,90840,5556933948,NY410581,NY,True,False
hcp_master,HCP000121,HCP000121,7665934254,99741485119,GM3046364,PHILLIP,CARROLL,R,,DO,207RR0500X,1121 MEDICAL Plaza,SYNTH CITY 21,NJ,90847,5557468846,NJ330136,NJ,True,False
hcp_master,HCP000122,HCP000122,7836526493,11592420725,MP1594027,GINA,HILL,S,,PA,207RC0000X,1122 MEDICAL PLZ,SYNTH CITY 22,MA,90854,5553180055,MA362593,MA,True,False
hcp_master,HCP000123,HCP000123,7680618403,73091856680,RA9280459,MATTHEW,GARCIA,K,,MD,208000000X,1123 MEDICAL Plaza,SYNTH CITY 23,PA,90861,5557995027,PA144319,PA,True,False
hcp_master,HCP000124,HCP000124,1240137707,07232274605,GR4161937,JIMMY,FERNANDEZ,S,,NP,207Q00000X,1124 MEDICAL PLZ,SYNTH CITY 24,IL,90868,5551666384,IL264445,IL,True,False
hcp_master,HCP000125,HCP000125,3376793659,93698051399,BA6448997,KIMBERLY,SAVAGE,A,,PA,207RX0202X,1125 MEDICAL Plaza,SYNTH CITY 25,OH,90875,5551458613,OH586340,OH,True,False
hcp_master,HCP000126,HCP000126,5663889504,82174202672,AG7071260,BETTY,PAYNE,H,,DO,207R00000X,1126 MEDICAL Plaza STE 16,SYNTH CITY 26,MI,90882,5553059618,MI796060,MI,True,False
hcp_master,HCP000127,HCP000127,9173062552,57904824996,MM2800688,MARVIN,HANEY,N,,NP,207RR0500X,1127 MEDICAL Plaza,SYNTH CITY 27,MN,90889,5553307161,MN483088,MN,True,False
hcp_master,HCP000128,HCP000128,7122268742,16558803036,BB4570276,PETER,MORALES,J,,PA,207RC0000X,1128 MEDICAL PLZ,SYNTH CITY 28,CA,90896,5559625174,CA559580,CA,True,False
hcp_master,HCP000129,HCP000129,6318493965,78969864815,PR2038501,GREGORY,CARRILLO,J,,DO,208000000X,1129 MEDICAL PLZ,SYNTH CITY 29,OR,90903,5555312215,OR544729,OR,True,False
hcp_master,HCP000130,HCP000130,9508924088,74528481539,GP0613205,AMBER,HERNANDEZ,N,,MD,207Q00000X,1130 MEDICAL Plaza,SYNTH CITY 30,WA,90910,5557388840,WA260341,WA,True,False
hcp_master,HCP000131,HCP000131,6152291442,27387398505,MF1583407,KIMBERLY,GENTRY,P,,PA,207RX0202X,1131 MEDICAL PLZ,SYNTH CITY 9,MN,91113,5555428795,AZ140590,AZ,True,False
hcp_master,HCP000132,HCP000132,5104588442,96729254693,FP9977790,CURTIS,BATES,R,,NP,207R00000X,1132 MEDICAL Plaza,SYNTH CITY 32,CO,90924,5553741646,CO455249,CO,True,False
hcp_master,HCP000133,HCP000133,0612156741,90144812904,BG9234790,JEREMY,JOHNSON SR,S,SR,PA,207RR0500X,1133 MEDICAL PLZ,SYNTH CITY 33,TX,90931,5555665593,TX318274,TX,True,False
hcp_master,HCP000134,HCP000134,9663065719,89215421137,AA2894008,BRADLEY,FROST III,D,III,NP,207RC0000X,1134 MEDICAL PLZ,SYNTH CITY 34,FL,90938,5555069077,FL414782,FL,True,False
hcp_master,HCP000135,HCP000135,7147072640,09816365262,RR1791792,GARY,DELACRUZ,S,,NP,208000000X,1135 MEDICAL PLZ,SYNTH CITY 9,OH,90763,5554574254,GA314038,GA,True,False
hcp_master,HCP000136,HCP000136,9597819900,37626949699,AP1882043,JENNA,JONES,A,SR,DO,207Q00000X,1136 MEDICAL PLZ,SYNTH CITY 36,NY,90952,5553834773,NY792812,NY,True,False
hcp_master,HCP000137,HCP000137,3326376654,92188055256,MG8263928,JIM,FRENCH,C,,PA,207RX0202X,1137 MEDICAL PLZ,SYNTH CITY 37,NJ,90959,5553360852,NJ317064,NJ,True,False
hcp_master,HCP000138,HCP000138,3123293466,59821389762,MB5109866,JACOB,CHAVEZ,D,,NP,207R00000X,1138 MEDICAL Plaza STE 34,SYNTH CITY 38,MA,90966,5553537447,MA585549,MA,True,False
hcp_master,HCP000139,HCP000139,3852053198,46481698016,RP9157672,AMANDA,STRICKLAND,R,,PA,207RR0500X,1139 MEDICAL PLZ,SYNTH CITY 39,PA,90973,5553937339,PA282432,PA,True,False
hcp_master,HCP000140,HCP000140,0759393735,86297419768,MB2007815,HOLLY,CASTRO,D,,PA,207RC0000X,1140 MEDICAL PLZ,SYNTH CITY 40,IL,90980,5559538773,IL830769,IL,True,False
hcp_master,HCP000141,HCP000141,3192241867,09461252693,MR8019935,GREGORY,HARVEY,M,,PA,208000000X,1141 MEDICAL Plaza,SYNTH CITY 41,OH,90987,5559009396,OH435587,OH,True,False
hcp_master,HCP000142,HCP000142,0230931418,43005311876,PA6725762,JAMES,JENSEN,A,,MD,207Q00000X,1142 MEDICAL PLZ,SYNTH CITY 42,MI,90994,5555541519,MI610657,MI,True,False
hcp_master,HCP000143,HCP000143,3499659696,67838431397,PR2638487,CATHERINE,COX,A,,PA,207RX0202X,1143 MEDICAL Plaza,SYNTH CITY 43,MN,91001,5555693637,MN389295,MN,True,False
hcp_master,HCP000144,HCP000144,4155161142,03729799147,AG6748602,GAIL,GILL,J,JR,DO,207R00000X,1144 MEDICAL PLZ,SYNTH CITY 44,CA,91008,5557343130,CA994429,CA,True,False
hcp_master,HCP000145,HCP000145,5477814649,61988233013,RB5539087,CARLOS,ANDERSON,R,,DO,207RR0500X,1145 MEDICAL Plaza,SYNTH CITY 45,OR,91015,5551328879,OR973592,OR,True,False
hcp_master,HCP000146,HCP000146,9487286053,74210690751,BB6283104,JOSE,RODRIGUEZ,M,,DO,207RC0000X,1146 MEDICAL Plaza,SYNTH CITY 46,WA,91022,5552919549,WA247332,WA,True,False
hcp_master,HCP000147,HCP000147,5582536715,00794878715,GM7168148,MELISSA,MORRISON,J,,PA,208000000X,1147 MEDICAL Plaza,SYNTH CITY 47,AZ,91029,5557317853,AZ254615,AZ,False,False
hcp_master,HCP000148,HCP000148,9358981378,31344522842,MG5271844,ROBERT,COLLINS,M,,NP,207Q00000X,1148 MEDICAL PLZ,SYNTH CITY 48,CO,91036,5552141307,CO547022,CO,True,False
hcp_master,HCP000149,HCP000149,5513319355,55061434074,AA5657789,EDWARD,COOPER,K,,DO,207RX0202X,1149 MEDICAL Plaza,SYNTH CITY 49,TX,91043,5556544414,TX553409,TX,True,False
hcp_master,HCP000150,HCP000150,1699821272,66961536622,AF8699813,PETER,DAVIS,C,,MD,207R00000X,1150 MEDICAL PLZ,SYNTH CITY 0,FL,91050,5551138515,FL352124,FL,True,False
hcp_master,HCP000151,HCP000151,8133557529,55102048468,PM7243749,SHARON,MCDONALD,E,,NP,207RR0500X,1151 MEDICAL Plaza,SYNTH CITY 1,GA,91057,5557111314,GA787721,GA,True,False
hcp_master,HCP000152,HCP000152,3987014669,50912951503,RF8567509,MARIA,WOOD,K,,NP,207RC0000X,1152 MEDICAL PLZ,SYNTH CITY 2,NY,91064,5554192268,NY692556,NY,True,False
hcp_master,HCP000153,HCP000153,8030565732,28847012325,PG4028810,ELIZABETH,YORK,L,,NP,208000000X,1153 MEDICAL PLZ,SYNTH CITY 3,NJ,91071,5558085949,NJ844258,NJ,True,False
hcp_master,HCP000154,HCP000154,5597027171,59840886650,BB9053090,NICHOLAS,COOPER,J,,PA,207Q00000X,1154 MEDICAL PLZ,SYNTH CITY 12,WA,91134,5558929763,MA245742,MA,True,False
hcp_master,HCP000155,HCP000155,5256229589,25752953056,RB1950146,ADAM,HARRISON,R,,NP,207RX0202X,1155 MEDICAL Plaza,SYNTH CITY 5,PA,91085,5555419543,PA970871,PA,True,False
hcp_master,HCP000156,HCP000156,4082697721,40919907628,AB9711201,EARL,OLSEN,S,JR,DO,207R00000X,1156 MEDICAL PLZ,SYNTH CITY 6,IL,91092,5559767608,IL973781,IL,True,False
hcp_master,HCP000157,HCP000157,8795977635,62757278136,RP4298834,ANDREW,SPARKS,R,,MD,207RR0500X,1157 MEDICAL Plaza,SYNTH CITY 7,OH,91099,5553223178,OH255940,OH,True,False
hcp_master,HCP000158,HCP000158,6894861734,69854492560,MB2601451,TODD,HESTER,S,,DO,207RC0000X,1158 MEDICAL PLZ,SYNTH CITY 8,MI,91106,5551016873,MI370536,MI,True,False
hcp_master,HCP000159,HCP000159,4124549609,53834203796,PM6404857,RACHEL,SHAFFER,T,,MD,208000000X,1159 MEDICAL PLZ,SYNTH CITY 9,MN,91113,5559891046,MN423407,MN,True,False
hcp_master,HCP000160,HCP000160,9207628121,17680619675,FM8187091,STEPHANIE,HOWARD,A,,NP,207Q00000X,1160 MEDICAL Plaza STE 8,SYNTH CITY 10,CA,91120,5557115894,CA678694,CA,True,False
hcp_master,HCP000161,HCP000161,3692488257,30964104627,FA5101259,KENDRA,BEASLEY,C,JR,DO,207RX0202X,1161 MEDICAL Plaza STE 21,SYNTH CITY 11,OR,91127,5553892792,OR284722,OR,True,False
hcp_master,HCP000162,HCP000162,1244063362,94123321164,AG8432329,TRAVIS,WALKER,M,,PA,207R00000X,1162 MEDICAL PLZ,SYNTH CITY 12,WA,91134,5551683089,WA868233,WA,True,False
hcp_master,HCP000163,HCP000163,4625280001,34131470726,PP6611366,HEATHER,HARRISON,D,,PA,207RR0500X,1163 MEDICAL PLZ,SYNTH CITY 13,AZ,91141,5553216116,AZ504232,AZ,True,False
hcp_master,HCP000164,HCP000164,7210087558,36017542143,GB2142254,CHARLES,STEVENS,R,,MD,207RC0000X,1164 MEDICAL PLZ,SYNTH CITY 14,CO,91148,5555301377,CO407228,CO,True,False
hcp_master,HCP000165,HCP000165,5060136749,10730603150,AG9048248,SARAH,PETERSON,K,,NP,208000000X,1165 MEDICAL Plaza STE 32,SYNTH CITY 15,TX,91155,5555560874,TX708189,TX,True,False
hcp_master,HCP000166,HCP000166,6311931201,57497027573,AP7640766,MITCHELL,WRIGHT,S,,MD,207Q00000X,1166 MEDICAL PLZ,SYNTH CITY 18,WA,90126,5556106047,FL871733,FL,True,False
hcp_master,HCP000167,HCP000167,7807755740,42831822241,BF2195018,KATHY,FRY,E,,DO,207RX0202X,1167 MEDICAL Plaza,SYNTH CITY 17,GA,91169,5554586905,GA854224,GA,True,False
hcp_master,HCP000168,HCP000168,9915609124,94706015417,FR0225415,SARAH,BROOKS,S,,PA,207R00000X,1168 MEDICAL Plaza,SYNTH CITY 18,NY,91176,5557539715,NY530641,NY,True,False
hcp_master,HCP000169,HCP000169,0643888825,85755354456,FA2411927,DENNIS,LITTLE,J,,MD,207RR0500X,1169 MEDICAL PLZ,SYNTH CITY 19,NJ,91183,5558037362,NJ454472,NJ,True,False
hcp_master,HCP000170,HCP000170,7299898396,09593358572,PP8030476,MICHAEL,NORTON,K,,PA,207RC0000X,1170 MEDICAL PLZ,SYNTH CITY 20,MA,91190,5556276239,MA891762,MA,True,False
hcp_master,HCP000171,HCP000171,8517900659,55833056279,BM6013131,TRACY,MOORE,S,,DO,208000000X,1171 MEDICAL PLZ,SYNTH CITY 21,PA,91197,5551165749,PA800910,PA,True,False
hcp_master,HCP000172,HCP000172,5771923112,75356128099,BF2527398,CHRISTOPHER,CHAMBERS,R,,MD,207Q00000X,1172 MEDICAL PLZ,SYNTH CITY 22,IL,91204,5555554246,IL160798,IL,True,False
hcp_master,HCP000173,HCP000173,4444675183,07308398066,BF4172986,JOHN,THOMAS JR,W,JR,DO,207RX0202X,1173 MEDICAL PLZ,SYNTH CITY 23,OH,91211,5552376654,OH803131,OH,True,False
hcp_master,HCP000174,HCP000174,8750270778,71351525393,RB0149176,JASON,WATSON,L,,DO,207R00000X,1174 MEDICAL PLZ,SYNTH CITY 24,MI,91218,5553150304,MI743168,MI,True,False
hcp_master,HCP000175,HCP000175,8472832525,67492759218,RP4467200,JILL,WRIGHT,T,,DO,207RR0500X,1175 MEDICAL Plaza,SYNTH CITY 25,MN,91225,5555228186,MN656540,MN,True,False
hcp_master,HCP000176,HCP000176,8373868206,16849928054,FR6111302,FRANKLIN,STONE,M,,PA,207RC0000X,1176 MEDICAL Plaza,SYNTH CITY 26,CA,91232,5557258383,CA546447,CA,True,False
hcp_master,HCP000177,HCP000177,3441220548,36473267650,MM4293274,SCOTT,DIAZ,M,,NP,208000000X,1177 MEDICAL PLZ,SYNTH CITY 27,OR,91239,5552506692,OR237071,OR,True,False
hcp_master,HCP000178,HCP000178,7975488397,81270001977,FM7585369,CHAD,MAY,L,,PA,207Q00000X,1178 MEDICAL Plaza STE 3,SYNTH CITY 28,WA,91246,5557737226,WA978365,WA,True,False
hcp_master,HCP000179,HCP000179,0013189184,10489182419,PM7812044,ANDREW,GRAY,B,JR,PA,207RX0202X,1179 MEDICAL PLZ,SYNTH CITY 29,AZ,91253,5558336132,AZ734907,AZ,True,False
hcp_master,HCP000180,HCP000180,1606486086,29182603678,PG3296944,DENISE,LEONARD,L,,MD,207R00000X,1180 MEDICAL PLZ,SYNTH CITY 30,CO,91260,5552921039,CO571607,CO,True,False
hcp_master,HCP000181,HCP000181,6033594303,80259358320,RA2173760,CASSANDRA,TORRES,E,JR,DO,207RR0500X,1181 MEDICAL PLZ,SYNTH CITY 31,TX,91267,5551802032,TX338327,TX,True,False
hcp_master,HCP000182,HCP000182,4403509571,39562910489,PG9441731,JOHN,QUINN,K,,DO,207RC0000X,1182 MEDICAL Plaza STE 14,SYNTH CITY 32,FL,91274,5553971021,FL422780,FL,True,False
hcp_master,HCP000183,HCP000183,5620366166,51384670937,GM3818280,APRIL,DAVIS,I,,NP,208000000X,1183 MEDICAL PLZ,SYNTH CITY 33,GA,91281,5556381062,GA339669,GA,True,False
hcp_master,HCP000184,HCP000184,8960531928,85841315293,FR5142757,DAVID,JONES,C,,DO,207Q00000X,1184 MEDICAL PLZ,SYNTH CITY 34,NY,91288,5555764328,NY281367,NY,True,False
hcp_master,HCP000185,HCP000185,4690374747,48111596886,MB9789318,WILLIAM,NELSON,L,,NP,207RX0202X,1185 MEDICAL PLZ,SYNTH CITY 35,NJ,91295,5554193390,NJ331477,NJ,True,False
hcp_master,HCP000186,HCP000186,6000704158,46148673916,GA9720650,JACOB,SCHULTZ,C,,DO,207R00000X,1186 MEDICAL Plaza,SYNTH CITY 36,MA,91302,5553439410,MA314593,MA,True,False
hcp_master,HCP000187,HCP000187,4133365195,09741122240,FR8069534,KAREN,ALLEN,K,,PA,207RR0500X,1187 MEDICAL PLZ,SYNTH CITY 37,PA,91309,5554877899,PA650972,PA,True,False
hcp_master,HCP000188,HCP000188,1213640216,99140457304,FM0647927,MARK,GOULD,J,,DO,207RC0000X,1188 MEDICAL PLZ,SYNTH CITY 38,IL,91316,5557997580,IL771443,IL,True,False
hcp_master,HCP000189,HCP000189,6641295624,21352222744,BG9743300,TYLER,MCCARTHY,R,,PA,208000000X,1189 MEDICAL PLZ,SYNTH CITY 19,AZ,90133,5559362689,OH663249,OH,True,False
hcp_master,HCP000190,HCP000190,4097371411,77899907711,RR3030630,JENNIFER,LAWSON,B,,PA,207Q00000X,1190 MEDICAL PLZ,SYNTH CITY 40,MI,91330,5551127554,MI997566,MI,True,False
hcp_master,HCP000191,HCP000191,7906775797,23332617690,FR4507293,SUSAN,BLACK,R,,DO,207RX0202X,1191 MEDICAL Plaza,SYNTH CITY 41,MN,91337,5559548636,MN523760,MN,True,False
hcp_master,HCP000192,HCP000192,3220357875,12352923644,RG1772831,JASON,HORN,B,,MD,207R00000X,1192 MEDICAL PLZ,SYNTH CITY 42,CA,91344,5557606903,CA522763,CA,True,False
hcp_master,HCP000193,HCP000193,8207799163,00681043995,RB9440114,AARON,BATES,G,,NP,207RR0500X,1193 MEDICAL Plaza,SYNTH CITY 43,OR,91351,5551629656,OR885281,OR,True,False
hcp_master,HCP000194,HCP000194,9418870025,17179165027,RF1285407,MICHAEL,SERRANO,C,,DO,207RC0000X,1194 MEDICAL PLZ,SYNTH CITY 44,WA,91358,5559352517,WA606156,WA,True,False
hcp_master,HCP000195,HCP000195,7265129578,14883971017,BB4136947,LINDA,CARPENTER,D,,NP,208000000X,1195 MEDICAL PLZ,SYNTH CITY 45,AZ,91365,5551535031,AZ962691,AZ,True,False
hcp_master,HCP000196,HCP000196,0640930638,64485056310,PA5832760,REBECCA,BARRETT,D,,NP,207Q00000X,1196 MEDICAL Plaza,SYNTH CITY 46,CO,91372,5558501438,CO373648,CO,True,False
hcp_master,HCP000197,HCP000197,7456367268,79065670721,GA6550702,RYAN,ROWE,F,,DO,207RX0202X,1197 MEDICAL PLZ,SYNTH CITY 47,TX,91379,5559409448,TX834936,TX,True,False
hcp_master,HCP000198,HCP000198,7900619553,59011311843,FR4490475,TAYLOR,MILLER,M,,DO,207R00000X,1198 MEDICAL Plaza STE 14,SYNTH CITY 48,FL,91386,5553195767,FL835981,FL,True,True
hcp_master,HCP000199,HCP000199,2482512177,35880796166,MG5647736,NANCY,MOORE,D,,NP,207RR0500X,1199 MEDICAL Plaza,SYNTH CITY 49,GA,91393,5554476177,GA213995,GA,True,False
hcp_master,HCP000200,HCP000200,7730269488,84476549004,AF5422697,RICKY,HAYNES,B,,MD,207RC0000X,1200 MEDICAL Plaza,SYNTH CITY 0,CA,90000,5553220152,CA496546,CA,True,False
hcp_master,HCP000201,HCP000201,6727564976,92572551151,RG7324732,MARIE,ROBERTS,H,,NP,208000000X,1201 MEDICAL PLZ,SYNTH CITY 1,OR,90007,5553294037,OR573935,OR,True,False
hcp_master,HCP000202,HCP000202,2326846054,52017539383,AA2113922,NATALIE,TURNER,H,,PA,207Q00000X,1202 MEDICAL Plaza,SYNTH CITY 2,WA,90014,5559349106,WA658787,WA,True,False
hcp_master,HCP000203,HCP000203,5901070933,75876397995,FR9166792,NANCY,WILLIAMS,M,,MD,207RX0202X,1203 MEDICAL PLZ,SYNTH CITY 3,AZ,90021,5552201232,AZ559905,AZ,True,False
hcp_master,HCP000204,HCP000204,9491845605,70617942467,MM6229586,RACHEL,MICHAEL,M,,NP,207R00000X,1204 MEDICAL PLZ,SYNTH CITY 4,CO,90028,5555158976,CO267546,CO,True,False
hcp_master,HCP000205,HCP000205,7241208413,88433391898,MP0859095,WILLIAM,SANCHEZ,N,,MD,207RR0500X,1205 MEDICAL PLZ,SYNTH CITY 5,TX,90035,5555785318,TX174561,TX,True,False
hcp_master,HCP000206,HCP000206,8064934093,48222720198,RB4450502,VICTOR,RUIZ,J,,PA,207RC0000X,1206 MEDICAL PLZ,SYNTH CITY 6,FL,90042,5554919086,FL728705,FL,True,False
hcp_master,HCP000207,HCP000207,5211601617,73261546662,AG0468695,MARIA,WILSON,S,,NP,208000000X,1207 MEDICAL PLZ,SYNTH CITY 7,GA,90049,5553888764,GA829687,GA,True,False
hcp_master,HCP000208,HCP000208,0063427708,61164160272,AR2589838,JENNIFER,HENDRIX,A,,MD,207Q00000X,1208 MEDICAL Plaza,SYNTH CITY 8,NY,90056,5559024428,NY575242,NY,True,False
hcp_master,HCP000209,HCP000209,7401926945,83675515712,MR3815945,ALEXANDRA,HARRIS,M,,NP,207RX0202X,1209 MEDICAL PLZ,SYNTH CITY 9,NJ,90063,5552808635,NJ983233,NJ,True,False
hcp_master,HCP000210,HCP000210,3864220140,15970177398,PP7179203,NANCY,UNDERWOOD,B,,DO,207R00000X,1210 MEDICAL Plaza,SYNTH CITY 10,MA,90070,5559837478,MA695088,MA,True,False
hcp_master,HCP000211,HCP000211,7733630959,66728711889,AR8745405,CASEY,MOORE,S,,MD,207RR0500X,1211 MEDICAL PLZ,SYNTH CITY 11,PA,90077,5551430915,PA511916,PA,True,False
hcp_master,HCP000212,HCP000212,8560848045,79536337524,PG0872999,SARAH,VAZQUEZ,J,,PA,207RC0000X,1212 MEDICAL Plaza,SYNTH CITY 12,IL,90084,5555923815,IL883685,IL,True,False
hcp_master,HCP000213,HCP000213,,44145520999,FM1904878,SCOTT,KING,K,,MD,208000000X,1213 MEDICAL PLZ,SYNTH CITY 13,OH,90091,5551517882,OH237017,OH,True,False
hcp_master,HCP000214,HCP000214,4609533847,01323061290,BG3314759,RANDALL,ROBINSON,D,,DO,207Q00000X,1214 MEDICAL Plaza,SYNTH CITY 14,MI,90098,5556203377,MI651353,MI,True,False
hcp_master,HCP000215,HCP000215,8476064224,68000789040,FF6980222,JONATHAN,NASH,D,,NP,207RX0202X,1215 MEDICAL Plaza,SYNTH CITY 15,MN,90105,5557326298,MN945890,MN,True,False
hcp_master,HCP000216,HCP000216,2310065604,36262543159,MP8072698,STEPHANIE,RIVAS,S,,NP,207R00000X,1216 MEDICAL Plaza,SYNTH CITY 16,CA,90112,5553159209,CA219921,CA,True,False
hcp_master,HCP000217,HCP000217,9808664970,80725840079,FR4059296,JUSTIN,ARMSTRONG,K,,DO,207RR0500X,1217 MEDICAL PLZ,SYNTH CITY 17,OR,90119,5558836866,OR176553,OR,True,False
hcp_master,HCP000218,HCP000218,6958138392,86384175367,BA5064253,MICHELLE,MORGAN,K,,NP,207RC0000X,1218 MEDICAL Plaza STE 6,SYNTH CITY 18,WA,90126,5556568120,WA912647,WA,True,False
hcp_master,HCP000219,HCP000219,8051268018,21430561607,BB1856200,LAUREN,SCHROEDER,D,,DO,208000000X,1219 MEDICAL PLZ,SYNTH CITY 19,AZ,90133,5553798045,AZ809566,AZ,True,False
hcp_master,HCP000220,HCP000220,6039311074,00878997564,BF4089448,CHARLES,REID,K,,DO,207Q00000X,1220 MEDICAL Plaza,SYNTH CITY 20,CO,90140,5558147389,CO344017,CO,True,False
hcp_master,HCP000221,HCP000221,9708405144,45945829196,GB5598433,LAURA,MORRIS,E,SR,PA,207RX0202X,1221 MEDICAL Plaza,SYNTH CITY 21,TX,90147,5554701596,TX328675,TX,True,False
hcp_master,HCP000222,HCP000222,6415096265,15115520497,AR4503731,JIM,ROBINSON,S,,PA,207R00000X,1222 MEDICAL PLZ,SYNTH CITY 22,FL,90154,5559327014,FL139579,FL,True,False
hcp_master,HCP000223,HCP000223,8723318688,23926196433,BM8275770,DOMINIC,BAILEY,C,,MD,207RR0500X,1223 MEDICAL Plaza,SYNTH CITY 23,GA,90161,5557777755,GA617263,GA,True,True
hcp_master,HCP000224,HCP000224,5359856973,39023257856,MA7059753,ANNA,RUSSELL,P,,DO,207RC0000X,1224 MEDICAL Plaza STE 15,SYNTH CITY 24,NY,90168,5556240116,NY196908,NY,True,False
hcp_master,HCP000225,HCP000225,6934335244,78426555700,AB9766027,MICHELLE,WILLIAMS,K,,PA,208000000X,1225 MEDICAL PLZ,SYNTH CITY 25,NJ,90175,5558187841,NJ167679,NJ,True,False
hcp_master,HCP000226,HCP000226,6281212020,37698257354,FB0786206,JENNIFER,WOOD,P,,PA,207Q00000X,1226 MEDICAL PLZ,SYNTH CITY 26,MA,90182,5556194857,MA104004,MA,True,False
hcp_master,HCP000227,HCP000227,9366417217,13247451196,AG0036671,KRISTEN,BARNES,C,,PA,207RX0202X,1227 MEDICAL PLZ,SYNTH CITY 27,PA,90189,5557023621,PA750494,PA,True,False
hcp_master,HCP000228,HCP000228,0669157386,71426039359,MP9685863,RICKY,SMITH,C,,DO,207R00000X,1228 MEDICAL PLZ,SYNTH CITY 28,IL,90196,5555419908,IL362563,IL,True,False
hcp_master,HCP000229,HCP000229,3339403719,34072752407,FF1332921,RACHEL,YATES,C,,DO,207RR0500X,1229 MEDICAL PLZ,SYNTH CITY 29,OH,90203,5551704008,OH752602,OH,True,False
hcp_master,HCP000230,HCP000230,5399196570,57619283095,BA1191188,SARA,GONZALEZ,K,,NP,207RC0000X,1230 MEDICAL PLZ,SYNTH CITY 30,MI,90210,5553801928,MI619174,MI,True,False
hcp_master,HCP000231,HCP000231,7695938960,35902436361,FM4763499,RICHARD,TODD,L,,DO,208000000X,1231 MEDICAL PLZ,SYNTH CITY 31,MN,90217,5556707030,MN101146,MN,True,False
hcp_master,HCP000232,HCP000232,0884160835,49780498402,MM9032912,CRYSTAL,JONES,D,,NP,207Q00000X,1232 MEDICAL PLZ,SYNTH CITY 32,CA,90224,5556018915,CA572285,CA,True,False
hcp_master,HCP000233,HCP000233,9516725519,67359261091,MG8568871,SHANE,COLEMAN,J,,NP,207RX0202X,1233 MEDICAL Plaza STE 25,SYNTH CITY 33,OR,90231,5558080077,OR700411,OR,True,False
hcp_master,HCP000234,HCP000234,1183670896,32497749988,MA2731948,JANET,BALL,R,,DO,207R00000X,1234 MEDICAL PLZ,SYNTH CITY 34,WA,90238,5554938271,WA435940,WA,True,False
hcp_master,HCP000235,HCP000235,2400469153,43005230013,BB3201961,BRIANNA,ALLEN,A,,PA,207RR0500X,1235 MEDICAL Plaza,SYNTH CITY 35,AZ,90245,5557933842,AZ891573,AZ,True,False
hcp_master,HCP000236,HCP000236,1352237469,90803863816,GB9700044,CHARLES,MCKEE,J,,MD,207RC0000X,1236 MEDICAL PLZ,SYNTH CITY 36,CO,90252,5558063033,CO528489,CO,True,False
hcp_master,HCP000237,HCP000237,8430324078,97110533550,AP9894888,CHRISTOPHER,LOWE,M,,DO,208000000X,1237 MEDICAL PLZ,SYNTH CITY 37,TX,90259,5559623259,TX553349,TX,True,False
hcp_master,HCP000238,HCP000238,3227640570,56583682203,AP0659332,BRIANNA,MORSE,B,,MD,207Q00000X,1238 MEDICAL Plaza STE 26,SYNTH CITY 38,FL,90266,5557112456,FL953722,FL,True,False
hcp_master,HCP000239,HCP000239,1703930465,08768724546,MA5054292,MAKAYLA,SAVAGE,C,,PA,207RX0202X,1239 MEDICAL PLZ,SYNTH CITY 39,GA,90273,5555435766,GA108355,GA,True,True
hcp_master,HCP000240,HCP000240,4172506501,06482766877,PG7876040,BRYAN,GEORGE,A,,DO,207R00000X,1240 MEDICAL Plaza STE 4,SYNTH CITY 40,NY,90280,5559102528,NY574836,NY,True,False
hcp_master,HCP000241,HCP000241,7876268013,74923022732,FG7908380,SAVANNAH,RUIZ,L,,MD,207RR0500X,1241 MEDICAL PLZ,SYNTH CITY 41,NJ,90287,5552028939,NJ811187,NJ,True,False
hcp_master,HCP000242,HCP000242,9461308246,79581910028,FP4142257,JOHNNY,GRIFFIN,M,,NP,207RC0000X,1242 MEDICAL PLZ,SYNTH CITY 42,MA,90294,5553133591,MA726864,MA,True,False
hcp_master,HCP000243,HCP000243,8413117143,89662874796,BF1381824,ALEXANDRA,KIM,J,,MD,208000000X,1243 MEDICAL PLZ,SYNTH CITY 43,PA,90301,5551539780,PA374694,PA,True,False
hcp_master,HCP000244,HCP000244,7804647841,89822546953,RG6154127,CAMERON,KRAMER,A,,MD,207Q00000X,1244 MEDICAL Plaza,SYNTH CITY 44,IL,90308,5554909722,IL123912,IL,True,False
hcp_master,HCP000245,HCP000245,4270833153,14987582853,BG0723143,JEREMY,BAKER,S,,PA,207RX0202X,1245 MEDICAL PLZ,SYNTH CITY 45,OH,90315,5551518736,OH449067,OH,True,False
hcp_master,HCP000246,HCP000246,4169566906,34749709903,RP4505633,JENNIFER,JOHNSON,A,,PA,207R00000X,1246 MEDICAL PLZ,SYNTH CITY 46,MI,90322,5555430171,MI437338,MI,True,False
hcp_master,HCP000247,HCP000247,2456743618,68176507287,FG0409628,JESSICA,SKINNER,A,,MD,207RR0500X,1247 MEDICAL PLZ,SYNTH CITY 47,MN,90329,5553200516,MN149000,MN,True,False
hcp_master,HCP000248,HCP000248,7532955045,68098470316,PM7191568,LAURA,ROLLINS,E,,PA,207RC0000X,1248 MEDICAL PLZ,SYNTH CITY 48,CA,90336,5556110317,CA475419,CA,True,False
hcp_master,HCP000249,HCP000249,1043697857,96595021207,GM9642757,SUSAN,JENSEN,J,,MD,208000000X,1249 MEDICAL PLZ,SYNTH CITY 49,OR,90343,5555664257,OR713243,OR,True,False
hcp_master,HCP000250,HCP000250,9460903799,10452964441,MP4496208,KRISTINA,RODRIGUEZ,J,,NP,207Q00000X,1250 MEDICAL PLZ,SYNTH CITY 0,WA,90350,5555449336,WA267522,WA,True,False
hcp_master,HCP000251,HCP000251,2229599404,30936956068,RA2092546,DEREK,WEAVER,B,,PA,207RX0202X,1251 MEDICAL PLZ,SYNTH CITY 1,AZ,90357,5552778689,AZ361847,AZ,True,False
hcp_master,HCP000252,HCP000252,8541937693,91057725803,RB3462723,MARK,ADAMS,M,,NP,207R00000X,1252 MEDICAL PLZ,SYNTH CITY 2,CO,90364,5558514588,CO701931,CO,True,False
hcp_master,HCP000253,HCP000253,0667489014,37868286112,AB9269264,DOUGLAS,RAMSEY,R,,NP,207RR0500X,1253 MEDICAL PLZ,SYNTH CITY 3,TX,90371,5558308844,TX494852,TX,True,False
hcp_master,HCP000254,HCP000254,9268657134,91768757359,AF0570547,MARC,NGUYEN,R,,MD,207RC0000X,1254 MEDICAL Plaza STE 36,SYNTH CITY 4,FL,90378,5555387770,FL466680,FL,True,False
hcp_master,HCP000255,HCP000255,3625492962,77438347986,AA6516908,BRYAN,SCHWARTZ,M,,DO,208000000X,1255 MEDICAL Plaza,SYNTH CITY 5,GA,90385,5552413642,GA322190,GA,True,False
hcp_master,HCP000256,HCP000256,2705495929,49762882503,BG5569122,CHAD,GONZALEZ III,M,III,MD,207Q00000X,1256 MEDICAL PLZ,SYNTH CITY 6,NY,90392,5556216631,NY792282,NY,True,False
hcp_master,HCP000257,HCP000257,9818439520,86624817893,BR4555643,ADAM,BALL,P,,DO,207RX0202X,1257 MEDICAL Plaza,SYNTH CITY 7,NJ,90399,5557097506,NJ599616,NJ,True,False
hcp_master,HCP000258,HCP000258,0270278449,51426161961,RM6018469,JASMINE,LONG,C,,DO,207R00000X,1258 MEDICAL Plaza STE 33,SYNTH CITY 8,MA,90406,5555095023,MA159418,MA,True,False
hcp_master,HCP000259,HCP000259,0028274732,88461439979,RP5281181,DEAN,MARTINEZ,F,,MD,207RR0500X,1259 MEDICAL PLZ,SYNTH CITY 9,PA,90413,5554404264,PA141021,PA,True,False
hcp_master,HCP000260,HCP000260,4907946451,99416627038,MM6192792,STEVEN,WARD,C,,NP,207RC0000X,1260 MEDICAL Plaza,SYNTH CITY 10,IL,90420,5551649472,IL496917,IL,True,False
hcp_master,HCP000261,HCP000261,8593765885,75613945832,AB5734285,ANDREW,TORRES,P,,MD,208000000X,1261 MEDICAL PLZ,SYNTH CITY 11,OH,90427,5553412898,OH878624,OH,True,False
hcp_master,HCP000262,HCP000262,7414613753,94296528011,MA7167820,ASHLEY,OSBORNE,R,,PA,207Q00000X,1262 MEDICAL PLZ,SYNTH CITY 12,MI,90434,5556168457,MI269323,MI,True,False
hcp_master,HCP000263,HCP000263,6044644857,89655286874,FR7855007,BRITTANY,BRADFORD,W,,MD,207RX0202X,1263 MEDICAL PLZ,SYNTH CITY 13,MN,90441,5552000388,MN658476,MN,True,False
hcp_master,HCP000264,HCP000264,,17105597556,GM1884448,MATTHEW,BROWN,V,,MD,207R00000X,1264 MEDICAL PLZ,SYNTH CITY 14,CA,90448,5553661821,CA724071,CA,True,False
hcp_master,HCP000265,HCP000265,0035014279,04969070637,AR4550379,PETER,GRAY,K,,PA,207RR0500X,1265 MEDICAL PLZ,SYNTH CITY 15,OR,90455,5555171189,OR529814,OR,True,False
hcp_master,HCP000266,HCP000266,0763699754,08795143874,FB0322965,HEATHER,KENNEDY,T,,MD,207RC0000X,1266 MEDICAL Plaza,SYNTH CITY 16,WA,90462,5555193702,WA563332,WA,True,False
hcp_master,HCP000267,HCP000267,6939619634,20612525458,BP2043148,JIMMY,ROBERTS,M,,NP,208000000X,1267 MEDICAL PLZ,SYNTH CITY 17,AZ,90469,5554017546,AZ168245,AZ,True,False
hcp_master,HCP000268,HCP000268,3724847652,27701008109,BP9599113,RYAN,CRAWFORD,J,,NP,207Q00000X,1268 MEDICAL PLZ,SYNTH CITY 18,CO,90476,5553757857,CO274061,CO,True,False
hcp_master,HCP000269,HCP000269,0182051041,50232526963,GM7307616,ASHLEE,HARRISON,S,,MD,207RX0202X,1269 MEDICAL PLZ,SYNTH CITY 19,TX,90483,5557540010,TX113967,TX,True,False
hcp_master,HCP000270,HCP000270,9991115475,26635969407,GA1316630,PAULA,HANNA,R,,MD,207R00000X,1270 MEDICAL Plaza,SYNTH CITY 20,FL,90490,5557403452,FL196562,FL,True,False
hcp_master,HCP000271,HCP000271,2746127804,26730774524,BF1627582,BRITTANY,PENNINGTON,J,,DO,207RR0500X,1271 MEDICAL Plaza STE 30,SYNTH CITY 21,GA,90497,5557177082,GA196167,GA,True,False
hcp_master,HCP000272,HCP000272,5347833241,52000267954,RB6852692,DANA,FLORES,T,,NP,207RC0000X,1272 MEDICAL PLZ,SYNTH CITY 22,NY,90504,5555464042,NY790366,NY,True,False
hcp_master,HCP000273,HCP000273,9128877831,80578137072,AB7804267,JOSEPH,FOSTER,L,,PA,208000000X,1273 MEDICAL Plaza,SYNTH CITY 23,NJ,90511,5557850795,NJ378851,NJ,True,False
hcp_master,HCP000274,HCP000274,9153643496,27660789927,FM3696991,MATTHEW,WILLIAMS,K,,PA,207Q00000X,1274 MEDICAL PLZ,SYNTH CITY 24,MA,90518,5556553711,MA640070,MA,True,False
hcp_master,HCP000275,HCP000275,5861743727,35692883126,PM7158381,LISA,CALDWELL,N,,NP,207RX0202X,1275 MEDICAL Plaza STE 23,SYNTH CITY 25,PA,90525,5559426946,PA655717,PA,True,False
hcp_master,HCP000276,HCP000276,3299454496,69684422039,RM3570989,DENISE,ROBERTS,J,,NP,207R00000X,1276 MEDICAL Plaza,SYNTH CITY 26,IL,90532,5552615741,IL599551,IL,True,False
hcp_master,HCP000277,HCP000277,4919936755,55598644052,RP9944642,JULIE,SAWYER,K,,PA,207RR0500X,1277 MEDICAL PLZ,SYNTH CITY 27,OH,90539,5554994141,OH297894,OH,True,False
hcp_master,HCP000278,HCP000278,7957199377,31493238567,PM5514808,LAURA,JOHNSON,L,,MD,207RC0000X,1278 MEDICAL Plaza,SYNTH CITY 28,MI,90546,5551006378,MI787464,MI,True,False
hcp_master,HCP000279,HCP000279,5507829773,48567308655,PP6727925,JOSEPH,PALMER,K,,PA,208000000X,1279 MEDICAL Plaza,SYNTH CITY 29,MN,90553,5552960647,MN463158,MN,True,False
hcp_master,HCP000280,HCP000280,1496987524,50983419234,BM9851829,TERRENCE,RIVERA,R,,DO,207Q00000X,1280 MEDICAL Plaza,SYNTH CITY 30,CA,90560,5552484812,CA510142,CA,True,False
hcp_master,HCP000281,HCP000281,5230702966,78641372610,FB8344397,KRISTINA,FRANCIS,K,,MD,207RX0202X,1281 MEDICAL PLZ,SYNTH CITY 31,OR,90567,5556909166,OR330657,OR,True,False
hcp_master,HCP000282,HCP000282,9251252323,38842463794,AA8436943,BRANDON,WILSON,J,,PA,207R00000X,1282 MEDICAL Plaza STE 4,SYNTH CITY 32,WA,90574,5551181435,WA568037,WA,True,False
hcp_master,HCP000283,HCP000283,2967167133,17555845658,BR6934098,AARON,PEREZ,D,III,NP,207RR0500X,1283 MEDICAL PLZ,SYNTH CITY 33,AZ,90581,5552410487,AZ574907,AZ,True,False
hcp_master,HCP000284,HCP000284,5086869828,12474030375,MA7426144,JERRY,DORSEY,M,,MD,207RC0000X,1284 MEDICAL Plaza,SYNTH CITY 34,CO,90588,5554986654,CO136691,CO,True,False
hcp_master,HCP000285,HCP000285,0536801943,30210979222,GB2937296,AARON,TORRES,K,,PA,208000000X,1285 MEDICAL Plaza STE 25,SYNTH CITY 35,TX,90595,5555311305,TX426387,TX,True,False
hcp_master,HCP000286,HCP000286,1237007145,67021566131,FB7782008,JASON,BLACK,B,,PA,207Q00000X,1286 MEDICAL PLZ,SYNTH CITY 36,FL,90602,5552663370,FL576769,FL,True,False
hcp_master,HCP000287,HCP000287,1732895887,50817476037,RP8985357,KATHERINE,GLOVER,K,,DO,207RX0202X,1287 MEDICAL PLZ,SYNTH CITY 37,GA,90609,5559287390,GA288385,GA,True,False
hcp_master,HCP000288,HCP000288,8046285036,33552530451,PM3536160,BRENDA,MIDDLETON,J,,MD,207R00000X,1288 MEDICAL PLZ,SYNTH CITY 38,NY,90616,5552490147,NY541646,NY,True,False
hcp_master,HCP000289,HCP000289,4591644975,19678912687,PF3031903,VALERIE,COHEN,W,,PA,207RR0500X,1289 MEDICAL PLZ,SYNTH CITY 39,NJ,90623,5555710136,NJ518876,NJ,True,False
hcp_master,HCP000290,HCP000290,3680741030,28726472039,GA9857159,CHRISTOPHER,JOHNSON,M,,DO,207RC0000X,1290 MEDICAL Plaza,SYNTH CITY 40,MA,90630,5557658719,MA757085,MA,True,False
hcp_master,HCP000291,HCP000291,8055369812,48452955407,FB7164707,STEPHEN,JOHNSON,G,,MD,208000000X,1291 MEDICAL PLZ,SYNTH CITY 41,PA,90637,5555388666,PA106291,PA,True,False
hcp_master,HCP000292,HCP000292,7845027037,16620313373,BR0230837,TERESA,COOPER,E,,MD,207Q00000X,1292 MEDICAL Plaza,SYNTH CITY 42,IL,90644,5554667055,IL308480,IL,True,False
hcp_master,HCP000293,HCP000293,2645606874,27994122823,PB6594589,JASMINE,BERRY,J,,NP,207RX0202X,1293 MEDICAL PLZ,SYNTH CITY 43,OH,90651,5557612325,OH981753,OH,True,False
hcp_master,HCP000294,HCP000294,4959881721,59850129405,RG4181921,ABIGAIL,MONTGOMERY,T,SR,MD,207R00000X,1294 MEDICAL PLZ,SYNTH CITY 44,MI,90658,5558330206,MI723209,MI,True,False
hcp_master,HCP000295,HCP000295,2855861136,40489996996,FR4115012,SARAH,KING,M,,NP,207RR0500X,1295 MEDICAL PLZ,SYNTH CITY 45,MN,90665,5559947543,MN556913,MN,True,False
hcp_master,HCP000296,HCP000296,2032126858,10543900548,AF1047185,DONNA,LE,M,,DO,207RC0000X,1296 MEDICAL PLZ,SYNTH CITY 46,CA,90672,5558076484,CA280366,CA,True,False
hcp_master,HCP000297,HCP000297,1681346692,18465821748,AB9808018,CHRISTINE,PADILLA,J,,MD,208000000X,1297 MEDICAL PLZ,SYNTH CITY 47,OR,90679,5551514667,OR637317,OR,True,False
hcp_master,HCP000298,HCP000298,2443533726,67614273447,MP4885698,NICOLE,PEREZ,B,,DO,207Q00000X,1298 MEDICAL Plaza,SYNTH CITY 48,WA,90686,5554346085,WA233768,WA,True,False
hcp_master,HCP000299,HCP000299,9712196945,53350101100,PB5092767,MELISSA,HUNTER,Z,,PA,207RX0202X,1299 MEDICAL Plaza STE 22,SYNTH CITY 49,AZ,90693,5554419348,AZ833907,AZ,True,False
hcp_master,HCP000300,HCP000300,9569180364,91207861104,PB8256543,MARY,LIN,J,,DO,207R00000X,1300 MEDICAL PLZ,SYNTH CITY 0,CO,90700,5558943351,CO779708,CO,True,False
hcp_master,HCP000301,HCP000301,8527042401,82464538697,FF0673082,ANTONIO,MYERS,D,JR,PA,207RR0500X,1301 MEDICAL PLZ,SYNTH CITY 1,TX,90707,5551047673,TX705243,TX,True,False
hcp_master,HCP000302,HCP000302,8662680783,41837336380,AA2030719,WILLIAM,STEELE,J,,PA,207RC0000X,1302 MEDICAL PLZ,SYNTH CITY 2,FL,90714,5558610163,FL797488,FL,True,False
hcp_master,HCP000303,HCP000303,3196727507,94207816070,RB4683904,DANIEL,BARNES,L,,PA,208000000X,1303 MEDICAL PLZ,SYNTH CITY 3,GA,90721,5554544921,GA500098,GA,True,False
hcp_master,HCP000304,HCP000304,9476882334,48863823995,BA9263495,LINDSEY,GARCIA,M,,DO,207Q00000X,1304 MEDICAL PLZ,SYNTH CITY 4,NY,90728,5556127578,NY600842,NY,True,False
hcp_master,HCP000305,HCP000305,8605807808,97565570207,PA1225431,AMANDA,WALKER,J,,NP,207RX0202X,1305 MEDICAL PLZ,SYNTH CITY 5,NJ,90735,5559225550,NJ826639,NJ,True,False
hcp_master,HCP000306,HCP000306,8786376755,32263108459,AR7647239,MATTHEW,LEWIS,J,,PA,207R00000X,1306 MEDICAL PLZ,SYNTH CITY 6,MA,90742,5553679020,MA633693,MA,True,False
hcp_master,HCP000307,HCP000307,8414164748,14752819731,RG8806392,JOHN,FLYNN,C,,NP,207RR0500X,1307 MEDICAL PLZ,SYNTH CITY 7,PA,90749,5553369784,PA599768,PA,True,False
hcp_master,HCP000308,HCP000308,4839819677,91827422397,MM4929334,ALLISON,TURNER,M,,PA,207RC0000X,1308 MEDICAL PLZ,SYNTH CITY 8,IL,90756,5552449533,IL180407,IL,True,False
hcp_master,HCP000309,HCP000309,8996171368,70306025228,PA8419331,JAMES,RAMIREZ,M,,NP,208000000X,1309 MEDICAL Plaza STE 26,SYNTH CITY 9,OH,90763,5559059466,OH315283,OH,True,False
hcp_master,HCP000310,HCP000310,7960813427,13365605227,AA4751737,MARK,WARNER,K,,DO,207Q00000X,1310 MEDICAL Plaza,SYNTH CITY 10,MI,90770,5554395301,MI973773,MI,True,False
hcp_master,HCP000311,HCP000311,7161521357,33485475952,GP2258356,JOSEPH,PARKER,V,,DO,207RX0202X,1311 MEDICAL Plaza,SYNTH CITY 11,MN,90777,5558996775,MN994703,MN,True,False
hcp_master,HCP000312,HCP000312,7831776878,34564416144,PG0523219,JACOB,JOHNSON,B,,PA,207R00000X,1312 MEDICAL PLZ,SYNTH CITY 12,CA,90784,5559435627,CA427916,CA,True,False
hcp_master,HCP000313,HCP000313,4891838912,35466207116,BB3589785,PATRICK,KELLY,C,,DO,207RR0500X,1313 MEDICAL PLZ,SYNTH CITY 13,OR,90791,5559983775,OR831634,OR,True,False
hcp_master,HCP000314,HCP000314,3950174151,34760690906,FP8888347,MELISSA,PETTY,B,,NP,207RC0000X,1314 MEDICAL Plaza,SYNTH CITY 14,WA,90798,5551447468,WA985079,WA,True,False
hcp_master,HCP000315,HCP000315,0234070643,47114883295,AB8890818,TIFFANY,WILLIAMS,S,,MD,208000000X,1315 MEDICAL PLZ,SYNTH CITY 15,AZ,90805,5551615966,AZ742008,AZ,True,False
hcp_master,HCP000316,HCP000316,5428419928,53670801769,GF6763933,STEPHANIE,YOUNG,K,,MD,207Q00000X,1316 MEDICAL PLZ,SYNTH CITY 16,CO,90812,5557558850,CO623102,CO,True,False
hcp_master,HCP000317,HCP000317,9119504501,76273254386,GB5080637,ERIC,OLSEN,D,,DO,207RX0202X,1317 MEDICAL Plaza,SYNTH CITY 17,TX,90819,5551403026,TX789392,TX,True,False
hcp_master,HCP000318,HCP000318,0646300661,31147969681,AM9734136,CARRIE,THOMAS,B,,MD,207R00000X,1318 MEDICAL PLZ,SYNTH CITY 18,FL,90826,5557874454,FL541730,FL,True,False
hcp_master,HCP000319,HCP000319,9756367618,57859848919,AG9726229,JIM,KELLY,J,,MD,207RR0500X,1319 MEDICAL Plaza,SYNTH CITY 19,GA,90833,5558084844,GA158279,GA,True,False
hcp_master,HCP000320,HCP000320,3606728467,10192850442,MR8589067,DAWN,JONES,R,,MD,207RC0000X,1320 MEDICAL Plaza,SYNTH CITY 20,NY,90840,5558717169,NY341396,NY,True,False
hcp_master,HCP000321,HCP000321,4454873520,18132237812,GF7245367,WILLIE,ROSS,J,,NP,208000000X,1321 MEDICAL PLZ,SYNTH CITY 21,NJ,90847,5559958401,NJ983596,NJ,True,False
hcp_master,HCP000322,HCP000322,7375837789,19026564065,GF8710107,KEITH,NICHOLS,P,,NP,207Q00000X,1322 MEDICAL Plaza,SYNTH CITY 22,MA,90854,5558479809,MA827507,MA,True,False
hcp_master,HCP000323,HCP000323,7383798122,72411355790,MB3372838,SARAH,LEWIS,S,,PA,207RX0202X,1323 MEDICAL PLZ,SYNTH CITY 23,PA,90861,5554809538,PA731268,PA,True,False
hcp_master,HCP000324,HCP000324,9247268805,43818391239,PP5766895,MARY,MCCLAIN,K,,DO,207R00000X,1324 MEDICAL Plaza STE 34,SYNTH CITY 24,IL,90868,5557289300,IL987702,IL,True,False
hcp_master,HCP000325,HCP000325,8193734752,74725514688,FM1889437,KIMBERLY,SANTANA,R,,NP,207RR0500X,1325 MEDICAL PLZ,SYNTH CITY 25,OH,90875,5555094745,OH679420,OH,True,False
hcp_master,HCP000326,HCP000326,3136318458,57894304928,PM5701174,JACQUELINE,RIVERA,J,,MD,207RC0000X,1326 MEDICAL PLZ,SYNTH CITY 26,MI,90882,5552601844,MI458789,MI,True,False
hcp_master,HCP000327,HCP000327,4241979283,58772690301,RB1094726,DOUGLAS,SPENCER,A,,PA,208000000X,1327 MEDICAL PLZ,SYNTH CITY 27,MN,90889,5553100315,MN289483,MN,True,False
hcp_master,HCP000328,HCP000328,4153215163,98962586311,FP5094383,CHRISTOPHER,SMITH,D,,NP,207Q00000X,1328 MEDICAL PLZ,SYNTH CITY 28,CA,90896,5554182704,CA652699,CA,True,False
hcp_master,HCP000329,HCP000329,4142523909,76920785053,GA3909559,STEPHANIE,BOYLE,F,,MD,207RX0202X,1329 MEDICAL PLZ,SYNTH CITY 29,OR,90903,5555045889,OR414179,OR,True,False
hcp_master,HCP000330,HCP000330,3036916899,51464711338,RG5257795,JULIE,FLOYD III,J,III,PA,207R00000X,1330 MEDICAL Plaza,SYNTH CITY 30,WA,90910,5559305523,WA597165,WA,True,False
hcp_master,HCP000331,HCP000331,0746736558,75120149975,BF7993450,DARREN,JOSEPH,T,,MD,207RR0500X,1331 MEDICAL Plaza STE 22,SYNTH CITY 31,AZ,90917,5557302725,AZ301913,AZ,True,False
hcp_master,HCP000332,HCP000332,2451690095,67153800599,MG2911534,MARK,WHITEHEAD,M,,PA,207RC0000X,1332 MEDICAL PLZ,SYNTH CITY 32,CO,90924,5553912323,CO290584,CO,True,False
hcp_master,HCP000333,HCP000333,1716711076,67262233423,MF6118467,TAMMY,RICHARDSON,T,,MD,208000000X,1333 MEDICAL PLZ,SYNTH CITY 33,TX,90931,5554750442,TX900739,TX,True,False
hcp_master,HCP000334,HCP000334,9606012307,01467219693,AF3770536,MATTHEW,PIERCE,K,,DO,207Q00000X,1334 MEDICAL PLZ,SYNTH CITY 34,FL,90938,5552793019,FL364049,FL,True,False
hcp_master,HCP000335,HCP000335,1892168067,80143082815,PG4708674,ISAIAH,WEBER,T,,DO,207RX0202X,1335 MEDICAL PLZ,SYNTH CITY 16,WA,90462,5558716238,GA932674,GA,True,False
hcp_master,HCP000336,HCP000336,5014778125,54818456761,FP0751190,JESSICA,SMITH,T,,MD,207R00000X,1336 MEDICAL PLZ,SYNTH CITY 36,NY,90952,5552545794,NY933754,NY,True,False
hcp_master,HCP000337,HCP000337,0148962364,78022519934,GA8735323,DAVID,HILL,J,,NP,207RR0500X,1337 MEDICAL PLZ,SYNTH CITY 37,NJ,90959,5551059101,NJ937347,NJ,True,False
hcp_master,HCP000338,HCP000338,6104111219,21507342215,BM2556758,TRICIA,SCOTT,D,,DO,207RC0000X,1338 MEDICAL Plaza STE 7,SYNTH CITY 38,MA,90966,5555427976,MA665391,MA,False,False
hcp_master,HCP000339,HCP000339,9040343318,40069844107,FG3398637,HAYLEY,MARTIN,A,,MD,208000000X,1339 MEDICAL PLZ,SYNTH CITY 39,PA,90973,5551544408,PA738472,PA,True,False
hcp_master,HCP000340,HCP000340,7407538660,79616039893,MM2991746,ALEXANDER,LAWSON,S,,MD,207Q00000X,1340 MEDICAL Plaza,SYNTH CITY 40,IL,90980,5558534969,IL561779,IL,True,False
hcp_master,HCP000341,HCP000341,8355645648,81879020497,MP0736764,CHRISTOPHER,SNYDER,A,,NP,207RX0202X,1341 MEDICAL PLZ,SYNTH CITY 41,OH,90987,5554546498,OH512918,OH,True,False
hcp_master,HCP000342,HCP000342,2157130016,41921137343,RM6458680,HOLLY,SIMMONS,M,,NP,207R00000X,1342 MEDICAL PLZ,SYNTH CITY 42,MI,90994,5556109649,MI960785,MI,True,False
hcp_master,HCP000343,HCP000343,2251719631,07528616474,RR0424151,JEFFREY,BROWN,E,,PA,207RR0500X,1343 MEDICAL PLZ,SYNTH CITY 43,MN,91001,5556401947,MN890682,MN,True,False
hcp_master,HCP000344,HCP000344,4930896632,84310456831,PP5046854,ANDREW,GRIFFITH,T,,MD,207RC0000X,1344 MEDICAL Plaza,SYNTH CITY 44,CA,91008,5557806336,CA193344,CA,True,False
hcp_master,HCP000345,HCP000345,3158152751,26361310241,AR5771684,TERRENCE,CRANE,J,,NP,208000000X,1345 MEDICAL PLZ,SYNTH CITY 45,OR,91015,5556557165,OR191572,OR,True,False
hcp_master,HCP000346,HCP000346,8914169924,85147632644,RA2993920,LISA,CLAYTON,B,,MD,207Q00000X,1346 MEDICAL PLZ,SYNTH CITY 46,WA,91022,5558118121,WA254637,WA,True,False
hcp_master,HCP000347,HCP000347,6397225528,71714061211,AG8375207,KAREN,MILLER,C,,MD,207RX0202X,1347 MEDICAL PLZ,SYNTH CITY 47,AZ,91029,5559908423,AZ797967,AZ,True,False
hcp_master,HCP000348,HCP000348,3312577570,35371040130,BG3807566,SAVANNAH,KNOX,R,,DO,207R00000X,1348 MEDICAL PLZ,SYNTH CITY 48,CO,91036,5553645580,CO685469,CO,True,False
hcp_master,HCP000349,HCP000349,3559296652,07799906995,RR0865192,CASSANDRA,COLEMAN,D,,PA,207RR0500X,1349 MEDICAL PLZ,SYNTH CITY 49,TX,91043,5552026213,TX534816,TX,True,False
hcp_master,HCP000350,HCP000350,8628295403,21119970590,PA8584783,COLTON,NASH,I,,NP,207RC0000X,1350 MEDICAL PLZ,SYNTH CITY 0,FL,91050,5553034063,FL819760,FL,True,False
hcp_master,HCP000351,HCP000351,2944112864,25647759812,RF3761087,JONATHAN,LEE,J,,DO,208000000X,1351 MEDICAL PLZ,SYNTH CITY 1,GA,91057,5551712345,GA882129,GA,True,False
hcp_master,HCP000352,HCP000352,3221227218,77270553636,BG7934489,ANGELA,RAMIREZ,J,,NP,207Q00000X,1352 MEDICAL Plaza STE 7,SYNTH CITY 2,NY,91064,5558290795,NY783347,NY,True,False
hcp_master,HCP000353,HCP000353,8164888249,06498761904,FF9252974,DWAYNE,GREENE,D,,MD,207RX0202X,1353 MEDICAL Plaza STE 18,SYNTH CITY 3,NJ,91071,5558973056,NJ465660,NJ,True,False
hcp_master,HCP000354,HCP000354,7953826907,42174547951,FG1229485,ANDRE,MORENO,A,,NP,207R00000X,1354 MEDICAL Plaza,SYNTH CITY 4,MA,91078,5553534827,MA315747,MA,True,False
hcp_master,HCP000355,HCP000355,6407671810,23046359221,GB8261315,ROGER,MCKEE,M,,NP,207RR0500X,1355 MEDICAL Plaza STE 16,SYNTH CITY 5,PA,91085,5553967456,PA591117,PA,True,False
hcp_master,HCP000356,HCP000356,4214063354,96554994903,FM6425243,JIM,HENRY,R,,MD,207RC0000X,1356 MEDICAL PLZ,SYNTH CITY 6,IL,91092,5556929035,IL946118,IL,False,False
hcp_master,HCP000357,HCP000357,3733994065,96127644741,RF2049121,JENNA,BLACKBURN,K,,DO,208000000X,1357 MEDICAL PLZ,SYNTH CITY 7,OH,91099,5554605789,OH775913,OH,True,False
hcp_master,HCP000358,HCP000358,4445770694,88386777984,GM8337991,JOE,NEWMAN,R,,PA,207Q00000X,1358 MEDICAL Plaza,SYNTH CITY 44,IL,90308,5552836869,MI105891,MI,True,False
hcp_master,HCP000359,HCP000359,4913285696,17781971584,FB5967774,SPENCER,COLON,S,,PA,207RX0202X,1359 MEDICAL Plaza,SYNTH CITY 9,MN,91113,5559457288,MN372207,MN,True,False
hcp_master,HCP000360,HCP000360,7282177360,78420566077,PG0465555,TAMMY,GONZALEZ,B,,DO,207R00000X,1360 MEDICAL PLZ,SYNTH CITY 10,CA,91120,5554737676,CA542329,CA,True,False
hcp_master,HCP000361,HCP000361,6301942168,73612041117,GR3229536,KRISTIE,JOHNSON,H,,NP,207RR0500X,1361 MEDICAL PLZ,SYNTH CITY 11,OR,91127,5552793417,OR207268,OR,True,False
hcp_master,HCP000362,HCP000362,6243872598,26930140068,BG5698390,JEFFERY,SMITH,C,,MD,207RC0000X,1362 MEDICAL PLZ,SYNTH CITY 34,FL,90938,5552098128,WA207389,WA,True,False
hcp_master,HCP000363,HCP000363,4117623957,12650826378,PR5054726,MARTIN,COLE,J,,DO,208000000X,1363 MEDICAL PLZ,SYNTH CITY 13,AZ,91141,5552928375,AZ443920,AZ,True,False
hcp_master,HCP000364,HCP000364,8932216426,45618205873,FM2822060,LINDSEY,TORRES,D,,MD,207Q00000X,1364 MEDICAL Plaza,SYNTH CITY 14,CO,91148,5559410567,CO186768,CO,True,False
hcp_master,HCP000365,HCP000365,1349639504,68079963194,FP7888112,PATRICIA,HAWKINS,R,,PA,207RX0202X,1365 MEDICAL Plaza,SYNTH CITY 35,GA,90945,5558320330,TX859441,TX,True,False
hcp_master,HCP000366,HCP000366,0741329110,51490712825,FM4485584,PETER,ROBINSON,L,,PA,207R00000X,1366 MEDICAL PLZ,SYNTH CITY 16,FL,91162,5556027965,FL512077,FL,True,False
hcp_master,HCP000367,HCP000367,1263155123,20247083302,GM7513765,JENNIFER,WILLIAMS,G,,PA,207RR0500X,1367 MEDICAL PLZ,SYNTH CITY 17,GA,91169,5556373890,GA639534,GA,True,False
hcp_master,HCP000368,HCP000368,3670226711,90812678004,GB6291651,TIMOTHY,GILL,K,,NP,207RC0000X,1368 MEDICAL Plaza,SYNTH CITY 18,NY,91176,5551649583,NY672187,NY,True,False
hcp_master,HCP000369,HCP000369,2598257063,82825389787,FR5317260,JAMES,OCONNELL,C,,NP,208000000X,1369 MEDICAL PLZ,SYNTH CITY 19,NJ,91183,5559944047,NJ691228,NJ,True,False
hcp_master,HCP000370,HCP000370,8375143756,21826149627,GB9950459,JOSEPH,HALL,K,,NP,207Q00000X,1370 MEDICAL PLZ,SYNTH CITY 20,MA,91190,5555264563,MA261550,MA,True,False
hcp_master,HCP000371,HCP000371,5507667199,22992620208,PB5258882,BARBARA,RILEY,A,,MD,207RX0202X,1371 MEDICAL PLZ,SYNTH CITY 21,PA,91197,5556925992,PA652424,PA,True,False
hcp_master,HCP000372,HCP000372,8414159110,97433387215,MP3414633,JESSICA,PARKER,J,,NP,207R00000X,1372 MEDICAL PLZ,SYNTH CITY 22,IL,91204,5551555036,IL927131,IL,True,False
hcp_master,HCP000373,HCP000373,8985477487,01168542151,PF3020747,JOHN,MORRISON,T,,PA,207RR0500X,1373 MEDICAL PLZ,SYNTH CITY 23,OH,91211,5552049476,OH232827,OH,True,False
hcp_master,HCP000374,HCP000374,8235035226,99612905588,BG6951951,TYLER,RICE,G,,NP,207RC0000X,1374 MEDICAL PLZ,SYNTH CITY 24,MI,91218,5554972267,MI954067,MI,True,False
hcp_master,HCP000375,HCP000375,9065553536,41902333347,PF2604260,JENNIFER,THOMAS,T,,PA,208000000X,1375 MEDICAL PLZ,SYNTH CITY 25,MN,91225,5555276558,MN615015,MN,True,False
hcp_master,HCP000376,HCP000376,2248933154,22983123489,PP1196271,HEATHER,REYES,A,,PA,207Q00000X,1376 MEDICAL PLZ,SYNTH CITY 26,CA,91232,5557586481,CA690735,CA,True,False
hcp_master,HCP000377,HCP000377,3063703300,88080868411,AP5210278,NICOLE,WEISS,W,,NP,207RX0202X,1377 MEDICAL PLZ,SYNTH CITY 27,OR,91239,5557234535,OR399261,OR,True,False
hcp_master,HCP000378,HCP000378,6727464433,18438823486,GB3079734,BRANDI,MITCHELL,A,,PA,207R00000X,1378 MEDICAL PLZ,SYNTH CITY 28,WA,91246,5555490364,WA619676,WA,True,False
hcp_master,HCP000379,HCP000379,5638496898,82718654633,BB8748651,BRANDON,GUTIERREZ,M,,NP,207RR0500X,1379 MEDICAL PLZ,SYNTH CITY 29,AZ,91253,5555628188,AZ160619,AZ,True,False
hcp_master,HCP000380,HCP000380,3834033714,60868986806,RF9543187,SHELBY,DICKERSON,R,,MD,207RC0000X,1380 MEDICAL PLZ,SYNTH CITY 30,CO,91260,5555069871,CO800828,CO,True,False
hcp_master,HCP000381,HCP000381,6300128116,62428025840,GB3992559,JOSEPH,RICHARDSON,E,,MD,208000000X,1381 MEDICAL PLZ,SYNTH CITY 31,TX,91267,5551041814,TX102060,TX,True,False
hcp_master,HCP000382,HCP000382,1606817595,27804779799,RG4492760,DENNIS,SIMMONS,A,,DO,207Q00000X,1382 MEDICAL Plaza,SYNTH CITY 32,FL,91274,5554208604,FL502609,FL,True,False
hcp_master,HCP000383,HCP000383,2853469437,74510615723,RA7194071,MARIA,THOMAS,C,,DO,207RX0202X,1383 MEDICAL PLZ,SYNTH CITY 33,GA,91281,5558722544,GA477042,GA,True,False
hcp_master,HCP000384,HCP000384,6174309099,04855193586,PB4513898,ROBERT,SMITH,M,,PA,207R00000X,1384 MEDICAL PLZ,SYNTH CITY 3,GA,90721,5556581177,NY869956,NY,True,False
hcp_master,HCP000385,HCP000385,7156471394,55901321268,FM8081678,ERIC,MARQUEZ SR,M,SR,DO,207RR0500X,1385 MEDICAL PLZ,SYNTH CITY 35,NJ,91295,5552426767,NJ967524,NJ,True,False
hcp_master,HCP000386,HCP000386,1173743265,48444448700,AM2381102,STEVEN,THOMAS,R,,NP,207RC0000X,1386 MEDICAL PLZ,SYNTH CITY 9,OH,90763,5555718917,MA265818,MA,True,False
hcp_master,HCP000387,HCP000387,3790128144,01059322996,GB9016115,MARCUS,GRIMES,E,,NP,208000000X,1387 MEDICAL PLZ,SYNTH CITY 37,PA,91309,5557833939,PA266443,PA,True,False
hcp_master,HCP000388,HCP000388,0722971039,48403498105,GP2843493,JARED,KELLER,D,,MD,207Q00000X,1388 MEDICAL PLZ,SYNTH CITY 38,IL,91316,5557375046,IL582816,IL,True,False
hcp_master,HCP000389,HCP000389,9746318218,65366565863,MB2850396,BLAKE,MORRIS,A,,MD,207RX0202X,1389 MEDICAL PLZ,SYNTH CITY 39,OH,91323,5551829086,OH261711,OH,True,False
hcp_master,HCP000390,HCP000390,7764637923,36223161339,RA1726919,ALICIA,COLLINS,K,,NP,207R00000X,1390 MEDICAL Plaza STE 29,SYNTH CITY 40,MI,91330,5555984974,MI892406,MI,True,False
hcp_master,HCP000391,HCP000391,5402970037,41068136182,GF6105867,GREGORY,PETERSON,B,,DO,207RR0500X,1391 MEDICAL Plaza,SYNTH CITY 41,MN,91337,5558035294,MN988745,MN,True,False
hcp_master,HCP000392,HCP000392,6862268961,50335230049,FB2966191,JACOB,KANE,D,,PA,207RC0000X,1392 MEDICAL PLZ,SYNTH CITY 42,CA,91344,5559997221,CA881361,CA,True,False
hcp_master,HCP000393,HCP000393,3621209279,48546864889,AR1662098,SHANNON,FREEMAN,C,,MD,208000000X,1393 MEDICAL Plaza,SYNTH CITY 43,OR,91351,5553858123,OR609888,OR,True,False
hcp_master,HCP000394,HCP000394,4057410274,34760018007,MR2615194,JIM,BROWN JR,D,JR,PA,207Q00000X,1394 MEDICAL Plaza,SYNTH CITY 44,WA,91358,5557188454,WA558972,WA,True,False
hcp_master,HCP000395,HCP000395,2231443914,07208120108,AP1986827,JOHN,NELSON,G,,PA,207RX0202X,1395 MEDICAL Plaza STE 26,SYNTH CITY 45,AZ,91365,5553426362,AZ751143,AZ,True,False
hcp_master,HCP000396,HCP000396,7771815322,44406180034,RG3828433,DANIEL,GARCIA,R,,NP,207R00000X,1396 MEDICAL PLZ,SYNTH CITY 46,CO,91372,5556866428,CO671019,CO,True,False
hcp_master,HCP000397,HCP000397,7639698290,74812346270,FM2462989,ADAM,GRAY,R,,DO,207RR0500X,1397 MEDICAL PLZ,SYNTH CITY 47,TX,91379,5558140219,TX755641,TX,True,False
hcp_master,HCP000398,HCP000398,8100690147,39202141316,GA0451364,BONNIE,WILSON,J,,MD,207RC0000X,1398 MEDICAL Plaza,SYNTH CITY 48,FL,91386,5558235000,FL934061,FL,True,False
hcp_master,HCP000399,HCP000399,9262920892,32563771915,FG1309142,HEATHER,RAMIREZ,M,,MD,208000000X,1399 MEDICAL Plaza,SYNTH CITY 49,GA,91393,5559647938,GA530370,GA,True,False
hcp_master,HCP000400,HCP000400,5658146381,36117212308,AF2209911,AMY,MENDOZA,M,III,MD,207Q00000X,1400 MEDICAL Plaza STE 21,SYNTH CITY 0,CA,90000,5556021460,CA472176,CA,True,False
hcp_master,HCP000401,HCP000401,6328541076,04201445622,MB0821751,JULIE,WARD,M,,NP,207RX0202X,1401 MEDICAL Plaza,SYNTH CITY 1,OR,90007,5558466814,OR685769,OR,False,False
hcp_master,HCP000402,HCP000402,7242504364,19335182918,FM8139115,RHONDA,WALLACE,D,,PA,207R00000X,1402 MEDICAL PLZ,SYNTH CITY 2,WA,90014,5552554283,WA269362,WA,True,False
hcp_master,HCP000403,HCP000403,7266422543,87986365920,AB6113742,TRACY,PHILLIPS,S,,DO,207RR0500X,1403 MEDICAL PLZ,SYNTH CITY 3,AZ,90021,5557961229,AZ431653,AZ,True,False
hcp_master,HCP000404,HCP000404,3621823517,95568805529,BP1675116,FRED,SMITH,E,,MD,207RC0000X,1404 MEDICAL PLZ,SYNTH CITY 4,CO,90028,5555132668,CO806952,CO,True,False
hcp_master,HCP000405,HCP000405,0150417091,89018941126,AM8199213,LAURA,ANDREWS,J,,PA,208000000X,1405 MEDICAL PLZ,SYNTH CITY 5,TX,90035,5553853185,TX239345,TX,True,False
hcp_master,HCP000406,HCP000406,7898145199,27106027432,MR7341123,AMANDA,WHITE,K,,MD,207Q00000X,1406 MEDICAL Plaza,SYNTH CITY 6,FL,90042,5551506888,FL397976,FL,True,False
hcp_master,HCP000407,HCP000407,0358884092,42133296267,GR9442796,JENNIFER,FRANCIS,L,,PA,207RX0202X,1407 MEDICAL Plaza,SYNTH CITY 7,GA,90049,5556311858,GA137885,GA,True,False
hcp_master,HCP000408,HCP000408,,56961094221,BP6506993,ANDREW,CASTRO,R,,PA,207R00000X,1408 MEDICAL PLZ,SYNTH CITY 8,NY,90056,5553008475,NY927976,NY,True,False
hcp_master,HCP000409,HCP000409,4981180498,97366597299,AF6875308,JOSE,WILLIAMS,E,,PA,207RR0500X,1409 MEDICAL Plaza,SYNTH CITY 9,NJ,90063,5553285763,NJ248030,NJ,True,False
hcp_master,HCP000410,HCP000410,8474200127,51013704410,BB7967780,SUSAN,CHAVEZ,M,,NP,207RC0000X,1410 MEDICAL PLZ,SYNTH CITY 10,MA,90070,5555444083,MA817394,MA,True,False
hcp_master,HCP000411,HCP000411,2735159347,31960599149,PG3755936,RACHEL,BROOKS,D,,NP,208000000X,1411 MEDICAL PLZ,SYNTH CITY 11,PA,90077,5553996246,PA888385,PA,True,False
hcp_master,HCP000412,HCP000412,9358964630,80112110371,FR1957333,PAMELA,LE,D,,PA,207Q00000X,1412 MEDICAL PLZ,SYNTH CITY 12,IL,90084,5556148909,IL103585,IL,True,False
hcp_master,HCP000413,HCP000413,6911331638,00082350657,AA7305499,LARRY,BARRON,T,,NP,207RX0202X,1413 MEDICAL Plaza,SYNTH CITY 13,OH,90091,5558541903,OH281231,OH,True,False
hcp_master,HCP000414,HCP000414,6162116928,10650216670,PB9847670,ERICA,RAMIREZ,C,,PA,207R00000X,1414 MEDICAL Plaza,SYNTH CITY 14,MI,90098,5553811164,MI654168,MI,True,False
hcp_master,HCP000415,HCP000415,4380865335,06956556978,GP8286471,AMANDA,JACKSON,K,,PA,207RR0500X,1415 MEDICAL Plaza,SYNTH CITY 15,MN,90105,5555731357,MN658664,MN,True,False
hcp_master,HCP000416,HCP000416,5521889340,04642592432,MF6061383,REBECCA,SANDOVAL,S,,PA,207RC0000X,1416 MEDICAL PLZ,SYNTH CITY 16,CA,90112,5559181120,CA956057,CA,True,False
hcp_master,HCP000417,HCP000417,3787324581,35232957502,PG7755221,REBECCA,WHITEHEAD,T,,PA,208000000X,1417 MEDICAL PLZ,SYNTH CITY 17,OR,90119,5556418097,OR495945,OR,True,False
hcp_master,HCP000418,HCP000418,8225620730,36137731056,MF0204306,TROY,LEWIS,H,,DO,207Q00000X,1418 MEDICAL PLZ,SYNTH CITY 18,WA,90126,5557345678,WA181705,WA,False,False
hcp_master,HCP000419,HCP000419,0409848907,08290963081,AP6136634,REBECCA,ROBINSON III,J,III,MD,207RX0202X,1419 MEDICAL Plaza,SYNTH CITY 19,AZ,90133,5551381476,AZ934396,AZ,True,False
hcp_master,HCP000420,HCP000420,3737987313,58195070657,FA3792383,RICHARD,BRADY,E,,MD,207R00000X,1420 MEDICAL PLZ,SYNTH CITY 20,CO,90140,5555385396,CO624950,CO,True,False
hcp_master,HCP000421,HCP000421,5105199322,51418148411,MA3638618,KATHERINE,KIRBY,R,,PA,207RR0500X,1421 MEDICAL PLZ,SYNTH CITY 21,TX,90147,5554827314,TX455722,TX,True,False
hcp_master,HCP000422,HCP000422,3512519216,71681446355,AG5958369,NICHOLAS,RUIZ,C,,MD,207RC0000X,1422 MEDICAL PLZ,SYNTH CITY 22,FL,90154,5559033273,FL600401,FL,True,False
hcp_master,HCP000423,HCP000423,2127434381,36306565590,AR8454947,CHRISTOPHER,SCOTT,T,,DO,208000000X,1423 MEDICAL PLZ,SYNTH CITY 23,GA,90161,5551125259,GA459197,GA,True,False
hcp_master,HCP000424,HCP000424,9946702559,36745446976,AG9353173,KATHERINE,COOPER,J,,NP,207Q00000X,1424 MEDICAL PLZ,SYNTH CITY 24,NY,90168,5555982045,NY944287,NY,True,False
hcp_master,HCP000425,HCP000425,5744484358,67743575200,FP7870898,ALLISON,DAVIS,K,,DO,207RX0202X,1425 MEDICAL PLZ,SYNTH CITY 25,NJ,90175,5558093569,NJ266669,NJ,True,False
hcp_master,HCP000426,HCP000426,8936822336,73952683468,GR7446022,ANDREW,CARR,M,,PA,207R00000X,1426 MEDICAL Plaza,SYNTH CITY 26,MA,90182,5553657211,MA194818,MA,True,False
hcp_master,HCP000427,HCP000427,8188124977,99512183729,PF4019886,AMY,ROBERTS,J,,MD,207RR0500X,1427 MEDICAL PLZ,SYNTH CITY 27,PA,90189,5551006211,PA398563,PA,True,False
hcp_master,HCP000428,HCP000428,9372627403,22597369220,PP4869993,JASON,GILBERT,M,,NP,207RC0000X,1428 MEDICAL PLZ,SYNTH CITY 28,IL,90196,5555032075,IL386216,IL,True,False
hcp_master,HCP000429,HCP000429,7754936244,37702278335,RF2597570,GREGORY,HILL,J,,PA,208000000X,1429 MEDICAL PLZ,SYNTH CITY 29,OH,90203,5557214458,OH414901,OH,True,False
hcp_master,HCP000430,HCP000430,7566697315,81558775898,FB0979741,AUDREY,RODRIGUEZ,Z,,MD,207Q00000X,1430 MEDICAL Plaza STE 21,SYNTH CITY 30,MI,90210,5558525371,MI441362,MI,True,False
hcp_master,HCP000431,HCP000431,1310953322,13192375354,FM3947265,PATTY,GRAVES,C,,NP,207RX0202X,1431 MEDICAL PLZ,SYNTH CITY 31,MN,90217,5557212242,MN152728,MN,True,False
hcp_master,HCP000432,HCP000432,7403925374,45421636387,FF7000342,JAMIE,WOLFE,J,,MD,207R00000X,1432 MEDICAL PLZ,SYNTH CITY 32,CA,90224,5556167847,CA367666,CA,True,False
hcp_master,HCP000433,HCP000433,5063270271,99042495958,BF2752131,HEATHER,ELLIOTT,E,,NP,207RR0500X,1433 MEDICAL Plaza STE 18,SYNTH CITY 33,OR,90231,5554952784,OR312129,OR,True,False
hcp_master,HCP000434,HCP000434,1400585083,68412243536,GR8305394,NICOLE,PALMER,M,,DO,207RC0000X,1434 MEDICAL Plaza,SYNTH CITY 34,WA,90238,5559617994,WA201276,WA,True,False
hcp_master,HCP000435,HCP000435,2764454908,23501960745,PP1329760,TARA,GONZALEZ,A,,PA,208000000X,1435 MEDICAL Plaza STE 16,SYNTH CITY 35,AZ,90245,5555015154,AZ498443,AZ,True,False
hcp_master,HCP000436,HCP000436,1109633250,14566857816,FR5672577,DEREK,HOLLAND,J,,MD,207Q00000X,1436 MEDICAL Plaza STE 28,SYNTH CITY 36,CO,90252,5558709601,CO338615,CO,True,False
hcp_master,HCP000437,HCP000437,6248578844,04784583195,BB3248798,DIANE,BLANKENSHIP,G,JR,PA,207RX0202X,1437 MEDICAL PLZ,SYNTH CITY 37,TX,90259,5557484755,TX406275,TX,True,False
hcp_master,HCP000438,HCP000438,2751231921,56998471811,PP1910922,ERIC,GENTRY,T,,PA,207R00000X,1438 MEDICAL Plaza,SYNTH CITY 38,FL,90266,5551779565,FL989244,FL,True,False
hcp_master,HCP000439,HCP000439,2358168799,05328290469,PA7387138,JOSEPH,MIRANDA,S,,PA,207RR0500X,1439 MEDICAL PLZ,SYNTH CITY 39,GA,90273,5558160999,GA450626,GA,True,False
hcp_master,HCP000440,HCP000440,4459653695,02058926336,MM0420041,KATHRYN,MARTIN,B,,NP,207RC0000X,1440 MEDICAL PLZ,SYNTH CITY 40,NY,90280,5557375221,NY987111,NY,True,True
hcp_master,HCP000441,HCP000441,,82642704696,RP2836256,KENNETH,GREEN,O,,PA,208000000X,1441 MEDICAL PLZ,SYNTH CITY 42,CA,91344,5558941824,NJ602840,NJ,True,False
hcp_master,HCP000442,HCP000442,9786619665,41167269591,FG3143234,BONNIE,HORNE,E,,PA,207Q00000X,1442 MEDICAL PLZ,SYNTH CITY 42,MA,90294,5556386228,MA450292,MA,True,False
hcp_master,HCP000443,HCP000443,0841137017,57636523954,PB2984936,ROBERT,RIOS,A,,MD,207RX0202X,1443 MEDICAL PLZ,SYNTH CITY 43,PA,90301,5558282721,PA317231,PA,True,False
hcp_master,HCP000444,HCP000444,4026379667,59678339476,AF3179914,JOSHUA,MILLER,M,,MD,207R00000X,1444 MEDICAL Plaza,SYNTH CITY 44,IL,90308,5551696314,IL873681,IL,True,False
hcp_master,HCP000445,HCP000445,1445893948,73541343936,AF8890820,OLIVIA,MCGUIRE,S,,NP,207RR0500X,1445 MEDICAL Plaza STE 9,SYNTH CITY 45,OH,90315,5558937982,OH615789,OH,True,False
hcp_master,HCP000446,HCP000446,0515911341,91293542570,RB9996986,CHRISTINE,JONES,S,,PA,207RC0000X,1446 MEDICAL PLZ,SYNTH CITY 46,MI,90322,5556716856,MI933009,MI,True,False
hcp_master,HCP000447,HCP000447,1821619040,84775190367,GF4938066,KATHERINE,SNYDER,L,,NP,208000000X,1447 MEDICAL Plaza,SYNTH CITY 47,MN,90329,5556342891,MN500740,MN,True,False
hcp_master,HCP000448,HCP000448,8566171475,62883729287,FP6632603,JON,PATTON,L,JR,MD,207Q00000X,1448 MEDICAL PLZ,SYNTH CITY 48,CA,90336,5557939110,CA945726,CA,True,False
hcp_master,HCP000449,HCP000449,7827644213,96429928471,GA8326937,PAUL,HAAS,D,,NP,207RX0202X,1449 MEDICAL Plaza STE 31,SYNTH CITY 49,OR,90343,5558898200,OR215162,OR,True,False
hcp_master,HCP000450,HCP000450,8176939725,21181268367,MM2607770,PHILLIP,HORN,D,,PA,207R00000X,1450 MEDICAL PLZ,SYNTH CITY 0,WA,90350,5556143940,WA581015,WA,True,False
hcp_master,HCP000451,HCP000451,6212953387,69642079641,MB6389239,VINCENT,MARSHALL,J,,MD,207RR0500X,1451 MEDICAL Plaza,SYNTH CITY 1,AZ,90357,5551289546,AZ489628,AZ,True,False
hcp_master,HCP000452,HCP000452,5448806476,72872253641,FP8370970,ANDRE,REYES,D,,NP,207RC0000X,1452 MEDICAL Plaza,SYNTH CITY 2,CO,90364,5559028671,CO315975,CO,True,False
hcp_master,HCP000453,HCP000453,2912540921,10498168667,GA6689390,JENNIFER,HUFFMAN,A,,PA,208000000X,1453 MEDICAL PLZ,SYNTH CITY 3,TX,90371,5556699580,TX714892,TX,True,False
hcp_master,HCP000454,HCP000454,2630603688,35158095669,MR2261122,TRACY,ADAMS,K,,MD,207Q00000X,1454 MEDICAL Plaza,SYNTH CITY 4,FL,90378,5553543850,FL280298,FL,True,False
hcp_master,HCP000455,HCP000455,3359598778,79678109575,GA2040827,DAWN,CASTILLO,S,,MD,207RX0202X,1455 MEDICAL Plaza,SYNTH CITY 5,GA,90385,5558314716,GA809238,GA,True,False
hcp_master,HCP000456,HCP000456,7048416359,56907470506,BB0299095,RICKY,KANE,P,,DO,207R00000X,1456 MEDICAL PLZ,SYNTH CITY 6,NY,90392,5553065662,NY263524,NY,True,False
hcp_master,HCP000457,HCP000457,3680619285,73446474337,AF3614694,MORGAN,PARKER,L,,PA,207RR0500X,1457 MEDICAL PLZ,SYNTH CITY 7,NJ,90399,5559239178,NJ318615,NJ,True,False
hcp_master,HCP000458,HCP000458,6182655798,73519987872,BG4779703,BRIAN,BURTON,M,,DO,207RC0000X,1458 MEDICAL PLZ,SYNTH CITY 8,MA,90406,5553596810,MA980653,MA,True,False
hcp_master,HCP000459,HCP000459,3675451165,09378911678,GB7646280,CHAD,THOMPSON,B,,NP,208000000X,1459 MEDICAL Plaza STE 12,SYNTH CITY 9,PA,90413,5559215747,PA833326,PA,True,False
hcp_master,HCP000460,HCP000460,1551348869,46472129023,PF8963561,EMILY,DUNLAP,D,,PA,207Q00000X,1460 MEDICAL Plaza STE 31,SYNTH CITY 10,IL,90420,5558747398,IL650479,IL,True,False
hcp_master,HCP000461,HCP000461,0932382563,67151064209,PR1021461,DYLAN,SOLOMON,M,,DO,207RX0202X,1461 MEDICAL Plaza STE 22,SYNTH CITY 11,OH,90427,5556312595,OH514628,OH,True,False
hcp_master,HCP000462,HCP000462,9479186584,59474339828,MA7184940,MARK,GARNER,L,,DO,207R00000X,1462 MEDICAL PLZ,SYNTH CITY 12,MI,90434,5558774270,MI283693,MI,True,False
hcp_master,HCP000463,HCP000463,7689415694,55006160834,FF5669186,JULIA,SAVAGE,C,,NP,207RR0500X,1463 MEDICAL PLZ,SYNTH CITY 13,MN,90441,5552573165,MN266506,MN,True,False
hcp_master,HCP000464,HCP000464,6979073585,27860177854,AP9043772,REBECCA,REESE,E,,PA,207RC0000X,1464 MEDICAL PLZ,SYNTH CITY 14,CA,90448,5552460841,CA767175,CA,True,False
hcp_master,HCP000465,HCP000465,6857357464,87356988733,GF9886112,MEGAN,JIMENEZ,N,,NP,208000000X,1465 MEDICAL PLZ,SYNTH CITY 15,OR,90455,5554009528,OR891863,OR,True,False
hcp_master,HCP000466,HCP000466,9985004834,32629870947,BP3729744,LISA,MOODY,M,,PA,207Q00000X,1466 MEDICAL PLZ,SYNTH CITY 16,WA,90462,5559997246,WA848215,WA,True,False
hcp_master,HCP000467,HCP000467,0298085867,78510448080,GF5071758,AUSTIN,PRUITT,J,,DO,207RX0202X,1467 MEDICAL Plaza,SYNTH CITY 17,AZ,90469,5556966785,AZ472980,AZ,True,False
hcp_master,HCP000468,HCP000468,6189630067,10663785207,MF0894268,LINDA,CAMERON JR,C,JR,MD,207R00000X,1468 MEDICAL PLZ,SYNTH CITY 18,CO,90476,5555062674,CO470096,CO,True,False
hcp_master,HCP000469,HCP000469,2523804559,32437880034,AR8475680,TRICIA,COHEN,T,,MD,207RR0500X,1469 MEDICAL Plaza STE 24,SYNTH CITY 19,TX,90483,5554573255,TX632719,TX,True,False
hcp_master,HCP000470,HCP000470,9510304485,36001729492,FA8507868,RANDALL,FRAZIER,D,,DO,207RC0000X,1470 MEDICAL PLZ,SYNTH CITY 20,FL,90490,5556506399,FL647322,FL,True,False
hcp_master,HCP000471,HCP000471,7264623613,35171546055,BF7559489,CINDY,BELL,P,,NP,208000000X,1471 MEDICAL PLZ,SYNTH CITY 21,GA,90497,5557285263,GA141913,GA,True,False
hcp_master,HCP000472,HCP000472,,07746052848,GG9943613,PATRICK,CLARK,S,,PA,207Q00000X,1472 MEDICAL PLZ,SYNTH CITY 22,NY,90504,5558870495,NY451273,NY,True,False
hcp_master,HCP000473,HCP000473,8036689429,08376763104,RM6244163,NICHOLAS,COLE,T,SR,PA,207RX0202X,1473 MEDICAL PLZ,SYNTH CITY 23,NJ,90511,5557112783,NJ300354,NJ,True,False
hcp_master,HCP000474,HCP000474,7648487131,01064478546,FG2116840,MICHAEL,OCHOA,S,,NP,207R00000X,1474 MEDICAL Plaza,SYNTH CITY 24,MA,90518,5551737677,MA124218,MA,True,False
hcp_master,HCP000475,HCP000475,5020519067,27042044380,GB7571403,DEANNA,DECKER,D,,MD,207RR0500X,1475 MEDICAL Plaza,SYNTH CITY 25,PA,90525,5558837386,PA432026,PA,False,False
hcp_master,HCP000476,HCP000476,1620241806,35079713774,RB7475488,LAURA,CHAMBERS,J,,DO,207RC0000X,1476 MEDICAL Plaza,SYNTH CITY 26,IL,90532,5558800923,IL774714,IL,True,False
hcp_master,HCP000477,HCP000477,3462047390,88787813840,PM9015153,JENNIFER,SANCHEZ,A,,MD,208000000X,1477 MEDICAL Plaza,SYNTH CITY 27,OH,90539,5552384055,OH887482,OH,True,False
hcp_master,HCP000478,HCP000478,5782381136,54819329643,GP1134827,KRISTEN,JACKSON,M,,PA,207Q00000X,1478 MEDICAL Plaza STE 26,SYNTH CITY 1,OR,90007,5558174785,MI904286,MI,True,False
hcp_master,HCP000479,HCP000479,7398199720,64732642635,FR8471928,ANGELICA,WRIGHT,K,III,NP,207RX0202X,1479 MEDICAL PLZ,SYNTH CITY 29,MN,90553,5557447265,MN882216,MN,True,False
hcp_master,HCP000480,HCP000480,0743811057,18406326994,PB8955508,ROBERT,CORTEZ,A,,MD,207R00000X,1480 MEDICAL PLZ,SYNTH CITY 30,CA,90560,5554264917,CA822046,CA,True,False
hcp_master,HCP000481,HCP000481,8325965811,26888840946,AR8918615,REBECCA,JORDAN,D,,MD,207RR0500X,1481 MEDICAL PLZ,SYNTH CITY 31,OR,90567,5557097275,OR607074,OR,True,False
hcp_master,HCP000482,HCP000482,7735593379,38813711154,FA6826755,KENNETH,FARLEY,T,,PA,207RC0000X,1482 MEDICAL Plaza STE 25,SYNTH CITY 32,WA,90574,5559124651,WA740592,WA,True,False
hcp_master,HCP000483,HCP000483,6262347506,16249284988,BP3996950,IVAN,FOX,D,,MD,208000000X,1483 MEDICAL PLZ,SYNTH CITY 33,AZ,90581,5557509202,AZ158871,AZ,True,False
hcp_master,HCP000484,HCP000484,9321521277,55487181043,PM0477565,LYDIA,CLAYTON,J,,NP,207Q00000X,1484 MEDICAL Plaza STE 28,SYNTH CITY 34,CO,90588,5557257372,CO150550,CO,True,False
hcp_master,HCP000485,HCP000485,2656960244,11193933495,AB9189255,VICTORIA,MYERS,C,,MD,207RX0202X,1485 MEDICAL Plaza,SYNTH CITY 35,TX,90595,5559460851,TX387368,TX,True,False
hcp_master,HCP000486,HCP000486,3718217136,41210641362,FP6734880,MONICA,WARD,M,,PA,207R00000X,1486 MEDICAL PLZ,SYNTH CITY 36,FL,90602,5555511782,FL341794,FL,True,False
hcp_master,HCP000487,HCP000487,0241867965,54409862912,AF3739355,MARY,KELLY,A,,PA,207RR0500X,1487 MEDICAL PLZ,SYNTH CITY 37,GA,90609,5552057147,GA943989,GA,True,False
hcp_master,HCP000488,HCP000488,0209386677,96263853673,PB2860632,MARY,WARD,M,,PA,207RC0000X,1488 MEDICAL PLZ,SYNTH CITY 38,NY,90616,5553670087,NY492199,NY,True,True
hcp_master,HCP000489,HCP000489,7514666958,33637791374,MP8224590,MARIE,LAWSON,M,,NP,208000000X,1489 MEDICAL PLZ,SYNTH CITY 39,NJ,90623,5553247269,NJ707851,NJ,True,False
hcp_master,HCP000490,HCP000490,6668800397,09088235712,PP1888261,ALEJANDRA,TOWNSEND,S,SR,NP,207Q00000X,1490 MEDICAL Plaza,SYNTH CITY 40,MA,90630,5552675833,MA278879,MA,True,False
hcp_master,HCP000491,HCP000491,2329245247,14331901193,GP0016968,AARON,PAYNE,R,,PA,207RX0202X,1491 MEDICAL PLZ,SYNTH CITY 41,PA,90637,5558148408,PA244132,PA,True,False
hcp_master,HCP000492,HCP000492,8881792831,24911974497,RA5705096,TRAVIS,SCHWARTZ,J,,MD,207R00000X,1492 MEDICAL PLZ,SYNTH CITY 42,IL,90644,5552765982,IL823470,IL,True,False
hcp_master,HCP000493,HCP000493,3162586226,25308661235,PR5347347,STEVEN,MORRIS,R,,NP,207RR0500X,1493 MEDICAL PLZ,SYNTH CITY 43,OH,90651,5551544746,OH359765,OH,True,False
hcp_master,HCP000494,HCP000494,9726433094,99281359248,GM4025029,ANGEL,SUAREZ,J,,MD,207RC0000X,1494 MEDICAL Plaza,SYNTH CITY 44,MI,90658,5552844229,MI606764,MI,True,False
hcp_master,HCP000495,HCP000495,0209756192,50404247201,PM9817007,MICHAEL,FORD,R,SR,NP,208000000X,1495 MEDICAL Plaza,SYNTH CITY 45,MN,90665,5559868725,MN377146,MN,True,False
hcp_master,HCP000496,HCP000496,6749608066,78658252184,AP9638723,BRIAN,HARRINGTON,M,,NP,207Q00000X,1496 MEDICAL PLZ,SYNTH CITY 46,CA,90672,5553066559,CA132826,CA,True,False
hcp_master,HCP000497,HCP000497,,02325611642,BA8853239,KATHERINE,LAWSON,M,,DO,207RX0202X,1497 MEDICAL Plaza STE 28,SYNTH CITY 47,OR,90679,5558287943,OR338762,OR,True,False
hcp_master,HCP000498,HCP000498,9130156257,52711331096,PA7374221,ERNEST,MITCHELL,S,,PA,207R00000X,1498 MEDICAL Plaza STE 26,SYNTH CITY 48,WA,90686,5552502950,WA846116,WA,True,True
hcp_master,HCP000499,HCP000499,3425520459,08470007279,MR9786213,JUAN,YANG,K,,MD,207RR0500X,1499 MEDICAL Plaza STE 6,SYNTH CITY 49,AZ,90693,5555487484,AZ554416,AZ,True,False
hcp_master,HCP000500,HCP000500,9991742492,45743932335,MA8216279,MELISSA,CASTANEDA,W,,DO,207RC0000X,1500 MEDICAL PLZ,SYNTH CITY 0,CO,90700,5556519161,CO411462,CO,True,False
hcp_master,HCP000501,HCP000501,3157720186,58201121625,FM6581535,KYLIE,GREEN,A,,PA,208000000X,1501 MEDICAL Plaza STE 16,SYNTH CITY 1,TX,90707,5554834482,TX820611,TX,True,False
hcp_master,HCP000502,HCP000502,1220591014,31063328377,AB8841296,APRIL,RIVERA,A,,MD,207Q00000X,1502 MEDICAL Plaza,SYNTH CITY 2,FL,90714,5555334669,FL372925,FL,True,False
hcp_master,HCP000503,HCP000503,3394409817,49561153907,MR9836142,LISA,NGUYEN,C,,MD,207RX0202X,1503 MEDICAL Plaza,SYNTH CITY 3,GA,90721,5554608230,GA612065,GA,True,False
hcp_master,HCP000504,HCP000504,2566401362,34073542191,RA0998741,ANGELA,ORTIZ,T,,NP,207R00000X,1504 MEDICAL PLZ,SYNTH CITY 4,NY,90728,5551695973,NY131456,NY,True,False
hcp_master,HCP000505,HCP000505,5456235881,45939767766,FF5869645,AARON,WOODS,I,,DO,207RR0500X,1505 MEDICAL PLZ,SYNTH CITY 5,NJ,90735,5552816855,NJ323918,NJ,True,False
hcp_master,HCP000506,HCP000506,3906495577,88573306289,RB6755435,CARMEN,MCGUIRE,B,III,MD,207RC0000X,1506 MEDICAL PLZ,SYNTH CITY 6,MA,90742,5553429767,MA623868,MA,True,False
hcp_master,HCP000507,HCP000507,4461108068,52516705607,GF4667070,KRISTEN,JONES,L,,MD,208000000X,1507 MEDICAL PLZ,SYNTH CITY 7,PA,90749,5555973294,PA719683,PA,True,False
hcp_master,HCP000508,HCP000508,6869055841,85922551641,GM0962789,KRISTI,PATEL,M,,MD,207Q00000X,1508 MEDICAL PLZ,SYNTH CITY 8,IL,90756,5558880227,IL287825,IL,True,False
hcp_master,HCP000509,HCP000509,3235720653,76774356553,AF8777927,LAUREN,CRAWFORD,C,,MD,207RX0202X,1509 MEDICAL PLZ,SYNTH CITY 9,OH,90763,5552266539,OH487473,OH,True,False
hcp_master,HCP000510,HCP000510,3434048112,27365176276,PP3903652,JAMES,HART,D,,PA,207R00000X,1510 MEDICAL Plaza STE 16,SYNTH CITY 10,MI,90770,5555771930,MI711892,MI,True,False
hcp_master,HCP000511,HCP000511,7392611472,59329328808,MB5211158,PAMELA,WILLIAMS SR,K,SR,NP,207RR0500X,1511 MEDICAL PLZ,SYNTH CITY 11,MN,90777,5557594004,MN851750,MN,True,False
hcp_master,HCP000512,HCP000512,5008215290,98229608164,AP6867995,JOSE,GOOD,J,,MD,207RC0000X,1512 MEDICAL Plaza STE 2,SYNTH CITY 12,CA,90784,5552047115,CA198644,CA,True,False
hcp_master,HCP000513,HCP000513,8328769137,65320590464,MM9673101,ELAINE,JOHNSON,J,,PA,208000000X,1513 MEDICAL PLZ,SYNTH CITY 13,OR,90791,5557052267,OR652030,OR,True,False
hcp_master,HCP000514,HCP000514,8973922734,19192425015,MR8977399,TIFFANY,LOZANO,C,,MD,207Q00000X,1514 MEDICAL PLZ,SYNTH CITY 14,WA,90798,5556713574,WA544572,WA,True,False
hcp_master,HCP000515,HCP000515,5865061357,25333017141,GM4725250,JESSICA,HOFFMAN,C,,PA,207RX0202X,1515 MEDICAL PLZ,SYNTH CITY 15,AZ,90805,5553323731,AZ344685,AZ,True,False
hcp_master,HCP000516,HCP000516,2455392409,94176950968,AG4281029,BILL,WILSON,J,,MD,207R00000X,1516 MEDICAL PLZ,SYNTH CITY 16,CO,90812,5555966598,CO455493,CO,True,False
hcp_master,HCP000517,HCP000517,0621470398,74370738791,BR3864007,COURTNEY,COLLINS,S,JR,PA,207RR0500X,1517 MEDICAL Plaza STE 18,SYNTH CITY 17,TX,90819,5557463524,TX663849,TX,True,False
hcp_master,HCP000518,HCP000518,5987886806,03196067389,RA4744346,TRACY,WERNER,J,,MD,207RC0000X,1518 MEDICAL PLZ,SYNTH CITY 18,FL,90826,5557944178,FL224785,FL,True,False
hcp_master,HCP000519,HCP000519,2663465492,88157037996,AA8711187,SIERRA,DAVIS,J,,PA,208000000X,1519 MEDICAL Plaza STE 37,SYNTH CITY 19,GA,90833,5555795854,GA931319,GA,True,False
hcp_master,HCP000520,HCP000520,2059036311,14963921854,MR2997101,CARLOS,WHITNEY,P,,NP,207Q00000X,1520 MEDICAL Plaza,SYNTH CITY 20,NY,90840,5554359632,NY105651,NY,True,False
hcp_master,HCP000521,HCP000521,8996104450,01932498066,RR7638999,BRIAN,PRUITT,Z,,NP,207RX0202X,1521 MEDICAL Plaza,SYNTH CITY 21,NJ,90847,5551287866,NJ316173,NJ,True,False
hcp_master,HCP000522,HCP000522,3856364948,08193869366,BP1811410,JOSHUA,HARRIS,M,,MD,207R00000X,1522 MEDICAL Plaza,SYNTH CITY 22,MA,90854,5552237802,MA139627,MA,True,False
hcp_master,HCP000523,HCP000523,0968408506,14489668256,BR2038328,BRENT,CAMPBELL,K,,MD,207RR0500X,1523 MEDICAL PLZ,SYNTH CITY 23,PA,90861,5551016645,PA389194,PA,True,False
hcp_master,HCP000524,HCP000524,2666380896,64126544089,BF6019158,MICHAEL,ROSS,S,,NP,207RC0000X,1524 MEDICAL Plaza,SYNTH CITY 24,IL,90868,5554641450,IL746097,IL,True,False
hcp_master,HCP000525,HCP000525,7772226081,24715016562,BF1827162,DERRICK,SCHROEDER,R,,DO,208000000X,1525 MEDICAL PLZ,SYNTH CITY 25,OH,90875,5557776540,OH212172,OH,True,False
hcp_master,HCP000526,HCP000526,6963284586,20652260794,GG0634083,DERRICK,HOWARD,G,,MD,207Q00000X,1526 MEDICAL Plaza STE 8,SYNTH CITY 26,MI,90882,5551301058,MI567964,MI,True,False
hcp_master,HCP000527,HCP000527,3062819727,58492793135,MG9569932,JOSHUA,HENSLEY,M,,NP,207RX0202X,1527 MEDICAL Plaza,SYNTH CITY 27,MN,90889,5556946853,MN728493,MN,True,False
hcp_master,HCP000528,HCP000528,9071898743,28773446712,AG6270866,LAUREN,THOMAS,C,,NP,207R00000X,1528 MEDICAL Plaza,SYNTH CITY 28,CA,90896,5552629138,CA771913,CA,True,False
hcp_master,HCP000529,HCP000529,2669592828,90419389173,AB5862237,BOBBY,HURST,R,SR,MD,207RR0500X,1529 MEDICAL PLZ,SYNTH CITY 29,OR,90903,5555542045,OR965105,OR,True,False
hcp_master,HCP000530,HCP000530,4278694235,67273469575,FR9384757,KIMBERLY,CARTER,T,,NP,207RC0000X,1530 MEDICAL PLZ,SYNTH CITY 30,WA,90910,5558191581,WA556614,WA,True,False
hcp_master,HCP000531,HCP000531,1730941287,40508424131,MR4008321,DAVID,ALLEN,T,III,MD,208000000X,1531 MEDICAL PLZ,SYNTH CITY 31,AZ,90917,5557305178,AZ162143,AZ,True,False
hcp_master,HCP000532,HCP000532,3795336015,66299019049,MF0350543,CHARLOTTE,ROSS,D,,PA,207Q00000X,1532 MEDICAL PLZ,SYNTH CITY 32,CO,90924,5555264423,CO631779,CO,True,False
hcp_master,HCP000533,HCP000533,1065084555,86815974930,PF0209891,NICHOLAS,WILLIAMS,M,,PA,207RX0202X,1533 MEDICAL PLZ,SYNTH CITY 33,TX,90931,5559568919,TX701988,TX,True,False
hcp_master,HCP000534,HCP000534,1677881371,34068836164,RM0872213,MICHELLE,FLEMING,T,,PA,207R00000X,1534 MEDICAL PLZ,SYNTH CITY 34,FL,90938,5554291947,FL425981,FL,True,False
hcp_master,HCP000535,HCP000535,8782900160,26251936454,AP6208397,CARRIE,WALKER,K,,PA,207RR0500X,1535 MEDICAL PLZ,SYNTH CITY 35,GA,90945,5553211760,GA131890,GA,True,False
hcp_master,HCP000536,HCP000536,6040367859,29770542029,RP1616021,HEATHER,NOBLE,M,,PA,207RC0000X,1536 MEDICAL PLZ,SYNTH CITY 36,NY,90952,5557655398,NY118269,NY,True,False
hcp_master,HCP000537,HCP000537,0315567798,12609917547,MF5129152,ASHLEY,TAYLOR,M,,NP,208000000X,1537 MEDICAL Plaza,SYNTH CITY 37,NJ,90959,5556558611,NJ601774,NJ,True,False
hcp_master,HCP000538,HCP000538,3255933764,77955240577,MP6746655,LESLIE,JONES,D,,DO,207Q00000X,1538 MEDICAL PLZ,SYNTH CITY 38,MA,90966,5556808595,MA566890,MA,True,False
hcp_master,HCP000539,HCP000539,5841938520,91986154196,AF8441199,JACQUELINE,RICHARDSON,K,,NP,207RX0202X,1539 MEDICAL Plaza,SYNTH CITY 39,PA,90973,5556036975,PA892576,PA,True,True
hcp_master,HCP000540,HCP000540,8734590531,91777430015,AM6305838,KATHERINE,AVILA,R,,NP,207R00000X,1540 MEDICAL PLZ,SYNTH CITY 40,IL,90980,5558952677,IL899376,IL,True,False
hcp_master,HCP000541,HCP000541,9923691981,69290046123,AB1996610,MICHAEL,SMITH,K,,DO,207RR0500X,1541 MEDICAL Plaza,SYNTH CITY 41,OH,90987,5554328670,OH827030,OH,True,False
hcp_master,HCP000542,HCP000542,3768435307,53726296547,FP1892294,SELENA,SMITH,S,,DO,207RC0000X,1542 MEDICAL Plaza STE 17,SYNTH CITY 42,MI,90994,5559053605,MI732827,MI,True,False
hcp_master,HCP000543,HCP000543,4871554992,87375879404,RM7650403,LEROY,POWELL,N,,MD,208000000X,1543 MEDICAL Plaza,SYNTH CITY 43,MN,91001,5553038285,MN688990,MN,True,False
hcp_master,HCP000544,HCP000544,2041546211,02862977879,FP1381531,CHRISTOPHER,GONZALEZ,B,,NP,207Q00000X,1544 MEDICAL Plaza,SYNTH CITY 44,CA,91008,5552183279,CA707868,CA,True,True
hcp_master,HCP000545,HCP000545,3302438593,00946208675,FF7233599,AMY,CHAPMAN,D,,PA,207RX0202X,1545 MEDICAL PLZ,SYNTH CITY 45,OR,91015,5554206949,OR381751,OR,True,False
hcp_master,HCP000546,HCP000546,8609465447,33268896461,PG1433003,WILLIAM,TAPIA,J,,DO,207R00000X,1546 MEDICAL PLZ,SYNTH CITY 46,WA,91022,5559236882,WA396380,WA,True,False
hcp_master,HCP000547,HCP000547,8530263168,98090499002,BB4358535,AMANDA,THOMAS,S,,PA,207RR0500X,1547 MEDICAL Plaza,SYNTH CITY 47,AZ,91029,5559264378,AZ349808,AZ,True,False
hcp_master,HCP000548,HCP000548,8025303578,11179639456,MG4366471,BILLY,DIAZ,B,,NP,207RC0000X,1548 MEDICAL PLZ,SYNTH CITY 48,CO,91036,5558769013,CO748326,CO,True,False
hcp_master,HCP000549,HCP000549,6518331213,27824879411,MA4399453,SEAN,GALLOWAY,J,,NP,208000000X,1549 MEDICAL PLZ,SYNTH CITY 49,TX,91043,5552545213,TX913258,TX,True,False
hcp_master,HCP000550,HCP000550,2369401015,37475294808,PB7782873,DIAMOND,AGUIRRE,A,,DO,207Q00000X,1550 MEDICAL Plaza STE 35,SYNTH CITY 0,FL,91050,5558539214,FL906929,FL,True,False
hcp_master,HCP000551,HCP000551,1771679739,83975219858,PF8740733,MOLLY,LANE,B,,MD,207RX0202X,1551 MEDICAL PLZ,SYNTH CITY 1,GA,91057,5553636013,GA841511,GA,True,False
hcp_master,HCP000552,HCP000552,5393659557,44705576413,BB7471942,TANYA,MAXWELL,J,,NP,207R00000X,1552 MEDICAL Plaza,SYNTH CITY 2,NY,91064,5559911137,NY254892,NY,True,False
hcp_master,HCP000553,HCP000553,1979282856,82519377512,MG5250406,GREGORY,BULLOCK,R,,DO,207RR0500X,1553 MEDICAL Plaza,SYNTH CITY 3,NJ,91071,5553117024,NJ245832,NJ,True,False
hcp_master,HCP000554,HCP000554,8259180700,85619848120,BP4687331,TODD,POTTS,R,,NP,207RC0000X,1554 MEDICAL PLZ,SYNTH CITY 4,MA,91078,5558635348,MA549707,MA,True,False
hcp_master,HCP000555,HCP000555,3144394822,52362749284,AM2157260,JOHN,ROMERO,G,,MD,208000000X,1555 MEDICAL Plaza,SYNTH CITY 5,PA,91085,5555570620,PA421994,PA,True,False
hcp_master,HCP000556,HCP000556,0560105898,66575741094,FF0902430,CHRISTOPHER,TERRY,K,,DO,207Q00000X,1556 MEDICAL PLZ,SYNTH CITY 6,IL,91092,5554241696,IL879240,IL,True,False
hcp_master,HCP000557,HCP000557,0703709176,88773282453,FM3913847,CAROLYN,DODSON,A,,NP,207RX0202X,1557 MEDICAL PLZ,SYNTH CITY 7,OH,91099,5557748056,OH313900,OH,True,False
hcp_master,HCP000558,HCP000558,1011952201,53033166932,PF6783617,EMILY,MILLER,B,,MD,207R00000X,1558 MEDICAL PLZ,SYNTH CITY 8,MI,91106,5551687014,MI516332,MI,True,False
hcp_master,HCP000559,HCP000559,5662752133,00130618504,AR5831247,JOHNATHAN,BROWN,C,,DO,207RR0500X,1559 MEDICAL Plaza,SYNTH CITY 9,MN,91113,5555460307,MN309916,MN,True,False
hcp_master,HCP000560,HCP000560,1810251251,96728748067,AF5286241,JASON,RUSSELL,D,,MD,207RC0000X,1560 MEDICAL PLZ,SYNTH CITY 10,CA,91120,5553201956,CA349119,CA,True,False
hcp_master,HCP000561,HCP000561,2147562476,50971239529,AP8308931,CHARLES,REYES,P,,DO,208000000X,1561 MEDICAL Plaza,SYNTH CITY 11,OR,91127,5554203115,OR566731,OR,True,False
hcp_master,HCP000562,HCP000562,8789024576,76775017884,MB5177097,RICH,TURNER SR,K,SR,PA,207Q00000X,1562 MEDICAL PLZ,SYNTH CITY 12,WA,91134,5559301829,WA190740,WA,True,False
hcp_master,HCP000563,HCP000563,6339446554,94945591518,GR2161332,MARK,LUCAS,D,,PA,207RX0202X,1563 MEDICAL PLZ,SYNTH CITY 13,AZ,91141,5553529287,AZ454516,AZ,True,False
hcp_master,HCP000564,HCP000564,1699148684,65261443699,MF9988877,KIMBERLY,HARRIS,K,,DO,207R00000X,1564 MEDICAL PLZ,SYNTH CITY 14,CO,91148,5556711865,CO898174,CO,True,False
hcp_master,HCP000565,HCP000565,6912966457,55337646245,BB5949878,ERICA,TRAN,K,,MD,207RR0500X,1565 MEDICAL PLZ,SYNTH CITY 15,TX,91155,5556099593,TX387675,TX,True,False
hcp_master,HCP000566,HCP000566,0017694510,59395134082,MR4657036,MICHAEL,RAMSEY,L,,NP,207RC0000X,1566 MEDICAL PLZ,SYNTH CITY 16,FL,91162,5551109415,FL102514,FL,True,False
hcp_master,HCP000567,HCP000567,1430067227,55047586855,GB4141494,CHAD,LYONS,J,,PA,208000000X,1567 MEDICAL PLZ,SYNTH CITY 17,GA,91169,5558508692,GA289332,GA,True,False
hcp_master,HCP000568,HCP000568,7265056235,09880539760,RG1894663,BRANDON,SHANNON,J,,PA,207Q00000X,1568 MEDICAL PLZ,SYNTH CITY 18,NY,91176,5554242417,NY718194,NY,True,True
hcp_master,HCP000569,HCP000569,9575017667,36513858549,GA4634843,SHELBY,JACKSON,J,,PA,207RX0202X,1569 MEDICAL PLZ,SYNTH CITY 19,NJ,91183,5555235683,NJ369924,NJ,True,False
hcp_master,HCP000570,HCP000570,6623171348,65100677830,BP7507828,JIM,IRWIN,C,,NP,207R00000X,1570 MEDICAL Plaza STE 15,SYNTH CITY 20,MA,91190,5556822748,MA180531,MA,True,False
hcp_master,HCP000571,HCP000571,1232540660,76244946509,MB0930602,JOHN,WARD,D,III,NP,207RR0500X,1571 MEDICAL PLZ,SYNTH CITY 21,PA,91197,5553572715,PA375357,PA,True,False
hcp_master,HCP000572,HCP000572,5608902784,12362501737,PR1984115,CHRISTOPHER,HARRIS,M,,MD,207RC0000X,1572 MEDICAL PLZ,SYNTH CITY 22,IL,91204,5558745096,IL606863,IL,True,False
hcp_master,HCP000573,HCP000573,2498946724,44407979402,PA5031115,JOSEPH,PERKINS,K,,NP,208000000X,1573 MEDICAL PLZ,SYNTH CITY 23,OH,91211,5557632510,OH452776,OH,True,False
hcp_master,HCP000574,HCP000574,9053929103,82315065597,BM8860480,SAMUEL,HUBBARD,J,,NP,207Q00000X,1574 MEDICAL PLZ,SYNTH CITY 24,MI,91218,5559799687,MI409684,MI,True,False
hcp_master,HCP000575,HCP000575,6933021134,88958468101,PG2701497,LAUREN,GEORGE,A,,NP,207RX0202X,1575 MEDICAL Plaza,SYNTH CITY 25,MN,91225,5558971835,MN503074,MN,True,False
hcp_master,HCP000576,HCP000576,3363501594,72840096190,FP0969882,ANNA,STRONG,C,,MD,207R00000X,1576 MEDICAL Plaza STE 10,SYNTH CITY 26,CA,91232,5551530716,CA697869,CA,True,False
hcp_master,HCP000577,HCP000577,2194553733,46606829019,PP6245050,PAUL,SAUNDERS,M,,MD,207RR0500X,1577 MEDICAL PLZ,SYNTH CITY 27,OR,91239,5559610357,OR173849,OR,True,False
hcp_master,HCP000578,HCP000578,5693513216,08906085077,RG9653267,DAVID,WHITE JR,E,JR,DO,207RC0000X,1578 MEDICAL PLZ,SYNTH CITY 28,WA,91246,5557216952,WA818951,WA,True,True
hcp_master,HCP000579,HCP000579,1021558972,95253347190,BM1774497,DEBBIE,CROSS,D,,NP,208000000X,1579 MEDICAL PLZ,SYNTH CITY 29,AZ,91253,5553266331,AZ135871,AZ,True,False
hcp_master,HCP000580,HCP000580,6881390051,76126422584,RM4747971,WESLEY,DAVILA,C,,PA,207Q00000X,1580 MEDICAL PLZ,SYNTH CITY 30,CO,91260,5553204875,CO610550,CO,True,False
hcp_master,HCP000581,HCP000581,1926621181,50425465909,PM8020733,KATHERINE,WAGNER,M,,NP,207RX0202X,1581 MEDICAL Plaza,SYNTH CITY 31,TX,91267,5553988649,TX942748,TX,True,False
hcp_master,HCP000582,HCP000582,8128556106,17901817732,GG8592226,KATHERINE,GILBERT,E,,PA,207R00000X,1582 MEDICAL PLZ,SYNTH CITY 46,CA,90672,5559626123,FL989349,FL,True,False
hcp_master,HCP000583,HCP000583,0508445950,60578258541,AM9676352,VERONICA,MARTIN,R,,NP,207RR0500X,1583 MEDICAL Plaza,SYNTH CITY 33,GA,91281,5553125786,GA988564,GA,True,False
hcp_master,HCP000584,HCP000584,2974350193,89818209260,BR5918890,ASHLEY,AGUILAR,P,,MD,207RC0000X,1584 MEDICAL PLZ,SYNTH CITY 34,NY,91288,5558302596,NY157125,NY,True,False
hcp_master,HCP000585,HCP000585,6032271887,56334905350,RG9156706,MATTHEW,HARTMAN,T,,MD,208000000X,1585 MEDICAL Plaza,SYNTH CITY 35,NJ,91295,5557896875,NJ151583,NJ,True,False
hcp_master,HCP000586,HCP000586,7721751569,53228373564,PR8907743,CHARLES,JOHNSON,C,,PA,207Q00000X,1586 MEDICAL PLZ,SYNTH CITY 36,MA,91302,5556239260,MA168145,MA,True,False
hcp_master,HCP000587,HCP000587,5794121363,92836128555,BR3090820,ERIC,HOWELL,A,,NP,207RX0202X,1587 MEDICAL Plaza,SYNTH CITY 37,PA,91309,5553701599,PA237673,PA,True,False
hcp_master,HCP000588,HCP000588,2403887377,55995245630,PR0347733,JESSE,LEONARD,K,,DO,207R00000X,1588 MEDICAL Plaza STE 33,SYNTH CITY 38,IL,91316,5551542154,IL336293,IL,True,False
hcp_master,HCP000589,HCP000589,7054937314,28677560671,GG3002226,LYNN,JOHNSON,B,,MD,207RR0500X,1589 MEDICAL PLZ,SYNTH CITY 39,OH,91323,5559410931,OH689876,OH,True,False
hcp_master,HCP000590,HCP000590,8111308762,09721684044,FR3266653,LYNN,BENNETT,S,,MD,207RC0000X,1590 MEDICAL Plaza STE 4,SYNTH CITY 40,MI,91330,5554655055,MI620416,MI,True,False
hcp_master,HCP000591,HCP000591,2207372014,49671465943,RF5010490,DANIELLE,DUARTE,K,III,MD,208000000X,1591 MEDICAL Plaza,SYNTH CITY 41,MN,91337,5556267544,MN910610,MN,True,False
hcp_master,HCP000592,HCP000592,1231596614,70290433227,AA2830564,MARIA,WARD,A,,PA,207Q00000X,1592 MEDICAL Plaza STE 3,SYNTH CITY 42,CA,91344,5559675400,CA920195,CA,True,False
hcp_master,HCP000593,HCP000593,3690781711,05383712937,RR0279971,ALEXIS,BARRON,J,,PA,207RX0202X,1593 MEDICAL PLZ,SYNTH CITY 43,OR,91351,5552654884,OR592311,OR,True,False
hcp_master,HCP000594,HCP000594,1201201279,83819264671,FG2382150,THERESA,SANCHEZ,R,,MD,207R00000X,1594 MEDICAL Plaza,SYNTH CITY 44,WA,91358,5556904377,WA208430,WA,True,False
hcp_master,HCP000595,HCP000595,8042653526,17526985910,FB9157105,THOMAS,HARRIS,T,III,PA,207RR0500X,1595 MEDICAL PLZ,SYNTH CITY 45,AZ,91365,5557312593,AZ642291,AZ,True,False
hcp_master,HCP000596,HCP000596,2978474676,17770499248,RF8810017,MARTHA,SMITH,M,,MD,207RC0000X,1596 MEDICAL PLZ,SYNTH CITY 46,CO,91372,5557705795,CO641879,CO,True,False
hcp_master,HCP000597,HCP000597,9658025595,48884128370,GR2020612,COREY,HAYES,A,,NP,208000000X,1597 MEDICAL Plaza,SYNTH CITY 47,TX,91379,5559381535,TX937753,TX,True,False
hcp_master,HCP000598,HCP000598,7506256040,27407515269,FP0480904,KRISTEN,DANIEL,J,SR,NP,207Q00000X,1598 MEDICAL PLZ,SYNTH CITY 48,FL,91386,5553843368,FL750139,FL,True,False
hcp_master,HCP000599,HCP000599,8163929846,44138907266,RM8864333,GREGORY,LEWIS,L,,DO,207RX0202X,1599 MEDICAL PLZ,SYNTH CITY 49,GA,91393,5554137720,GA343155,GA,True,False
hcp_master,HCP000600,HCP000600,9605239877,96509832994,BP6955163,TRAVIS,RAMIREZ,J,,DO,207R00000X,1600 MEDICAL PLZ,SYNTH CITY 0,CA,90000,5559645075,CA291329,CA,True,False
hcp_master,HCP000601,HCP000601,9667466772,95565490812,MM9202532,JOEL,MELENDEZ,V,,NP,207RR0500X,1601 MEDICAL PLZ,SYNTH CITY 1,OR,90007,5554682505,OR774690,OR,True,False
hcp_master,HCP000602,HCP000602,7204542295,21028469019,GM3862602,JERMAINE,MARSH,B,,NP,207RC0000X,1602 MEDICAL PLZ,SYNTH CITY 2,WA,90014,5559158097,WA182136,WA,True,False
hcp_master,HCP000603,HCP000603,8631672655,33888434766,GM8648978,KATHLEEN,HUYNH,J,,MD,208000000X,1603 MEDICAL Plaza STE 20,SYNTH CITY 3,AZ,90021,5557601436,AZ429220,AZ,True,False
hcp_master,HCP000604,HCP000604,6529117270,55078901836,FB6215117,SUSAN,BOOKER,A,,MD,207Q00000X,1604 MEDICAL PLZ,SYNTH CITY 4,CO,90028,5554516633,CO244347,CO,True,False
hcp_master,HCP000605,HCP000605,3844160788,60267068085,MA6437204,ERIC,NGUYEN,M,,PA,207RX0202X,1605 MEDICAL Plaza,SYNTH CITY 5,TX,90035,5559406580,TX705001,TX,True,False
hcp_master,HCP000606,HCP000606,4777505882,46240109840,FG1698880,VERONICA,SIMPSON,D,,MD,207R00000X,1606 MEDICAL Plaza,SYNTH CITY 6,FL,90042,5556086897,FL232660,FL,True,False
hcp_master,HCP000607,HCP000607,7557913804,01649562311,AR0550851,ALAN,SULLIVAN,J,,NP,207RR0500X,1607 MEDICAL PLZ,SYNTH CITY 7,GA,90049,5554646406,GA471358,GA,True,False
hcp_master,HCP000608,HCP000608,0362326098,79021071386,MA9076488,JOSEPH,WANG,A,,MD,207RC0000X,1608 MEDICAL PLZ,SYNTH CITY 8,NY,90056,5558386693,NY812488,NY,True,False
hcp_master,HCP000609,HCP000609,5492916619,39086729250,RM1614593,JACOB,HOLMES,B,,PA,208000000X,1609 MEDICAL PLZ,SYNTH CITY 9,NJ,90063,5551531656,NJ818376,NJ,True,False
hcp_master,HCP000610,HCP000610,0281247854,02207352516,PF2721394,KATHRYN,CLINE,J,,DO,207Q00000X,1610 MEDICAL Plaza,SYNTH CITY 10,MA,90070,5554949606,MA698090,MA,True,False
hcp_master,HCP000611,HCP000611,5928753487,76151934841,RM6044252,JESSICA,JOHNSON,S,,NP,207RX0202X,1611 MEDICAL Plaza,SYNTH CITY 11,PA,90077,5552867789,PA351519,PA,True,True
hcp_master,HCP000612,HCP000612,0857469031,87640789326,AA8945512,MORGAN,GILBERT,N,,DO,207R00000X,1612 MEDICAL Plaza,SYNTH CITY 12,IL,90084,5552750048,IL749084,IL,True,False
hcp_master,HCP000613,HCP000613,9852636841,82936710976,FA2563229,MIKE,HILL,R,,MD,207RR0500X,1613 MEDICAL Plaza,SYNTH CITY 13,OH,90091,5555116538,OH512289,OH,True,False
hcp_master,HCP000614,HCP000614,4413949114,94253107615,RP4065957,MARK,FRAZIER,A,,DO,207RC0000X,1614 MEDICAL Plaza,SYNTH CITY 14,MI,90098,5553663370,MI462409,MI,True,False
hcp_master,HCP000615,HCP000615,4124437433,92004605396,FM1431365,NANCY,REED,J,,NP,208000000X,1615 MEDICAL PLZ,SYNTH CITY 15,MN,90105,5558864440,MN595281,MN,True,False
hcp_master,HCP000616,HCP000616,9828802253,10435228821,RM4624371,RONALD,LYONS,J,,MD,207Q00000X,1616 MEDICAL Plaza STE 10,SYNTH CITY 16,CA,90112,5558390938,CA207972,CA,True,False
hcp_master,HCP000617,HCP000617,8518665293,90173558645,PF1491198,MICHELE,MELTON,P,,NP,207RX0202X,1617 MEDICAL PLZ,SYNTH CITY 1,AZ,90357,5557605552,OR804256,OR,True,False
hcp_master,HCP000618,HCP000618,8646895069,84736681544,PA5382204,BRANDON,HINES,B,,MD,207R00000X,1618 MEDICAL PLZ,SYNTH CITY 18,WA,90126,5556446619,WA460510,WA,True,False
hcp_master,HCP000619,HCP000619,6810698509,44571004574,GR7631950,STEPHANIE,COOKE,W,,PA,207RR0500X,1619 MEDICAL Plaza,SYNTH CITY 46,MI,90322,5558064721,AZ575636,AZ,True,False
hcp_master,HCP000620,HCP000620,4726712175,40872878100,GP9956201,SHANNON,OROZCO,N,,NP,207RC0000X,1620 MEDICAL PLZ,SYNTH CITY 20,CO,90140,5552332746,CO794127,CO,True,False
hcp_master,HCP000621,HCP000621,9661160108,41545453953,AM3244857,JESSICA,LOWE,A,,MD,208000000X,1621 MEDICAL Plaza,SYNTH CITY 21,TX,90147,5557438623,TX438668,TX,True,False
hcp_master,HCP000622,HCP000622,1127149999,17148494395,BM7801676,MARIA,SMITH,M,,NP,207Q00000X,1622 MEDICAL PLZ,SYNTH CITY 22,FL,90154,5554309074,FL933365,FL,True,False
hcp_master,HCP000623,HCP000623,7090404857,05030209796,GB9942339,KIMBERLY,BARRON,J,,PA,207RX0202X,1623 MEDICAL Plaza,SYNTH CITY 23,GA,90161,5552738836,GA786264,GA,True,False
hcp_master,HCP000624,HCP000624,4094274311,63679521105,BB7381305,JIM,WILLIAMS,M,,NP,207R00000X,1624 MEDICAL PLZ,SYNTH CITY 24,NY,90168,5555908928,NY892398,NY,True,False
hcp_master,HCP000625,HCP000625,9246902263,77461529334,RR4978935,MICHAEL,MASON,J,,DO,207RR0500X,1625 MEDICAL PLZ,SYNTH CITY 25,NJ,90175,5552936465,NJ145887,NJ,True,False
hcp_master,HCP000626,HCP000626,8488968362,38516945994,PM6733082,LISA,ROBERTS,C,,NP,207RC0000X,1626 MEDICAL PLZ,SYNTH CITY 26,MA,90182,5558810853,MA876802,MA,True,False
hcp_master,HCP000627,HCP000627,0029120165,28335137697,FP8675924,DEBRA,BARNETT,L,,NP,208000000X,1627 MEDICAL PLZ,SYNTH CITY 31,TX,91267,5553035334,PA206520,PA,True,False
hcp_master,HCP000628,HCP000628,7007085492,46852858419,MF8095501,JOHN,EWING,A,,MD,207Q00000X,1628 MEDICAL PLZ,SYNTH CITY 28,IL,90196,5557717798,IL699236,IL,True,False
hcp_master,HCP000629,HCP000629,2994480350,38659079653,BG8414095,MARISA,MANN,J,,NP,207RX0202X,1629 MEDICAL Plaza STE 10,SYNTH CITY 29,OH,90203,5556327894,OH559862,OH,True,False
hcp_master,HCP000630,HCP000630,9605101200,58881790888,FB7672195,RICH,GONZALES,J,,DO,207R00000X,1630 MEDICAL PLZ,SYNTH CITY 30,MI,90210,5559062662,MI336743,MI,True,False
hcp_master,HCP000631,HCP000631,7034418443,82897876796,MA9712238,PAMELA,HARRIS,S,,PA,207RR0500X,1631 MEDICAL PLZ,SYNTH CITY 31,MN,90217,5558972476,MN434041,MN,True,False
hcp_master,HCP000632,HCP000632,7931451729,17040396513,FM2963154,JENNIFER,GARZA,T,,NP,207RC0000X,1632 MEDICAL Plaza,SYNTH CITY 32,CA,90224,5555726590,CA850307,CA,True,False
hcp_master,HCP000633,HCP000633,7931220520,23977683050,BP5655322,JOHN,HAMILTON,M,,MD,208000000X,1633 MEDICAL Plaza,SYNTH CITY 33,OR,90231,5555233722,OR583410,OR,True,True
hcp_master,HCP000634,HCP000634,5036961337,64434694193,AG7222898,KATRINA,DAVIS,C,,DO,207Q00000X,1634 MEDICAL PLZ,SYNTH CITY 34,WA,90238,5559922536,WA880025,WA,True,False
hcp_master,HCP000635,HCP000635,6394730728,73477174967,FB7059974,TROY,TAYLOR,R,,PA,207RX0202X,1635 MEDICAL Plaza,SYNTH CITY 35,AZ,90245,5557621849,AZ270976,AZ,True,False
hcp_master,HCP000636,HCP000636,7913400074,40824939508,AM4153050,JAY,KELLER,J,,NP,207R00000X,1636 MEDICAL Plaza,SYNTH CITY 36,CO,90252,5559389544,CO955230,CO,True,False
hcp_master,HCP000637,HCP000637,0342141047,09148538391,MA9308994,ROBERT,RANDALL,D,JR,MD,207RR0500X,1637 MEDICAL PLZ,SYNTH CITY 37,TX,90259,5556068447,TX242920,TX,True,False
hcp_master,HCP000638,HCP000638,7481826213,52968771580,GB7908390,KEVIN,GRAHAM,D,,PA,207RC0000X,1638 MEDICAL Plaza STE 23,SYNTH CITY 38,FL,90266,5552440629,FL171505,FL,True,False
hcp_master,HCP000639,HCP000639,3465646669,80448024846,BR7071579,ERICA,HAWKINS,T,,NP,208000000X,1639 MEDICAL Plaza,SYNTH CITY 39,GA,90273,5557413388,GA335828,GA,True,False
hcp_master,HCP000640,HCP000640,1880354257,27566776442,GM7737431,KIMBERLY,HENRY,J,,MD,207Q00000X,1640 MEDICAL PLZ,SYNTH CITY 40,NY,90280,5553447640,NY169232,NY,True,False
hcp_master,HCP000641,HCP000641,9924223271,42814339538,PB4443890,CURTIS,SNYDER,J,,DO,207RX0202X,1641 MEDICAL PLZ,SYNTH CITY 41,NJ,90287,5551918630,NJ536687,NJ,True,False
hcp_master,HCP000642,HCP000642,3498932532,01976122653,PP7162294,JEFFERY,SIMON,T,,PA,207R00000X,1642 MEDICAL PLZ,SYNTH CITY 42,MA,90294,5552637720,MA349315,MA,True,False
hcp_master,HCP000643,HCP000643,3704640192,80086538643,FM6842552,JULIE,GREEN,K,,MD,207RR0500X,1643 MEDICAL PLZ,SYNTH CITY 43,PA,90301,5559693333,PA173971,PA,True,False
hcp_master,HCP000644,HCP000644,7426413168,34030791654,PM2763761,MACKENZIE,ROJAS,M,,MD,207RC0000X,1644 MEDICAL PLZ,SYNTH CITY 44,IL,90308,5555153934,IL465675,IL,True,False
hcp_master,HCP000645,HCP000645,7934040925,21364680455,BB3693530,SAMANTHA,REYNOLDS,R,,MD,208000000X,1645 MEDICAL Plaza,SYNTH CITY 45,OH,90315,5553326432,OH703807,OH,True,False
hcp_master,HCP000646,HCP000646,2803546748,49611023064,MG2693358,TASHA,OLIVER,B,,MD,207Q00000X,1646 MEDICAL PLZ,SYNTH CITY 46,MI,90322,5554656871,MI188591,MI,False,False
hcp_master,HCP000647,HCP000647,2739824946,64873401908,BG7939481,JERRY,CORTEZ,J,,NP,207RX0202X,1647 MEDICAL PLZ,SYNTH CITY 47,MN,90329,5554221306,MN823102,MN,True,False
hcp_master,HCP000648,HCP000648,5015223634,71920363306,BA7969453,JENNIFER,DIXON,S,,NP,207R00000X,1648 MEDICAL Plaza STE 37,SYNTH CITY 48,CA,90336,5556220619,CA124044,CA,True,False
hcp_master,HCP000649,HCP000649,8896218905,20902917558,AA1490441,ADAM,MALONE,D,,DO,207RR0500X,1649 MEDICAL Plaza,SYNTH CITY 49,OR,90343,5559379188,OR569103,OR,True,False
hcp_master,HCP000650,HCP000650,1327391186,80253430447,AG8230584,ANTONIO,PARK,J,,DO,207RC0000X,1650 MEDICAL Plaza,SYNTH CITY 0,WA,90350,5557873493,WA458796,WA,True,False
hcp_master,HCP000651,HCP000651,2642790572,75623544697,AF0862850,JENNIFER,TURNER,L,,MD,208000000X,1651 MEDICAL PLZ,SYNTH CITY 1,AZ,90357,5559058702,AZ572079,AZ,True,True
hcp_master,HCP000652,HCP000652,5306005658,93317771176,AM9723747,GREGORY,COWAN,B,,PA,207Q00000X,1652 MEDICAL PLZ,SYNTH CITY 2,CO,90364,5555576544,CO540783,CO,True,False
hcp_master,HCP000653,HCP000653,5387370955,66360197125,AF3122062,BRIAN,GRIFFIN,C,,MD,207RX0202X,1653 MEDICAL Plaza,SYNTH CITY 3,TX,90371,5559181859,TX206449,TX,True,False
hcp_master,HCP000654,HCP000654,0370138873,69727779508,AM7178632,ANGELA,HAMILTON,M,,NP,207R00000X,1654 MEDICAL PLZ,SYNTH CITY 4,FL,90378,5554023212,FL252623,FL,True,False
hcp_master,HCP000655,HCP000655,0878663224,35477932016,PM9682386,YOLANDA,WEBB,J,,DO,207RR0500X,1655 MEDICAL Plaza,SYNTH CITY 5,GA,90385,5556499840,GA365857,GA,True,False
hcp_master,HCP000656,HCP000656,0565269061,92237129924,FF1060601,KATHRYN,WOODS,J,,MD,207RC0000X,1656 MEDICAL PLZ,SYNTH CITY 6,NY,90392,5553794089,NY399034,NY,False,False
hcp_master,HCP000657,HCP000657,4020011373,14942218624,GA9757196,LORI,MCDONALD,A,,PA,208000000X,1657 MEDICAL PLZ,SYNTH CITY 7,NJ,90399,5557174190,NJ359510,NJ,True,False
hcp_master,HCP000658,HCP000658,1573303595,51158207563,AF4482315,JENNIFER,JACKSON,K,,PA,207Q00000X,1658 MEDICAL Plaza,SYNTH CITY 8,MA,90406,5557632747,MA486805,MA,True,False
hcp_master,HCP000659,HCP000659,8676748055,31707762163,FB3883101,AMBER,WADE,G,,NP,207RX0202X,1659 MEDICAL PLZ,SYNTH CITY 9,PA,90413,5553992428,PA804340,PA,True,False
hcp_master,HCP000660,HCP000660,8567820138,15702506730,GR2882505,JONATHAN,HERNANDEZ,C,,MD,207R00000X,1660 MEDICAL PLZ,SYNTH CITY 10,IL,90420,5551594106,IL698437,IL,True,False
hcp_master,HCP000661,HCP000661,2700681580,99869005696,BR0079510,DEREK,DIAZ,B,,NP,207RR0500X,1661 MEDICAL Plaza,SYNTH CITY 11,OH,90427,5552930905,OH394073,OH,True,False
hcp_master,HCP000662,HCP000662,6587226633,35168942416,GA5724877,KEITH,BURNS,H,,DO,207RC0000X,1662 MEDICAL PLZ,SYNTH CITY 12,MI,90434,5552298265,MI505057,MI,True,False
hcp_master,HCP000663,HCP000663,0484551110,29373878203,MM7924416,MATTHEW,SHANNON,J,,MD,208000000X,1663 MEDICAL PLZ,SYNTH CITY 13,MN,90441,5552562299,MN199382,MN,True,False
hcp_master,HCP000664,HCP000664,8404226135,77507429844,RB4533123,AMBER,GATES,J,,MD,207Q00000X,1664 MEDICAL PLZ,SYNTH CITY 14,CA,90448,5554166229,CA861895,CA,True,False
hcp_master,HCP000665,HCP000665,9063442427,15504703940,GF2088608,BRIAN,HUDSON,M,,PA,207RX0202X,1665 MEDICAL PLZ,SYNTH CITY 15,OR,90455,5553125826,OR489213,OR,True,False
hcp_master,HCP000666,HCP000666,2249192206,45695170827,BF6600958,COLLEEN,HUBER,I,,NP,207R00000X,1666 MEDICAL PLZ,SYNTH CITY 16,WA,90462,5557395308,WA928847,WA,True,False
hcp_master,HCP000667,HCP000667,6798183292,02502193340,GR8207895,AMY,COLEMAN,L,,NP,207RR0500X,1667 MEDICAL PLZ,SYNTH CITY 17,AZ,90469,5553559310,AZ781280,AZ,True,False
hcp_master,HCP000668,HCP000668,9598710165,12360805916,GP5841694,CHRISTINA,BLACK,T,,NP,207RC0000X,1668 MEDICAL PLZ,SYNTH CITY 18,CO,90476,5556066992,CO812462,CO,True,False
hcp_master,HCP000669,HCP000669,8570005305,06949401033,GG8082911,MAURICE,GREEN,S,,PA,208000000X,1669 MEDICAL PLZ,SYNTH CITY 19,TX,90483,5552487177,TX516621,TX,True,False
hcp_master,HCP000670,HCP000670,6146599827,27212998272,AB1660141,DANIEL,COLEMAN,F,,DO,207Q00000X,1670 MEDICAL PLZ,SYNTH CITY 20,FL,90490,5557313426,FL104840,FL,True,False
hcp_master,HCP000671,HCP000671,3510200470,40623957397,GM6126475,MICHAEL,HORTON,S,,MD,207RX0202X,1671 MEDICAL PLZ,SYNTH CITY 21,GA,90497,5558113866,GA428208,GA,False,False
hcp_master,HCP000672,HCP000672,3437688930,57282980338,PA8231150,LYNN,AUSTIN,T,,MD,207R00000X,1672 MEDICAL PLZ,SYNTH CITY 22,NY,90504,5559876205,NY683414,NY,True,False
hcp_master,HCP000673,HCP000673,3123767097,47049617131,MR0627132,GEORGE,JORDAN,S,,PA,207RR0500X,1673 MEDICAL PLZ,SYNTH CITY 23,NJ,90511,5556398513,NJ208394,NJ,True,False
hcp_master,HCP000674,HCP000674,2691381257,97133452398,RM5215470,BRYAN,HAWKINS,B,,PA,207RC0000X,1674 MEDICAL Plaza,SYNTH CITY 24,MA,90518,5559320181,MA420600,MA,True,False
hcp_master,HCP000675,HCP000675,0704105648,30107615419,RP8585118,TIMOTHY,KHAN,K,,DO,208000000X,1675 MEDICAL PLZ,SYNTH CITY 25,PA,90525,5551752238,PA503051,PA,True,False
hcp_master,HCP000676,HCP000676,0161587114,74540002894,AA8385818,CHRISTOPHER,VANG,K,,NP,207Q00000X,1676 MEDICAL PLZ,SYNTH CITY 26,IL,90532,5556425515,IL394453,IL,True,False
hcp_master,HCP000677,HCP000677,7804741644,66969821567,GR8550768,SANDRA,GRAY,F,,MD,207RX0202X,1677 MEDICAL PLZ,SYNTH CITY 27,OH,90539,5556286847,OH540347,OH,True,False
hcp_master,HCP000678,HCP000678,,22436555855,RA8130583,KEVIN,CROSBY,C,,NP,207R00000X,1678 MEDICAL PLZ,SYNTH CITY 28,MI,90546,5557435181,MI998776,MI,True,False
hcp_master,HCP000679,HCP000679,8662413532,73357144228,GM0223859,DANIELLE,GARCIA,P,,DO,207RR0500X,1679 MEDICAL PLZ,SYNTH CITY 29,MN,90553,5556494228,MN833782,MN,True,False
hcp_master,HCP000680,HCP000680,5650373835,08149923562,GP7888594,ANDREA,BLACKWELL,G,,MD,207RC0000X,1680 MEDICAL Plaza STE 14,SYNTH CITY 30,CA,90560,5558396799,CA940292,CA,True,False
hcp_master,HCP000681,HCP000681,6447809370,51732083335,GG2284987,JUSTIN,ASHLEY,A,SR,DO,208000000X,1681 MEDICAL Plaza,SYNTH CITY 31,OR,90567,5551973476,OR741728,OR,True,False
hcp_master,HCP000682,HCP000682,1048072007,46067061468,GG8224103,LINDSAY,MILLER,L,,NP,207Q00000X,1682 MEDICAL Plaza STE 15,SYNTH CITY 32,WA,90574,5555466718,WA537370,WA,True,False
hcp_master,HCP000683,HCP000683,0922692831,29307118319,BM2567468,SANDRA,TRAN,D,,DO,207RX0202X,1683 MEDICAL PLZ,SYNTH CITY 33,AZ,90581,5559708527,AZ577990,AZ,True,False
hcp_master,HCP000684,HCP000684,2486086277,32079638265,PR3017318,JENNIFER,ARROYO,J,,NP,207R00000X,1684 MEDICAL PLZ,SYNTH CITY 34,CO,90588,5559862845,CO674150,CO,True,False
hcp_master,HCP000685,HCP000685,9579114254,82717674181,GB8553727,PATRICIA,JOHNSON,S,,NP,207RR0500X,1685 MEDICAL PLZ,SYNTH CITY 35,TX,90595,5559367491,TX378458,TX,True,False
hcp_master,HCP000686,HCP000686,8918742650,02343826399,PP6550995,NICOLAS,GILLESPIE,R,,MD,207RC0000X,1686 MEDICAL PLZ,SYNTH CITY 36,FL,90602,5555584904,FL851043,FL,True,False
hcp_master,HCP000687,HCP000687,9961783674,53267317103,PP3597702,MICHAEL,WILKERSON,J,,DO,208000000X,1687 MEDICAL PLZ,SYNTH CITY 37,GA,90609,5555964234,GA549622,GA,True,False
hcp_master,HCP000688,HCP000688,5767933620,83062345104,FM7619707,TERRY,KING,K,,PA,207Q00000X,1688 MEDICAL PLZ,SYNTH CITY 38,NY,90616,5559676609,NY897477,NY,True,False
hcp_master,HCP000689,HCP000689,9529476878,07572521500,GR7014402,MARK,MONTGOMERY,C,,NP,207RX0202X,1689 MEDICAL PLZ,SYNTH CITY 39,NJ,90623,5556143721,NJ451452,NJ,True,True
hcp_master,HCP000690,HCP000690,2456952557,86532059098,GF5804060,SUSAN,ROWLAND,C,,PA,207R00000X,1690 MEDICAL Plaza STE 26,SYNTH CITY 40,MA,90630,5555616776,MA304510,MA,True,True
hcp_master,HCP000691,HCP000691,7260722105,40202784634,PB3120884,CAROLYN,HURLEY,G,SR,NP,207RR0500X,1691 MEDICAL Plaza,SYNTH CITY 41,PA,90637,5558634448,PA242728,PA,True,False
hcp_master,HCP000692,HCP000692,2132857592,89697312512,MF6906817,ZACHARY,BARKER,B,,MD,207RC0000X,1692 MEDICAL PLZ,SYNTH CITY 42,IL,90644,5554302491,IL492050,IL,True,False
hcp_master,HCP000693,HCP000693,1766362747,03294009102,BA9078617,DAWN,HARRIS,E,,DO,208000000X,1693 MEDICAL Plaza,SYNTH CITY 43,OH,90651,5556218758,OH805787,OH,True,False
hcp_master,HCP000694,HCP000694,1185736257,48662447105,PP8326087,LISA,LOZANO,C,,DO,207Q00000X,1694 MEDICAL PLZ,SYNTH CITY 44,MI,90658,5551130927,MI996418,MI,True,False
hcp_master,HCP000695,HCP000695,7725687918,62098124888,PM2649471,AMANDA,BAILEY,S,,NP,207RX0202X,1695 MEDICAL PLZ,SYNTH CITY 17,GA,91169,5555355985,MN779270,MN,True,False
hcp_master,HCP000696,HCP000696,,41098766463,AF2341441,REGINALD,MILLER,N,,DO,207R00000X,1696 MEDICAL PLZ,SYNTH CITY 46,CA,90672,5557327847,CA102245,CA,True,False
hcp_master,HCP000697,HCP000697,0834660926,71528788106,MR6831040,DEBORAH,THOMAS,J,,NP,207RR0500X,1697 MEDICAL PLZ,SYNTH CITY 47,OR,90679,5557115493,OR632013,OR,True,False
hcp_master,HCP000698,HCP000698,7328386884,90430887663,MR2319552,TOM,SCHROEDER,A,,MD,207RC0000X,1698 MEDICAL PLZ,SYNTH CITY 48,WA,90686,5557859907,WA406970,WA,True,False
hcp_master,HCP000699,HCP000699,1232909188,34145920229,BR1840678,CINDY,LEE,M,,MD,208000000X,1699 MEDICAL Plaza,SYNTH CITY 49,AZ,90693,5559043421,AZ498253,AZ,True,False
hcp_master,HCP000700,HCP000700,8703008812,43179424916,AF4317644,JASON,GUZMAN,M,,MD,207Q00000X,1700 MEDICAL PLZ,SYNTH CITY 0,CO,90700,5558743103,CO370973,CO,True,False
hcp_master,HCP000701,HCP000701,0284679053,95378169651,GR7438928,CHARLES,FARRELL,J,,DO,207RX0202X,1701 MEDICAL PLZ,SYNTH CITY 1,TX,90707,5555469938,TX696941,TX,True,False
hcp_master,HCP000702,HCP000702,6258691065,51905862692,RM0383943,JONATHAN,RODRIGUEZ,V,,PA,207R00000X,1702 MEDICAL Plaza,SYNTH CITY 2,FL,90714,5553257124,FL802870,FL,True,True
hcp_master,HCP000703,HCP000703,6964815933,08837116786,AM4238150,JASON,WRIGHT,G,,NP,207RR0500X,1703 MEDICAL PLZ,SYNTH CITY 3,GA,90721,5558699474,GA893805,GA,True,False
hcp_master,HCP000704,HCP000704,1035804727,71188455575,AA8710255,NICHOLAS,PATTERSON,T,,MD,207RC0000X,1704 MEDICAL Plaza,SYNTH CITY 4,NY,90728,5553099288,NY498838,NY,True,True
hcp_master,HCP000705,HCP000705,3850207762,01135094109,MR7987882,SHEILA,MORSE,J,,NP,208000000X,1705 MEDICAL Plaza,SYNTH CITY 5,NJ,90735,5552003610,NJ194735,NJ,True,False
hcp_master,HCP000706,HCP000706,1072023488,14235511283,MG3049935,STEPHANIE,SPARKS,M,,DO,207Q00000X,1706 MEDICAL Plaza,SYNTH CITY 6,MA,90742,5558686288,MA928086,MA,True,False
hcp_master,HCP000707,HCP000707,8524847935,97075694952,MB8148045,TREVOR,BAKER,C,,DO,207RX0202X,1707 MEDICAL PLZ,SYNTH CITY 7,PA,90749,5553478718,PA436958,PA,True,False
hcp_master,HCP000708,HCP000708,2297966766,84000075923,GP9759142,ANGELA,STEVENSON,A,,MD,207R00000X,1708 MEDICAL PLZ,SYNTH CITY 8,IL,90756,5558369368,IL387957,IL,True,False
hcp_master,HCP000709,HCP000709,2376224400,23066285314,RA0492751,DOUGLAS,COWAN,D,,PA,207RR0500X,1709 MEDICAL PLZ,SYNTH CITY 9,OH,90763,5557079793,OH696413,OH,True,False
hcp_master,HCP000710,HCP000710,3331047894,44263495367,MA2193499,WENDY,BLAKE,J,,MD,207RC0000X,1710 MEDICAL Plaza STE 2,SYNTH CITY 10,MI,90770,5552507720,MI652602,MI,True,False
hcp_master,HCP000711,HCP000711,2612419848,59490147481,PG2679073,SEAN,BENNETT,J,,NP,208000000X,1711 MEDICAL PLZ,SYNTH CITY 11,MN,90777,5553519417,MN458596,MN,True,False
hcp_master,HCP000712,HCP000712,0668176668,83169728835,PB3401622,VINCENT,HUERTA,K,,NP,207Q00000X,1712 MEDICAL Plaza,SYNTH CITY 12,CA,90784,5556864871,CA332521,CA,True,False
hcp_master,HCP000713,HCP000713,8339478439,42957633902,PG6025349,JENNIFER,MONROE,K,,MD,207RX0202X,1713 MEDICAL Plaza,SYNTH CITY 13,OR,90791,5559640372,OR635929,OR,True,False
hcp_master,HCP000714,HCP000714,6227388611,52064643028,PG0970219,MATTHEW,ROBINSON,L,,MD,207R00000X,1714 MEDICAL PLZ,SYNTH CITY 14,WA,90798,5553453177,WA678066,WA,True,False
hcp_master,HCP000715,HCP000715,1355775853,74384373472,AF1305526,TARA,COOPER SR,C,SR,MD,207RR0500X,1715 MEDICAL Plaza STE 3,SYNTH CITY 15,AZ,90805,5553722871,AZ870367,AZ,True,False
hcp_master,HCP000716,HCP000716,9138470270,25383898754,AA3609900,MATTHEW,JACKSON,C,,PA,207RC0000X,1716 MEDICAL PLZ,SYNTH CITY 16,CO,90812,5557311527,CO268498,CO,True,False
hcp_master,HCP000717,HCP000717,9225462693,69761566104,PF6986700,GINA,SANTIAGO,M,,NP,208000000X,1717 MEDICAL PLZ,SYNTH CITY 17,TX,90819,5553575352,TX633163,TX,True,False
hcp_master,HCP000718,HCP000718,8919516046,81519312378,PM2996734,MEAGAN,SANCHEZ,D,,PA,207Q00000X,1718 MEDICAL PLZ,SYNTH CITY 18,FL,90826,5559402569,FL873882,FL,True,False
hcp_master,HCP000719,HCP000719,7322791907,57368262757,MM0813586,ZACHARY,JONES,J,,MD,207RX0202X,1719 MEDICAL PLZ,SYNTH CITY 19,GA,90833,5557456088,GA631876,GA,True,False
hcp_master,HCP000720,HCP000720,9230256858,98488321945,BF4517320,SHEILA,RAMIREZ,M,,MD,207R00000X,1720 MEDICAL PLZ,SYNTH CITY 20,NY,90840,5559572219,NY869345,NY,True,False
hcp_master,HCP000721,HCP000721,5671732027,45083767211,BG6798349,DONNA,HAHN,M,,NP,207RR0500X,1721 MEDICAL PLZ,SYNTH CITY 21,NJ,90847,5557056002,NJ222548,NJ,True,False
hcp_master,HCP000722,HCP000722,2933369326,49469299431,AR4623862,AMY,WHITE,J,,MD,207RC0000X,1722 MEDICAL PLZ,SYNTH CITY 22,MA,90854,5553702490,MA132553,MA,True,False
hcp_master,HCP000723,HCP000723,9600888454,26464596996,RB5001147,LUIS,HAYES,V,,MD,208000000X,1723 MEDICAL Plaza,SYNTH CITY 23,PA,90861,5554882472,PA492449,PA,True,False
hcp_master,HCP000724,HCP000724,0393691536,66567003599,PF5140947,LAURIE,BELL,K,,NP,207Q00000X,1724 MEDICAL Plaza,SYNTH CITY 24,IL,90868,5554317060,IL164426,IL,False,False
hcp_master,HCP000725,HCP000725,2660109796,56764096821,RP8492741,SARAH,SANTANA,D,,MD,207RX0202X,1725 MEDICAL Plaza,SYNTH CITY 25,OH,90875,5557946271,OH738037,OH,True,False
hcp_master,HCP000726,HCP000726,3919566554,74477645541,GG0961258,KARA,CHOI,D,,MD,207R00000X,1726 MEDICAL PLZ,SYNTH CITY 26,MI,90882,5558446314,MI575158,MI,True,False
hcp_master,HCP000727,HCP000727,8972990021,54460527104,GG8637520,SUSAN,SIMS,L,,PA,207RR0500X,1727 MEDICAL PLZ,SYNTH CITY 27,MN,90889,5555065792,MN517289,MN,True,False
hcp_master,HCP000728,HCP000728,3983822305,73331196628,BR5374267,JOANN,SMITH,C,,DO,207RC0000X,1728 MEDICAL PLZ,SYNTH CITY 28,CA,90896,5558869376,CA463395,CA,True,False
hcp_master,HCP000729,HCP000729,3083169912,86788171961,FR6287028,MICHAEL,JAMES SR,P,SR,PA,208000000X,1729 MEDICAL Plaza STE 30,SYNTH CITY 29,OR,90903,5559780562,OR600789,OR,True,False
hcp_master,HCP000730,HCP000730,5810708060,45674307249,PF4361992,JEFFREY,SAUNDERS,B,,MD,207Q00000X,1730 MEDICAL Plaza,SYNTH CITY 30,WA,90910,5551378427,WA679246,WA,True,False
hcp_master,HCP000731,HCP000731,8616021936,59134732747,FG0001301,WILLIAM,JAMES,S,,PA,207RX0202X,1731 MEDICAL PLZ,SYNTH CITY 31,AZ,90917,5552061303,AZ951825,AZ,True,False
hcp_master,HCP000732,HCP000732,9237926057,66668089935,FP4360323,JACK,LEE,K,III,DO,207R00000X,1732 MEDICAL PLZ,SYNTH CITY 32,CO,90924,5552345306,CO422928,CO,True,False
hcp_master,HCP000733,HCP000733,4926978907,24051438668,BB7702206,SARAH,JOSEPH,C,,MD,207RR0500X,1733 MEDICAL PLZ,SYNTH CITY 33,TX,90931,5555474327,TX785556,TX,True,False
hcp_master,HCP000734,HCP000734,5189087369,60992423286,PP7187107,JAMES,PETERS,V,,DO,207RC0000X,1734 MEDICAL Plaza,SYNTH CITY 34,FL,90938,5554273271,FL880744,FL,True,False
hcp_master,HCP000735,HCP000735,3074537408,55435689060,FP5899668,KATHRYN,GILBERT,A,,DO,208000000X,1735 MEDICAL Plaza,SYNTH CITY 32,FL,91274,5554160833,GA769888,GA,True,False
hcp_master,HCP000736,HCP000736,,86040376760,MG5276400,ALEXANDER,MILLS,G,,PA,207Q00000X,1736 MEDICAL PLZ,SYNTH CITY 36,NY,90952,5555368497,NY751109,NY,True,False
hcp_master,HCP000737,HCP000737,2085697193,62669936806,RA7048977,SHARON,HOWARD,J,,NP,207RX0202X,1737 MEDICAL PLZ,SYNTH CITY 37,NJ,90959,5556425816,NJ948848,NJ,True,False
hcp_master,HCP000738,HCP000738,0188868471,12248178661,MB2869439,TIMOTHY,WATKINS,A,,MD,207R00000X,1738 MEDICAL Plaza,SYNTH CITY 38,MA,90966,5558352439,MA573384,MA,True,False
hcp_master,HCP000739,HCP000739,8861770021,80648469132,BM0316744,CARRIE,FERNANDEZ,R,,DO,207RR0500X,1739 MEDICAL Plaza,SYNTH CITY 39,PA,90973,5551370390,PA939723,PA,True,False
hcp_master,HCP000740,HCP000740,7389619801,00634757102,BF7112311,BRIAN,SANCHEZ,L,,MD,207RC0000X,1740 MEDICAL Plaza,SYNTH CITY 40,IL,90980,5551163874,IL852962,IL,True,False
hcp_master,HCP000741,HCP000741,0603663887,97533826534,AM0025289,PAUL,JOHNSON,R,,MD,208000000X,1741 MEDICAL Plaza STE 6,SYNTH CITY 41,OH,90987,5554126275,OH229306,OH,True,False
hcp_master,HCP000742,HCP000742,9994765128,69628072645,FG9849865,TIMOTHY,PRESTON,D,,MD,207Q00000X,1742 MEDICAL PLZ,SYNTH CITY 42,MI,90994,5558725134,MI244175,MI,True,False
hcp_master,HCP000743,HCP000743,2749938116,57389042642,BF1169591,THOMAS,LESTER,N,,NP,207RX0202X,1743 MEDICAL Plaza STE 2,SYNTH CITY 43,MN,91001,5556436610,MN155813,MN,True,False
hcp_master,HCP000744,HCP000744,3722868767,22103884339,AA0809159,CLINTON,HAMILTON,H,,NP,207R00000X,1744 MEDICAL Plaza,SYNTH CITY 44,CA,91008,5559165965,CA835341,CA,True,False
hcp_master,HCP000745,HCP000745,0914268319,39246621120,GM6926807,KEVIN,SMITH,N,,PA,207RR0500X,1745 MEDICAL PLZ,SYNTH CITY 45,OR,91015,5556037823,OR513289,OR,True,False
hcp_master,HCP000746,HCP000746,6483479294,83255508315,MA9696029,STEPHANIE,COLE,D,,MD,207RC0000X,1746 MEDICAL PLZ,SYNTH CITY 46,WA,91022,5556347175,WA583254,WA,True,False
hcp_master,HCP000747,HCP000747,0253096529,72390216419,GB9618093,CALVIN,FRENCH,R,,DO,208000000X,1747 MEDICAL PLZ,SYNTH CITY 47,AZ,91029,5556471839,AZ603668,AZ,True,False
hcp_master,HCP000748,HCP000748,5288269710,85072885608,MF0598070,JOSEPH,WOOD SR,C,SR,MD,207Q00000X,1748 MEDICAL Plaza,SYNTH CITY 48,CO,91036,5556664619,CO892304,CO,True,False
hcp_master,HCP000749,HCP000749,7724481123,23286470633,BA6892717,KATHY,SMITH,C,,MD,207RX0202X,1749 MEDICAL Plaza,SYNTH CITY 49,TX,91043,5555203850,TX798997,TX,True,False
hcp_master,HCP000750,HCP000750,5407757223,80570973598,PR7990634,SHERI,CUNNINGHAM,J,,PA,207R00000X,1750 MEDICAL Plaza,SYNTH CITY 0,FL,91050,5557284003,FL470641,FL,True,False
hcp_master,HCP000751,HCP000751,3580969525,95413533098,BA8885772,DEBORAH,MCCALL,W,,PA,207RR0500X,1751 MEDICAL PLZ,SYNTH CITY 1,GA,91057,5551688811,GA974005,GA,True,False
hcp_master,HCP000752,HCP000752,0575761149,33518086829,RG2115959,JAMES,JOHNSON,H,,NP,207RC0000X,1752 MEDICAL Plaza,SYNTH CITY 2,NY,91064,5558722727,NY935546,NY,True,False
hcp_master,HCP000753,HCP000753,1849738103,19052223637,GP4356495,RAYMOND,JOHNSON,J,SR,MD,208000000X,1753 MEDICAL PLZ,SYNTH CITY 3,NJ,91071,5554340295,NJ132188,NJ,True,False
hcp_master,HCP000754,HCP000754,5184461460,69005852591,GM3067666,SUSAN,MALDONADO,A,,DO,207Q00000X,1754 MEDICAL PLZ,SYNTH CITY 4,MA,91078,5558459004,MA284035,MA,True,False
hcp_master,HCP000755,HCP000755,5871951567,62480447773,GA8346707,ASHLEY,FERGUSON,M,,DO,207RX0202X,1755 MEDICAL PLZ,SYNTH CITY 5,PA,91085,5555283356,PA745113,PA,True,False
hcp_master,HCP000756,HCP000756,5691218593,01433053974,PM4954577,JOAN,FERGUSON,K,,NP,207R00000X,1756 MEDICAL PLZ,SYNTH CITY 6,IL,91092,5559392521,IL487576,IL,True,True
hcp_master,HCP000757,HCP000757,9426849284,07648121253,FB3429880,KYLE,PEREZ,L,,DO,207RR0500X,1757 MEDICAL PLZ,SYNTH CITY 7,OH,91099,5556505189,OH308423,OH,True,False
hcp_master,HCP000758,HCP000758,6550909975,75365331962,PM1121818,ALEXIS,MILLER,S,,NP,207RC0000X,1758 MEDICAL PLZ,SYNTH CITY 8,MI,91106,5559993516,MI256148,MI,True,False
hcp_master,HCP000759,HCP000759,8720285740,57233697685,BG9733909,CARLOS,SIMMONS,S,,NP,208000000X,1759 MEDICAL PLZ,SYNTH CITY 9,MN,91113,5553930335,MN683653,MN,True,False
hcp_master,HCP000760,HCP000760,1998999977,35620698055,FM4996459,MATTHEW,RICE,H,,DO,207Q00000X,1760 MEDICAL Plaza,SYNTH CITY 21,NJ,90847,5557747312,CA157183,CA,True,False
hcp_master,HCP000761,HCP000761,6083091317,68981226836,BG7314796,KEVIN,HENRY,J,,NP,207RX0202X,1761 MEDICAL PLZ,SYNTH CITY 11,OR,91127,5559749674,OR882935,OR,True,False
hcp_master,HCP000762,HCP000762,6618368131,95854045677,GA2497891,ROBERT,GONZALES,B,,MD,207R00000X,1762 MEDICAL PLZ,SYNTH CITY 12,WA,91134,5555183636,WA881944,WA,True,False
hcp_master,HCP000763,HCP000763,5860473599,67824888623,MB6543743,SAMANTHA,MORALES,T,,NP,207RR0500X,1763 MEDICAL Plaza,SYNTH CITY 13,AZ,91141,5554064198,AZ991135,AZ,True,False
hcp_master,HCP000764,HCP000764,1391161068,95695026864,FM8254240,WENDY,KEITH,J,,DO,207RC0000X,1764 MEDICAL PLZ,SYNTH CITY 14,CO,91148,5552311606,CO907595,CO,True,False
hcp_master,HCP000765,HCP000765,2295801205,30127859970,RR5575367,TAYLOR,CURTIS,S,,MD,208000000X,1765 MEDICAL PLZ,SYNTH CITY 15,TX,91155,5551970849,TX617346,TX,True,False
hcp_master,HCP000766,HCP000766,9157243194,36152877104,FP7313523,REGINA,HUGHES,D,SR,PA,207Q00000X,1766 MEDICAL PLZ,SYNTH CITY 16,FL,91162,5559364280,FL956728,FL,True,False
hcp_master,HCP000767,HCP000767,7996193075,19911830569,GP5946984,CINDY,QUINN,A,,NP,207RX0202X,1767 MEDICAL PLZ,SYNTH CITY 17,GA,91169,5557386016,GA310093,GA,True,False
hcp_master,HCP000768,HCP000768,8277985379,94131746057,MP1548690,CARLOS,WILSON,F,,DO,207R00000X,1768 MEDICAL PLZ,SYNTH CITY 41,MN,91337,5553081376,NY686137,NY,True,False
hcp_master,HCP000769,HCP000769,3666760194,29846569615,PA3271609,BRYCE,BENNETT,M,,DO,207RR0500X,1769 MEDICAL PLZ,SYNTH CITY 19,NJ,91183,5552036186,NJ441669,NJ,True,False
hcp_master,HCP000770,HCP000770,6292601286,93234620524,MR5927927,COURTNEY,THOMPSON,K,,DO,207RC0000X,1770 MEDICAL Plaza,SYNTH CITY 20,MA,91190,5558184496,MA964498,MA,True,False
hcp_master,HCP000771,HCP000771,4384439327,65270981416,FG9686400,MICHAEL,WILLIAMS,B,,NP,208000000X,1771 MEDICAL Plaza,SYNTH CITY 21,PA,91197,5551862357,PA860899,PA,True,False
hcp_master,HCP000772,HCP000772,4018686285,67704978313,MP6051645,BILL,BARRETT SR,S,SR,PA,207Q00000X,1772 MEDICAL PLZ,SYNTH CITY 22,IL,91204,5555564412,IL617632,IL,True,False
hcp_master,HCP000773,HCP000773,3640584611,48486954369,BR9758268,TIFFANY,WOODS,M,,DO,207RX0202X,1773 MEDICAL PLZ,SYNTH CITY 23,OH,91211,5557063532,OH954706,OH,True,False
hcp_master,HCP000774,HCP000774,7852731307,29791092593,AP4035825,JOSE,JOHNSON,A,,DO,207R00000X,1774 MEDICAL Plaza STE 20,SYNTH CITY 24,MI,91218,5556971984,MI571870,MI,True,False
hcp_master,HCP000775,HCP000775,1069452203,14847369576,AB6344799,JASMINE,WILSON,S,,NP,207RR0500X,1775 MEDICAL PLZ,SYNTH CITY 25,MN,91225,5554840813,MN878435,MN,True,False
hcp_master,HCP000776,HCP000776,5078225815,88011893168,RG7984233,DENISE,HAHN,J,,PA,207RC0000X,1776 MEDICAL PLZ,SYNTH CITY 26,CA,91232,5555287720,CA799510,CA,True,False
hcp_master,HCP000777,HCP000777,7129915972,39088258430,GB8832246,DEBBIE,FRANKLIN,T,,NP,208000000X,1777 MEDICAL PLZ,SYNTH CITY 27,OR,91239,5553832666,OR217951,OR,True,False
hcp_master,HCP000778,HCP000778,7674527677,88300786705,MB7316455,LAURA,HOFFMAN,S,,PA,207Q00000X,1778 MEDICAL PLZ,SYNTH CITY 28,WA,91246,5555353950,WA888403,WA,True,False
hcp_master,HCP000779,HCP000779,1641561810,72383630532,RP2570059,BRANDON,BROWN,K,,NP,207RX0202X,1779 MEDICAL Plaza,SYNTH CITY 29,AZ,91253,5559142045,AZ542408,AZ,True,False
hcp_master,HCP000780,HCP000780,5708191866,30083800916,FG1275594,JESSICA,HARRIS,V,,DO,207R00000X,1780 MEDICAL PLZ,SYNTH CITY 30,CO,91260,5554186607,CO363605,CO,True,False
hcp_master,HCP000781,HCP000781,8958279944,89057715101,RB4288681,ANTHONY,SULLIVAN,J,,DO,207RR0500X,1781 MEDICAL PLZ,SYNTH CITY 31,TX,91267,5558893555,TX276263,TX,True,False
hcp_master,HCP000782,HCP000782,7934146276,02326651284,GF9277202,WENDY,WALKER,J,,DO,207RC0000X,1782 MEDICAL Plaza,SYNTH CITY 32,FL,91274,5555285313,FL487369,FL,True,False
hcp_master,HCP000783,HCP000783,3795640036,85346878561,BR6149048,TINA,MCCLURE,M,,PA,208000000X,1783 MEDICAL PLZ,SYNTH CITY 33,GA,91281,5554656404,GA744427,GA,True,False
hcp_master,HCP000784,HCP000784,7073760069,52812556122,GR4922123,MELVIN,SMITH,R,,DO,207Q00000X,1784 MEDICAL PLZ,SYNTH CITY 34,NY,91288,5551803237,NY717613,NY,True,False
hcp_master,HCP000785,HCP000785,6218872565,49178506921,BP5058152,JANET,FISHER,K,,MD,207RX0202X,1785 MEDICAL Plaza,SYNTH CITY 35,NJ,91295,5551914015,NJ702077,NJ,True,False
hcp_master,HCP000786,HCP000786,4758145757,93354028492,RP3696911,JACQUELINE,BUTLER,D,,MD,207R00000X,1786 MEDICAL PLZ,SYNTH CITY 36,MA,91302,5555880757,MA967530,MA,True,False
hcp_master,HCP000787,HCP000787,0266476080,69200264722,FP5704403,ANNETTE,PAGE,A,,DO,207RR0500X,1787 MEDICAL Plaza STE 1,SYNTH CITY 37,PA,91309,5559629363,PA342656,PA,True,False
hcp_master,HCP000788,HCP000788,5227093312,83045495731,GG4790025,DARYL,ADAMS,B,,DO,207RC0000X,1788 MEDICAL Plaza,SYNTH CITY 38,IL,91316,5558618045,IL437893,IL,True,False
hcp_master,HCP000789,HCP000789,5848227729,58142511604,RR1931543,BRIDGET,HOLLOWAY,J,,DO,208000000X,1789 MEDICAL PLZ,SYNTH CITY 15,MN,90105,5559389642,OH277222,OH,True,False
hcp_master,HCP000790,HCP000790,4633992332,88338328408,FF5286524,KAREN,DIAZ,T,,PA,207Q00000X,1790 MEDICAL PLZ,SYNTH CITY 40,MI,91330,5555752334,MI204769,MI,True,False
hcp_master,HCP000791,HCP000791,7552245483,20403636248,BG7336024,MARY,HARTMAN,M,,NP,207RX0202X,1791 MEDICAL Plaza,SYNTH CITY 41,MN,91337,5556415597,MN969064,MN,True,False
hcp_master,HCP000792,HCP000792,5122933893,78003847238,GP6199744,JACOB,BURKE,G,,DO,207R00000X,1792 MEDICAL Plaza STE 14,SYNTH CITY 42,CA,91344,5551546215,CA267283,CA,True,False
hcp_master,HCP000793,HCP000793,4878503877,69790818955,GG8229852,BILL,GRIFFIN,J,,DO,207RR0500X,1793 MEDICAL PLZ,SYNTH CITY 43,OR,91351,5554774559,OR586976,OR,True,False
hcp_master,HCP000794,HCP000794,8494432205,96061060482,MF1101188,MICHAEL,DONALDSON,K,,MD,207RC0000X,1794 MEDICAL PLZ,SYNTH CITY 44,WA,91358,5552821708,WA674787,WA,True,False
hcp_master,HCP000795,HCP000795,6032459052,68519446290,BR4899766,JENNIFER,KAISER,H,,PA,208000000X,1795 MEDICAL PLZ,SYNTH CITY 45,AZ,91365,5555315705,AZ268489,AZ,True,False
hcp_master,HCP000796,HCP000796,3478831936,41413351809,FG8606595,CHRISTOPHER,ESCOBAR,C,,MD,207Q00000X,1796 MEDICAL PLZ,SYNTH CITY 46,CO,91372,5559256517,CO554957,CO,False,False
hcp_master,HCP000797,HCP000797,0798494999,67151885164,PA4392995,SANDRA,GOODMAN,B,,MD,207RX0202X,1797 MEDICAL Plaza,SYNTH CITY 47,TX,91379,5557529372,TX797411,TX,True,False
hcp_master,HCP000798,HCP000798,3183980473,01526328141,AB2441006,MITCHELL,CLARKE,J,JR,PA,207R00000X,1798 MEDICAL Plaza,SYNTH CITY 48,FL,91386,5557604657,FL752465,FL,True,False
hcp_master,HCP000799,HCP000799,1677556130,07499686729,BM6070581,DAVID,NEAL,C,,DO,207RR0500X,1799 MEDICAL Plaza,SYNTH CITY 49,GA,91393,5552064226,GA443770,GA,True,False
hcp_master,HCP000800,HCP000800,4898007313,65296215781,GR6096476,MARK,SHAW,N,,DO,207RC0000X,1800 MEDICAL PLZ,SYNTH CITY 0,CA,90000,5556365322,CA306019,CA,True,False
hcp_master,HCP000801,HCP000801,1541498188,55901925693,PP7502541,BRENDAN,MORALES,T,,NP,208000000X,1801 MEDICAL PLZ,SYNTH CITY 1,OR,90007,5554326048,OR593464,OR,True,False
hcp_master,HCP000802,HCP000802,7627589915,57265559747,AB1808897,SCOTT,HENDERSON,B,,DO,207Q00000X,1802 MEDICAL PLZ,SYNTH CITY 2,WA,90014,5558064201,WA903248,WA,True,False
hcp_master,HCP000803,HCP000803,5827150983,29394432313,FA3017036,JUAN,ARROYO,S,,MD,207RX0202X,1803 MEDICAL PLZ,SYNTH CITY 3,AZ,90021,5552762642,AZ149683,AZ,True,False
hcp_master,HCP000804,HCP000804,6503555198,73181062111,RM8652985,MARY,RITTER,A,,MD,207R00000X,1804 MEDICAL PLZ,SYNTH CITY 4,CO,90028,5557649808,CO288244,CO,True,False
hcp_master,HCP000805,HCP000805,9626288515,46287921427,FM1094181,TARA,WEBB,T,,PA,207RR0500X,1805 MEDICAL Plaza,SYNTH CITY 5,TX,90035,5551773331,TX333413,TX,True,False
hcp_master,HCP000806,HCP000806,6038953470,36544133654,GM0883730,STACEY,RIVERA,S,,PA,207RC0000X,1806 MEDICAL PLZ,SYNTH CITY 6,FL,90042,5554954265,FL618172,FL,True,False
hcp_master,HCP000807,HCP000807,6944942039,15144027034,BM7327210,SAMANTHA,TURNER,K,,MD,208000000X,1807 MEDICAL PLZ,SYNTH CITY 7,GA,90049,5559294908,GA591289,GA,True,False
hcp_master,HCP000808,HCP000808,9885516150,13622113187,BR3567023,STEVEN,RAMOS,R,,NP,207Q00000X,1808 MEDICAL Plaza,SYNTH CITY 8,NY,90056,5551789247,NY517144,NY,True,False
hcp_master,HCP000809,HCP000809,5084485783,48801029104,FM6844092,ALEXANDRIA,ALLEN,A,,NP,207RX0202X,1809 MEDICAL PLZ,SYNTH CITY 9,NJ,90063,5552577592,NJ662850,NJ,True,False
hcp_master,HCP000810,HCP000810,4772341309,48113089871,GA3462282,VICTORIA,MARTINEZ,A,,DO,207R00000X,1810 MEDICAL PLZ,SYNTH CITY 10,MA,90070,5551973789,MA581359,MA,True,False
hcp_master,HCP000811,HCP000811,0769446176,42824471212,GM8441076,ARIEL,SMITH,A,,NP,207RR0500X,1811 MEDICAL Plaza STE 25,SYNTH CITY 11,PA,90077,5552703785,PA861123,PA,True,False
hcp_master,HCP000812,HCP000812,7801589798,86387547224,AG4548247,MARIA,CAMPBELL,Z,,DO,207RC0000X,1812 MEDICAL Plaza STE 39,SYNTH CITY 12,IL,90084,5553177533,IL437858,IL,True,True
hcp_master,HCP000813,HCP000813,2996949501,84158867061,PA5914079,OSCAR,EVANS,C,,MD,208000000X,1813 MEDICAL PLZ,SYNTH CITY 13,OH,90091,5555338318,OH122848,OH,True,False
hcp_master,HCP000814,HCP000814,9736258994,45016892884,FG6813194,JOSEPH,SLOAN,D,JR,DO,207Q00000X,1814 MEDICAL PLZ,SYNTH CITY 12,WA,91134,5553907536,MI794730,MI,True,False
hcp_master,HCP000815,HCP000815,4498539434,82049080541,PB4550465,COLE,GRIFFITH,W,,MD,207RX0202X,1815 MEDICAL PLZ,SYNTH CITY 15,MN,90105,5559053197,MN823406,MN,False,False
hcp_master,HCP000816,HCP000816,8981965444,59245148671,BG3057717,REBECCA,CHRISTENSEN,R,,DO,207R00000X,1816 MEDICAL PLZ,SYNTH CITY 16,CA,90112,5557055727,CA295075,CA,True,False
hcp_master,HCP000817,HCP000817,7956327804,16455802385,BA9104521,STEVEN,MILLER,W,,PA,207RR0500X,1817 MEDICAL PLZ,SYNTH CITY 17,OR,90119,5556155152,OR233151,OR,True,False
hcp_master,HCP000818,HCP000818,6714200964,67414555825,RR9719054,BRIAN,SMITH,C,,NP,207RC0000X,1818 MEDICAL Plaza,SYNTH CITY 18,WA,90126,5557792722,WA304141,WA,True,False
hcp_master,HCP000819,HCP000819,5232897731,12218396104,AR9628638,CRAIG,HALL,S,,MD,208000000X,1819 MEDICAL PLZ,SYNTH CITY 19,AZ,90133,5552236836,AZ917085,AZ,True,False
hcp_master,HCP000820,HCP000820,7334071975,34149665197,GP3793078,TERESA,WINTERS,R,,PA,207Q00000X,1820 MEDICAL Plaza,SYNTH CITY 20,CO,90140,5552871618,CO926248,CO,True,False
hcp_master,HCP000821,HCP000821,5488218806,46927025989,RP3181570,CHAD,WOODS,D,,PA,207RX0202X,1821 MEDICAL PLZ,SYNTH CITY 21,TX,90147,5555147450,TX434655,TX,True,False
hcp_master,HCP000822,HCP000822,2680060649,41160443512,AR8202986,JUAN,WHITE,J,,PA,207R00000X,1822 MEDICAL Plaza STE 15,SYNTH CITY 22,FL,90154,5551171485,FL814513,FL,True,False
hcp_master,HCP000823,HCP000823,9506533592,71118509160,MG9645647,CHARLOTTE,SHARP,N,,NP,207RR0500X,1823 MEDICAL Plaza,SYNTH CITY 23,GA,90161,5558436183,GA756298,GA,True,False
hcp_master,HCP000824,HCP000824,1317718371,91185155561,FP9259625,SARAH,CARTER,S,,MD,207RC0000X,1824 MEDICAL Plaza,SYNTH CITY 24,NY,90168,5552825630,NY150837,NY,True,False
hcp_master,HCP000825,HCP000825,1451840189,38827417080,FB2473594,SHERRY,GOMEZ,J,III,DO,208000000X,1825 MEDICAL Plaza STE 10,SYNTH CITY 25,NJ,90175,5559164045,NJ243038,NJ,True,False
hcp_master,HCP000826,HCP000826,0007051069,69538364754,FF4030330,ALVIN,WALLACE,J,,PA,207Q00000X,1826 MEDICAL PLZ,SYNTH CITY 26,MA,90182,5557407841,MA655544,MA,True,False
hcp_master,HCP000827,HCP000827,6985404568,92352062874,GR0301919,DEAN,HERNANDEZ,C,,NP,207RX0202X,1827 MEDICAL Plaza,SYNTH CITY 27,PA,90189,5552055321,PA266450,PA,True,False
hcp_master,HCP000828,HCP000828,3654773183,84847528446,RR3232240,BRANDON,BAKER,J,,DO,207R00000X,1828 MEDICAL Plaza,SYNTH CITY 28,IL,90196,5554507885,IL171310,IL,True,False
hcp_master,HCP000829,HCP000829,3192803344,89412998876,PM3626341,ELLEN,MARSHALL,A,,MD,207RR0500X,1829 MEDICAL PLZ,SYNTH CITY 29,OH,90203,5555088764,OH527538,OH,True,False
hcp_master,HCP000830,HCP000830,8726431868,97943866696,PA7312883,ANN,DAVIS,S,,DO,207RC0000X,1830 MEDICAL PLZ,SYNTH CITY 30,MI,90210,5558056171,MI516483,MI,True,False
hcp_master,HCP000831,HCP000831,3280609785,97055249097,AF8701916,CHRISTOPHER,JONES,G,,MD,208000000X,1831 MEDICAL Plaza STE 34,SYNTH CITY 31,MN,90217,5559549502,MN835535,MN,True,False
hcp_master,HCP000832,HCP000832,5874437101,06324469884,GA5680850,CARRIE,WOLFE,W,,DO,207Q00000X,1832 MEDICAL PLZ,SYNTH CITY 32,CA,90224,5551660036,CA271768,CA,True,False
hcp_master,HCP000833,HCP000833,0974954246,91516941071,FP5886902,CODY,ABBOTT,S,,NP,207RX0202X,1833 MEDICAL PLZ,SYNTH CITY 33,OR,90231,5552877357,OR326846,OR,True,True
hcp_master,HCP000834,HCP000834,8277878327,63722092710,MA1350137,KATHERINE,WEST,A,,MD,207R00000X,1834 MEDICAL PLZ,SYNTH CITY 34,WA,90238,5553320355,WA377826,WA,True,False
hcp_master,HCP000835,HCP000835,0096187338,80304811911,MB9159701,MICHELLE,BOYD,B,,MD,207RR0500X,1835 MEDICAL PLZ,SYNTH CITY 35,AZ,90245,5554444009,AZ150288,AZ,True,False
hcp_master,HCP000836,HCP000836,2963632205,10090631203,PM8691145,DUSTIN,WATSON,R,,MD,207RC0000X,1836 MEDICAL PLZ,SYNTH CITY 36,CO,90252,5555943858,CO816074,CO,True,False
hcp_master,HCP000837,HCP000837,0782781112,71687130253,MF5610301,REBECCA,WILSON,W,,DO,208000000X,1837 MEDICAL PLZ,SYNTH CITY 37,TX,90259,5552593631,TX148133,TX,True,False
hcp_master,HCP000838,HCP000838,9872408163,83065105615,GA6616258,WILLIAM,WILSON,J,,DO,207Q00000X,1838 MEDICAL PLZ,SYNTH CITY 38,FL,90266,5559722728,FL186000,FL,True,False
hcp_master,HCP000839,HCP000839,3452816986,98264280112,GR9974726,ABIGAIL,SULLIVAN,B,,PA,207RX0202X,1839 MEDICAL Plaza,SYNTH CITY 39,GA,90273,5552572617,GA761912,GA,True,False
hcp_master,HCP000840,HCP000840,2090327266,89936800290,PP9557673,GINA,FISHER,J,,MD,207R00000X,1840 MEDICAL Plaza STE 16,SYNTH CITY 40,NY,90280,5556588061,NY775667,NY,True,False
hcp_master,HCP000841,HCP000841,0318751639,04787892436,PR0513467,ANDREW,PHILLIPS,D,,NP,207RR0500X,1841 MEDICAL Plaza,SYNTH CITY 41,NJ,90287,5552004000,NJ162488,NJ,True,False
hcp_master,HCP000842,HCP000842,9264936672,42880682660,PP2378036,MAUREEN,BAKER,S,,MD,207RC0000X,1842 MEDICAL Plaza STE 13,SYNTH CITY 42,MA,90294,5551580257,MA879736,MA,True,False
hcp_master,HCP000843,HCP000843,8166345651,34332372746,AB9809812,DOUGLAS,HERNANDEZ,C,,PA,208000000X,1843 MEDICAL Plaza STE 36,SYNTH CITY 43,PA,90301,5553251639,PA748238,PA,True,False
hcp_master,HCP000844,HCP000844,9615553689,73769316667,GA8228756,ROBERT,CONTRERAS,C,,MD,207Q00000X,1844 MEDICAL PLZ,SYNTH CITY 44,IL,90308,5554214783,IL479516,IL,True,False
hcp_master,HCP000845,HCP000845,0318104524,96140864665,FF2744759,JASON,PITTS,J,SR,NP,207RX0202X,1845 MEDICAL PLZ,SYNTH CITY 45,OH,90315,5556723693,OH839095,OH,True,False
hcp_master,HCP000846,HCP000846,5278258103,75798257214,PG6696141,MICHAEL,THOMPSON,M,,PA,207R00000X,1846 MEDICAL PLZ,SYNTH CITY 46,MI,90322,5557266980,MI321339,MI,True,False
hcp_master,HCP000847,HCP000847,3408380863,27891200166,AF1105079,SERGIO,JENKINS,A,,PA,207RR0500X,1847 MEDICAL PLZ,SYNTH CITY 47,MN,90329,5558969601,MN919653,MN,True,False
hcp_master,HCP000848,HCP000848,0438284651,46381208400,RR2628749,JENNA,CALDERON,C,,MD,207RC0000X,1848 MEDICAL PLZ,SYNTH CITY 48,CA,90336,5558692597,CA899842,CA,True,False
hcp_master,HCP000849,HCP000849,8223301499,10082304996,MM6528810,JACOB,ARROYO,W,,PA,208000000X,1849 MEDICAL Plaza STE 12,SYNTH CITY 49,OR,90343,5551325155,OR983652,OR,True,False
hcp_master,HCP000850,HCP000850,6012642198,78654546498,GF7628667,AMBER,LOPEZ,N,,MD,207Q00000X,1850 MEDICAL Plaza,SYNTH CITY 0,WA,90350,5556317893,WA814128,WA,True,False
hcp_master,HCP000851,HCP000851,0670675608,90486967385,PB2067235,JASON,CHAN,D,,PA,207RX0202X,1851 MEDICAL PLZ,SYNTH CITY 1,AZ,90357,5558288103,AZ266953,AZ,True,False
hcp_master,HCP000852,HCP000852,8429047763,41634429361,RR0651778,CHRISTOPHER,WILLIAMS,J,,NP,207R00000X,1852 MEDICAL PLZ,SYNTH CITY 2,CO,90364,5556260376,CO790668,CO,True,False
hcp_master,HCP000853,HCP000853,4717277022,80602474952,BP4632529,LESLIE,ARNOLD,K,,NP,207RR0500X,1853 MEDICAL PLZ,SYNTH CITY 3,TX,90371,5551430142,TX126358,TX,True,False
hcp_master,HCP000854,HCP000854,2756056711,04649831977,GG1451668,KELLI,PATEL,C,,MD,207RC0000X,1854 MEDICAL Plaza,SYNTH CITY 4,FL,90378,5553139378,FL891918,FL,True,False
hcp_master,HCP000855,HCP000855,2493615399,73448201820,FR8968704,BRADLEY,BALLARD,T,,NP,208000000X,1855 MEDICAL Plaza,SYNTH CITY 5,GA,90385,5555905146,GA983924,GA,True,False
hcp_master,HCP000856,HCP000856,2014102661,37019453677,BM7436529,MICHELE,COOK,C,,NP,207Q00000X,1856 MEDICAL Plaza STE 18,SYNTH CITY 6,NY,90392,5559256804,NY707826,NY,True,False
hcp_master,HCP000857,HCP000857,0610748812,70464500645,FA7170928,NICHOLAS,TORRES,A,,MD,207RX0202X,1857 MEDICAL PLZ,SYNTH CITY 7,NJ,90399,5555287537,NJ247879,NJ,True,False
hcp_master,HCP000858,HCP000858,7588229303,56334132828,AF2479755,HEATHER,RAMIREZ,J,,PA,207R00000X,1858 MEDICAL Plaza,SYNTH CITY 8,MA,90406,5553378089,MA247860,MA,True,False
hcp_master,HCP000859,HCP000859,8853266558,82043359867,FG4894704,DENISE,OCONNOR,K,,PA,207RR0500X,1859 MEDICAL PLZ,SYNTH CITY 9,PA,90413,5558275626,PA292384,PA,True,False
hcp_master,HCP000860,HCP000860,3354614786,27364256676,PF5451855,JUSTIN,TORRES,S,,PA,207RC0000X,1860 MEDICAL PLZ,SYNTH CITY 10,IL,90420,5559442121,IL608639,IL,True,False
hcp_master,HCP000861,HCP000861,0786164018,72149430321,AM7709558,KEVIN,BARRY,C,JR,DO,208000000X,1861 MEDICAL PLZ,SYNTH CITY 11,OH,90427,5552641356,OH339498,OH,True,False
hcp_master,HCP000862,HCP000862,4366557617,48433672104,RR5552496,DAKOTA,CRAIG,K,,MD,207Q00000X,1862 MEDICAL PLZ,SYNTH CITY 12,MI,90434,5551985781,MI912674,MI,True,False
hcp_master,HCP000863,HCP000863,3349950212,05275941937,PR6534750,DERRICK,VASQUEZ,K,,DO,207RX0202X,1863 MEDICAL PLZ,SYNTH CITY 13,MN,90441,5558529944,MN524993,MN,True,False
hcp_master,HCP000864,HCP000864,8422252378,86427194804,FF5698294,TIMOTHY,HUGHES,C,,DO,207R00000X,1864 MEDICAL PLZ,SYNTH CITY 14,CA,90448,5553637928,CA898145,CA,True,False
hcp_master,HCP000865,HCP000865,4085930616,66611802950,RF7633531,VINCENT,PAUL,B,,NP,207RR0500X,1865 MEDICAL PLZ,SYNTH CITY 15,OR,90455,5555665396,OR767465,OR,True,False
hcp_master,HCP000866,HCP000866,1462105945,76402768399,FB9349281,KEVIN,REED,V,,DO,207RC0000X,1866 MEDICAL PLZ,SYNTH CITY 16,WA,90462,5558953343,WA318871,WA,True,False
hcp_master,HCP000867,HCP000867,6679151194,40413161439,PF2765006,DANIELLE,WILSON,T,SR,MD,208000000X,1867 MEDICAL Plaza,SYNTH CITY 17,AZ,90469,5559812387,AZ810847,AZ,True,False
hcp_master,HCP000868,HCP000868,7492269312,35426826560,MP6879648,MARK,PENA,S,,NP,207Q00000X,1868 MEDICAL Plaza,SYNTH CITY 18,CO,90476,5556522890,CO415619,CO,True,False
hcp_master,HCP000869,HCP000869,4642391682,63191968206,FG4375666,JAMES,KING,T,,MD,207RX0202X,1869 MEDICAL PLZ,SYNTH CITY 32,CA,90224,5558283979,TX953590,TX,True,False
hcp_master,HCP000870,HCP000870,5032841616,44049993022,AM5716078,JUSTIN,WILLIAMS,S,,DO,207R00000X,1870 MEDICAL PLZ,SYNTH CITY 20,FL,90490,5555759294,FL621450,FL,True,False
hcp_master,HCP000871,HCP000871,1645323415,44115281481,GG5853362,SAMUEL,COLE,D,,MD,207RR0500X,1871 MEDICAL PLZ,SYNTH CITY 13,OH,90091,5553263181,GA581340,GA,True,False
hcp_master,HCP000872,HCP000872,3374089217,81892217366,GB3504743,NICHOLE,RODRIGUEZ,C,,NP,207RC0000X,1872 MEDICAL Plaza,SYNTH CITY 22,NY,90504,5559353783,NY146585,NY,True,False
hcp_master,HCP000873,HCP000873,7647373407,20804062453,MG4343575,KATRINA,PARK,E,,PA,208000000X,1873 MEDICAL PLZ,SYNTH CITY 23,NJ,90511,5551448808,NJ837178,NJ,True,False
hcp_master,HCP000874,HCP000874,8157587014,39053034417,FM5553450,SEAN,VEGA,C,,DO,207Q00000X,1874 MEDICAL Plaza,SYNTH CITY 24,MA,90518,5553742888,MA126067,MA,True,False
hcp_master,HCP000875,HCP000875,4291652830,90396637962,RA8000173,ANN,MCCOY,C,,PA,207RX0202X,1875 MEDICAL PLZ,SYNTH CITY 25,PA,90525,5557562248,PA573014,PA,True,False
hcp_master,HCP000876,HCP000876,6713607854,49850220150,AR6823663,VICTORIA,HINES,B,,PA,207R00000X,1876 MEDICAL Plaza,SYNTH CITY 26,IL,90532,5551127356,IL188378,IL,True,False
hcp_master,HCP000877,HCP000877,8194416607,66714278674,MF9297963,ALICIA,COBB,B,,DO,207RR0500X,1877 MEDICAL Plaza STE 9,SYNTH CITY 27,OH,90539,5558293049,OH195884,OH,True,False
hcp_master,HCP000878,HCP000878,1511690665,06244726857,BR3153485,BENJAMIN,HERRERA,P,,DO,207RC0000X,1878 MEDICAL PLZ,SYNTH CITY 28,MI,90546,5559874345,MI962489,MI,True,False
hcp_master,HCP000879,HCP000879,4425643457,13305489721,GM0402302,KENDRA,SHIELDS,G,,NP,208000000X,1879 MEDICAL Plaza,SYNTH CITY 29,MN,90553,5559475464,MN375755,MN,True,False
hcp_master,HCP000880,HCP000880,7139284948,48553732080,PF0977571,JAMES,ROSS,S,,MD,207Q00000X,1880 MEDICAL PLZ,SYNTH CITY 30,CA,90560,5554656871,CA629567,CA,True,False
hcp_master,HCP000881,HCP000881,4198986216,69126473731,GG5040809,MATTHEW,BROWN,T,,MD,207RX0202X,1881 MEDICAL PLZ,SYNTH CITY 31,OR,90567,5554219116,OR199632,OR,True,False
hcp_master,HCP000882,HCP000882,4149587105,30913701707,GB6394728,ROBERT,RICHARDSON,J,,DO,207R00000X,1882 MEDICAL Plaza,SYNTH CITY 32,WA,90574,5557766654,WA933500,WA,True,False
hcp_master,HCP000883,HCP000883,5533170127,14755347468,BA4317667,ANNE,BROWN,J,,DO,207RR0500X,1883 MEDICAL PLZ,SYNTH CITY 33,AZ,90581,5559517969,AZ758221,AZ,True,False
hcp_master,HCP000884,HCP000884,5738805469,25243641623,MB0336707,MICHAEL,ROJAS,G,,NP,207RC0000X,1884 MEDICAL PLZ,SYNTH CITY 34,CO,90588,5556186157,CO790154,CO,True,False
hcp_master,HCP000885,HCP000885,0619103332,91612134876,GB2167553,JAMES,SMITH,G,,PA,208000000X,1885 MEDICAL PLZ,SYNTH CITY 35,TX,90595,5554141242,TX779542,TX,True,False
hcp_master,HCP000886,HCP000886,8340730265,85476015588,AM4408199,KEVIN,RIVERS,B,,PA,207Q00000X,1886 MEDICAL PLZ,SYNTH CITY 36,FL,90602,5556505237,FL121459,FL,True,False
hcp_master,HCP000887,HCP000887,1438232823,95199214760,AB7282897,ZACHARY,BAILEY,C,,MD,207RX0202X,1887 MEDICAL PLZ,SYNTH CITY 37,GA,90609,5557225073,GA669565,GA,True,False
hcp_master,HCP000888,HCP000888,7730083780,81983374702,PR0708237,CHELSEA,SINGH,G,,PA,207R00000X,1888 MEDICAL PLZ,SYNTH CITY 38,NY,90616,5559679608,NY981988,NY,True,False
hcp_master,HCP000889,HCP000889,5197233849,84846145382,PA4525945,MEGAN,MARTIN III,J,III,NP,207RR0500X,1889 MEDICAL PLZ,SYNTH CITY 39,NJ,90623,5559482162,NJ865273,NJ,True,False
hcp_master,HCP000890,HCP000890,8012817184,15745647211,BA0016250,PATRICK,COOK,M,,DO,207RC0000X,1890 MEDICAL PLZ,SYNTH CITY 40,MA,90630,5559978007,MA707648,MA,True,False
hcp_master,HCP000891,HCP000891,7372302043,53591251518,PA5255915,RENEE,RAMIREZ,D,,DO,208000000X,1891 MEDICAL PLZ,SYNTH CITY 41,PA,90637,5551972959,PA746662,PA,True,False
hcp_master,HCP000892,HCP000892,2549335216,05920015447,FM9112188,JONATHAN,MILLER,J,,PA,207Q00000X,1892 MEDICAL Plaza,SYNTH CITY 42,IL,90644,5554669028,IL925859,IL,True,False
hcp_master,HCP000893,HCP000893,6237810471,77501737306,RG1493072,BRANDON,DIAZ,A,,DO,207RX0202X,1893 MEDICAL Plaza,SYNTH CITY 43,OH,90651,5551485881,OH223517,OH,True,True
hcp_master,HCP000894,HCP000894,1308695455,42894729775,PG9642900,BRIAN,BARRETT,J,,MD,207R00000X,1894 MEDICAL PLZ,SYNTH CITY 44,MI,90658,5553489262,MI541336,MI,True,False
hcp_master,HCP000895,HCP000895,4250873336,46085360497,AM6536498,CHRISTINA,WASHINGTON,S,,NP,207RR0500X,1895 MEDICAL PLZ,SYNTH CITY 45,MN,90665,5557772336,MN229934,MN,True,False
hcp_master,HCP000896,HCP000896,7956416631,63784069735,FP7631639,JOHN,NGUYEN,C,,PA,207RC0000X,1896 MEDICAL PLZ,SYNTH CITY 46,CA,90672,5559938498,CA563829,CA,True,False
hcp_master,HCP000897,HCP000897,7119095827,11609675690,BM1200461,MICHAEL,PATEL,J,,NP,208000000X,1897 MEDICAL PLZ,SYNTH CITY 47,OR,90679,5555669672,OR164787,OR,True,False
hcp_master,HCP000898,HCP000898,9910023859,93622902317,FG3847696,CHRISTINE,ROTH,E,,MD,207Q00000X,1898 MEDICAL PLZ,SYNTH CITY 48,WA,90686,5558106905,WA241016,WA,False,False
hcp_master,HCP000899,HCP000899,0138497215,13799287438,PR4283755,KEITH,COMBS,B,,NP,207RX0202X,1899 MEDICAL PLZ,SYNTH CITY 49,AZ,90693,5557021572,AZ333880,AZ,True,False
hcp_master,HCP000900,HCP000900,9826102524,10184982745,GP2079511,AMANDA,PETERSON,D,,NP,207R00000X,1900 MEDICAL Plaza STE 34,SYNTH CITY 0,CO,90700,5556587375,CO371973,CO,True,False
hcp_master,HCP000901,HCP000901,1204293041,93550073692,PB7134408,DEBRA,JONES,W,,MD,207RR0500X,1901 MEDICAL Plaza,SYNTH CITY 1,TX,90707,5557403511,TX739488,TX,True,False
hcp_master,HCP000902,HCP000902,4607340245,25255225594,GG8333664,SHANNON,HUFF,S,,DO,207RC0000X,1902 MEDICAL Plaza,SYNTH CITY 2,FL,90714,5556617346,FL907639,FL,True,False
hcp_master,HCP000903,HCP000903,4770060885,49026728482,MB1762693,TIMOTHY,PAUL,J,,NP,208000000X,1903 MEDICAL Plaza,SYNTH CITY 3,GA,90721,5556722596,GA896589,GA,True,False
hcp_master,HCP000904,HCP000904,1299663009,92288300583,AF0447041,MARK,BROWN,C,,NP,207Q00000X,1904 MEDICAL PLZ,SYNTH CITY 4,NY,90728,5551347510,NY859927,NY,True,False
hcp_master,HCP000905,HCP000905,7824401310,56233441045,PB0592045,HERBERT,JENKINS,J,,NP,207RX0202X,1905 MEDICAL Plaza,SYNTH CITY 5,NJ,90735,5551275361,NJ408901,NJ,True,False
hcp_master,HCP000906,HCP000906,7295241823,43635524521,BF2266974,ANGELA,PEREZ,C,,PA,207R00000X,1906 MEDICAL PLZ,SYNTH CITY 6,MA,90742,5558962755,MA254346,MA,False,False
hcp_master,HCP000907,HCP000907,7762788504,70142355448,BA8073811,ELIZABETH,ELLIS,J,,DO,207RR0500X,1907 MEDICAL PLZ,SYNTH CITY 7,PA,90749,5559940759,PA682704,PA,True,False
hcp_master,HCP000908,HCP000908,9772479504,83999901464,BB6981127,CHRISTINA,MARKS,S,,MD,207RC0000X,1908 MEDICAL Plaza,SYNTH CITY 8,IL,90756,5558747186,IL693921,IL,True,False
hcp_master,HCP000909,HCP000909,3007647423,57766748065,AM0756636,MATTHEW,ERICKSON,J,,MD,208000000X,1909 MEDICAL PLZ,SYNTH CITY 9,OH,90763,5557325481,OH227576,OH,True,False
hcp_master,HCP000910,HCP000910,9666713125,25065734672,MR0359955,ANTHONY,NGUYEN,R,,DO,207Q00000X,1910 MEDICAL Plaza,SYNTH CITY 10,MI,90770,5555977581,MI589926,MI,True,False
hcp_master,HCP000911,HCP000911,5555372650,36225921147,MB8158873,TERESA,WATKINS,M,,PA,207RX0202X,1911 MEDICAL Plaza STE 8,SYNTH CITY 11,MN,90777,5556556925,MN579435,MN,True,False
hcp_master,HCP000912,HCP000912,2041988264,41913256932,AM9092908,KIM,MARTIN,L,,DO,207R00000X,1912 MEDICAL PLZ,SYNTH CITY 12,CA,90784,5558185740,CA220276,CA,True,False
hcp_master,HCP000913,HCP000913,8679033018,15834811526,MF1043069,CHRISTINE,HANSEN,O,,PA,207RR0500X,1913 MEDICAL Plaza STE 17,SYNTH CITY 13,OR,90791,5559231000,OR488792,OR,True,False
hcp_master,HCP000914,HCP000914,9895307202,87385527268,AF6204498,HUNTER,NGUYEN,C,,MD,207RC0000X,1914 MEDICAL PLZ,SYNTH CITY 14,WA,90798,5554183883,WA919701,WA,True,False
hcp_master,HCP000915,HCP000915,0117651238,00324915465,GB9210038,JOANNE,GONZALEZ,J,SR,NP,208000000X,1915 MEDICAL PLZ,SYNTH CITY 15,AZ,90805,5551012711,AZ607022,AZ,True,False
hcp_master,HCP000916,HCP000916,8545315227,73585233367,MF2079012,EMILY,STEWART,T,III,DO,207Q00000X,1916 MEDICAL Plaza STE 13,SYNTH CITY 16,CO,90812,5554557195,CO427958,CO,True,False
hcp_master,HCP000917,HCP000917,5629577359,63004925161,GP3900124,DAVID,PAGE,C,,DO,207RX0202X,1917 MEDICAL Plaza,SYNTH CITY 17,TX,90819,5557430968,TX139997,TX,True,False
hcp_master,HCP000918,HCP000918,5270570976,65783145729,AM4629084,THOMAS,COLEMAN,Z,,DO,207R00000X,1918 MEDICAL Plaza,SYNTH CITY 18,FL,90826,5553799701,FL490710,FL,True,False
hcp_master,HCP000919,HCP000919,0544769405,08666967777,AF2855567,JESSICA,HENSON,S,,PA,207RR0500X,1919 MEDICAL Plaza,SYNTH CITY 19,GA,90833,5556452894,GA286123,GA,True,False
hcp_master,HCP000920,HCP000920,4687619633,31846894069,FA7610511,SUSAN,MURPHY,M,,PA,207RC0000X,1920 MEDICAL PLZ,SYNTH CITY 20,NY,90840,5558526372,NY487444,NY,True,False
hcp_master,HCP000921,HCP000921,6396241609,12089972772,PR3582939,JEFFREY,MCCOY,J,,NP,208000000X,1921 MEDICAL Plaza,SYNTH CITY 21,NJ,90847,5554951930,NJ434496,NJ,True,False
hcp_master,HCP000922,HCP000922,2649254812,35249325470,RM8443805,ANDREA,CONLEY,C,,PA,207Q00000X,1922 MEDICAL PLZ,SYNTH CITY 22,MA,90854,5551398563,MA707103,MA,True,False
hcp_master,HCP000923,HCP000923,3538763251,70920541224,PM0168031,DONNA,ROBINSON,W,,MD,207RX0202X,1923 MEDICAL PLZ,SYNTH CITY 23,PA,90861,5557863806,PA968290,PA,True,False
hcp_master,HCP000924,HCP000924,5355682712,56185576442,GB6424953,JARED,LEWIS,S,,MD,207R00000X,1924 MEDICAL PLZ,SYNTH CITY 24,IL,90868,5551302962,IL604858,IL,True,False
hcp_master,HCP000925,HCP000925,8912138723,54495793782,BB6773706,RENEE,GARCIA,J,,PA,207RR0500X,1925 MEDICAL PLZ,SYNTH CITY 25,OH,90875,5556596541,OH600587,OH,True,False
hcp_master,HCP000926,HCP000926,9675354176,91414393614,PM2984913,CHRISTINA,CRUZ,M,,PA,207RC0000X,1926 MEDICAL PLZ,SYNTH CITY 26,MI,90882,5552966672,MI272080,MI,True,False
hcp_master,HCP000927,HCP000927,6928212797,65531384034,MM4140543,SANDRA,KELLY,J,,DO,208000000X,1927 MEDICAL PLZ,SYNTH CITY 27,MN,90889,5555587509,MN553133,MN,True,False
hcp_master,HCP000928,HCP000928,0808824334,34139905910,BF9232390,BRITTANY,CLARK,P,,DO,207Q00000X,1928 MEDICAL Plaza,SYNTH CITY 28,CA,90896,5559840518,CA139989,CA,True,False
hcp_master,HCP000929,HCP000929,0542930074,22476705725,AR7656492,REBECCA,BRENNAN,T,,PA,207RX0202X,1929 MEDICAL Plaza,SYNTH CITY 29,OR,90903,5555006087,OR163805,OR,True,False
hcp_master,HCP000930,HCP000930,6849555894,00734623075,BM1722876,CHRISTIAN,ALLEN,A,,MD,207R00000X,1930 MEDICAL PLZ,SYNTH CITY 30,WA,90910,5559664063,WA370303,WA,True,False
hcp_master,HCP000931,HCP000931,9771943435,94272522239,MM0038078,PAULA,DALTON,R,,MD,207RR0500X,1931 MEDICAL PLZ,SYNTH CITY 31,AZ,90917,5558592742,AZ169484,AZ,True,False
hcp_master,HCP000932,HCP000932,7831801106,99180262016,BB2888028,DESTINY,CHANG,S,JR,PA,207RC0000X,1932 MEDICAL PLZ,SYNTH CITY 32,CO,90924,5554831724,CO891092,CO,True,False
hcp_master,HCP000933,HCP000933,8298975961,85436632532,BM4310693,TIMOTHY,BROWN,J,,PA,208000000X,1933 MEDICAL PLZ,SYNTH CITY 33,TX,90931,5552166623,TX610092,TX,True,False
hcp_master,HCP000934,HCP000934,9627821272,00581898742,RG4323753,CLAUDIA,LOPEZ,N,,MD,207Q00000X,1934 MEDICAL PLZ,SYNTH CITY 34,FL,90938,5552347122,FL457941,FL,True,False
hcp_master,HCP000935,HCP000935,3946898582,23061095689,RA3702531,JENNIFER,NGUYEN,S,,PA,207RX0202X,1935 MEDICAL Plaza STE 14,SYNTH CITY 35,GA,90945,5557034828,GA691701,GA,True,False
hcp_master,HCP000936,HCP000936,8071491574,45009541752,PB5528721,SHANNON,HERNANDEZ,L,,DO,207R00000X,1936 MEDICAL PLZ,SYNTH CITY 36,NY,90952,5551360050,NY460159,NY,True,False
hcp_master,HCP000937,HCP000937,8096507750,83605136480,RM4004552,MICHELLE,GONZALEZ,V,,NP,207RR0500X,1937 MEDICAL PLZ,SYNTH CITY 37,NJ,90959,5554985090,NJ393018,NJ,True,False
hcp_master,HCP000938,HCP000938,2602585095,26426156865,AB5557951,JONATHAN,MCCANN,A,,DO,207RC0000X,1938 MEDICAL PLZ,SYNTH CITY 38,MA,90966,5555932523,MA630760,MA,True,False
hcp_master,HCP000939,HCP000939,4290374832,64973447554,FG8902616,RALPH,WHEELER,A,,DO,208000000X,1939 MEDICAL PLZ,SYNTH CITY 39,PA,90973,5557418768,PA558148,PA,True,False
hcp_master,HCP000940,HCP000940,7962321346,71144334608,FA1550429,MICHAEL,DUARTE,R,,DO,207Q00000X,1940 MEDICAL Plaza STE 2,SYNTH CITY 40,IL,90980,5555993910,IL967950,IL,True,False
hcp_master,HCP000941,HCP000941,3117261073,31022324908,FM6799045,SIERRA,GORDON,S,,NP,207RX0202X,1941 MEDICAL PLZ,SYNTH CITY 41,OH,90987,5559285022,OH462213,OH,True,False
hcp_master,HCP000942,HCP000942,9723212997,93277108544,MM0291941,CATHERINE,WATTS,S,,DO,207R00000X,1942 MEDICAL PLZ,SYNTH CITY 42,MI,90994,5551574517,MI813804,MI,True,False
hcp_master,HCP000943,HCP000943,1955990597,71643678418,FP7040675,JOSEPH,MAHONEY,M,,MD,207RR0500X,1943 MEDICAL PLZ,SYNTH CITY 43,MN,91001,5554295501,MN227377,MN,True,False
hcp_master,HCP000944,HCP000944,9518618373,44819197393,MA1322361,BRANDON,LARSEN,C,,PA,207RC0000X,1944 MEDICAL PLZ,SYNTH CITY 44,CA,91008,5558924547,CA275054,CA,True,False
hcp_master,HCP000945,HCP000945,1447560958,26225386303,AB2611099,THOMAS,YOUNG,L,,DO,208000000X,1945 MEDICAL PLZ,SYNTH CITY 45,OR,91015,5555960620,OR580315,OR,True,True
hcp_master,HCP000946,HCP000946,2077980011,63203330282,RA6139756,NICOLE,WALKER,A,,NP,207Q00000X,1946 MEDICAL Plaza,SYNTH CITY 46,WA,91022,5551681571,WA559816,WA,True,False
hcp_master,HCP000947,HCP000947,9788869037,22966154692,PM4916361,AMY,SANCHEZ,A,SR,PA,207RX0202X,1947 MEDICAL Plaza,SYNTH CITY 47,AZ,91029,5555422882,AZ669428,AZ,True,False
hcp_master,HCP000948,HCP000948,2043922113,58428999879,FR0832619,CATHY,RUSSO,J,,NP,207R00000X,1948 MEDICAL PLZ,SYNTH CITY 48,CO,91036,5558408110,CO197116,CO,True,False
hcp_master,HCP000949,HCP000949,8716201495,01580890486,BB4894554,DEBRA,SPENCE,T,,NP,207RR0500X,1949 MEDICAL Plaza STE 6,SYNTH CITY 49,TX,91043,5556068683,TX651622,TX,True,False
hcp_master,HCP000950,HCP000950,5359834202,30378855950,RM6044833,CODY,DECKER,J,,NP,207RC0000X,1950 MEDICAL PLZ,SYNTH CITY 0,FL,91050,5553142842,FL106638,FL,True,False
hcp_master,HCP000951,HCP000951,7226955806,96997411814,FM3758177,KYLE,KING,M,,PA,208000000X,1951 MEDICAL Plaza STE 1,SYNTH CITY 1,GA,91057,5559758236,GA565413,GA,True,False
hcp_master,HCP000952,HCP000952,4811930849,95442750348,FG0324892,MORGAN,GUERRERO,J,,NP,207Q00000X,1952 MEDICAL PLZ,SYNTH CITY 2,NY,91064,5555500697,NY494422,NY,True,False
hcp_master,HCP000953,HCP000953,1782041457,41661423759,GA7039919,DAVID,WU,J,,PA,207RX0202X,1953 MEDICAL Plaza STE 18,SYNTH CITY 3,NJ,91071,5552086339,NJ167607,NJ,True,False
hcp_master,HCP000954,HCP000954,9255224682,86085763237,MM1069349,JEFFREY,JONES,S,,MD,207R00000X,1954 MEDICAL PLZ,SYNTH CITY 4,MA,91078,5554369860,MA337272,MA,True,False
hcp_master,HCP000955,HCP000955,1766515740,73912605053,BG3055697,NATHAN,WALKER,L,,PA,207RR0500X,1955 MEDICAL PLZ,SYNTH CITY 5,PA,91085,5556955584,PA813993,PA,True,False
hcp_master,HCP000956,HCP000956,2403808530,45257926451,PB0740629,JEREMIAH,TAYLOR,C,,PA,207RC0000X,1956 MEDICAL PLZ,SYNTH CITY 6,IL,91092,5556455919,IL500344,IL,True,False
hcp_master,HCP000957,HCP000957,6344520260,61155140650,AM8855889,TROY,FLYNN,P,SR,MD,208000000X,1957 MEDICAL PLZ,SYNTH CITY 7,OH,91099,5558285964,OH439789,OH,True,False
hcp_master,HCP000958,HCP000958,4733842866,79115705197,RB7314458,EMILY,THOMAS,T,,MD,207Q00000X,1958 MEDICAL PLZ,SYNTH CITY 8,MI,91106,5555122470,MI891071,MI,True,False
hcp_master,HCP000959,HCP000959,7533674603,60843435119,PF8767982,TAYLOR,CASTILLO,A,,NP,207RX0202X,1959 MEDICAL PLZ,SYNTH CITY 9,MN,91113,5552524815,MN160565,MN,True,False
hcp_master,HCP000960,HCP000960,7252864971,85074288572,PR2904046,SHELBY,COOK,J,,PA,207R00000X,1960 MEDICAL PLZ,SYNTH CITY 33,OR,90231,5551599335,CA999271,CA,True,False
hcp_master,HCP000961,HCP000961,9424392089,90724495205,PM9046836,RACHEL,JOHNSON,W,,PA,207RR0500X,1961 MEDICAL PLZ,SYNTH CITY 11,OR,91127,5555066273,OR837144,OR,True,False
hcp_master,HCP000962,HCP000962,4775112046,92816885234,PF8919563,TOM,JONES,J,,MD,207RC0000X,1962 MEDICAL PLZ,SYNTH CITY 12,WA,91134,5557001929,WA746198,WA,True,False
hcp_master,HCP000963,HCP000963,0855168254,07907575901,BP0174730,TIMOTHY,SANDERS,J,,DO,208000000X,1963 MEDICAL PLZ,SYNTH CITY 13,AZ,91141,5552646691,AZ892253,AZ,True,False
hcp_master,HCP000964,HCP000964,2108990583,41132905504,RA1108028,JAMES,MORGAN,M,,DO,207Q00000X,1964 MEDICAL Plaza STE 24,SYNTH CITY 14,CO,91148,5552731923,CO261084,CO,True,False
hcp_master,HCP000965,HCP000965,9359264733,47031103275,PR7493819,KRISTA,SALAZAR,R,,DO,207RX0202X,1965 MEDICAL Plaza,SYNTH CITY 15,TX,91155,5553964644,TX306413,TX,True,False
hcp_master,HCP000966,HCP000966,6733337839,79052282319,RR2196207,DANA,LEVINE,J,SR,DO,207R00000X,1966 MEDICAL PLZ,SYNTH CITY 16,FL,91162,5554322930,FL517661,FL,True,False
hcp_master,HCP000967,HCP000967,1752173199,94112310983,MA9812303,DIANE,ZUNIGA III,K,III,DO,207RR0500X,1967 MEDICAL PLZ,SYNTH CITY 17,GA,91169,5558835444,GA849177,GA,True,False
hcp_master,HCP000968,HCP000968,5621555874,07105931186,GR1632998,BRITTANY,PETERSEN,C,,DO,207RC0000X,1968 MEDICAL Plaza,SYNTH CITY 18,NY,91176,5552743675,NY441860,NY,True,False
hcp_master,HCP000969,HCP000969,5620857537,83015282424,MP7543978,JIM,ROBINSON,D,,DO,208000000X,1969 MEDICAL PLZ,SYNTH CITY 19,NJ,91183,5553832545,NJ514405,NJ,True,False
hcp_master,HCP000970,HCP000970,9199738284,36286270310,PB6089346,GINA,OLSEN,H,III,PA,207Q00000X,1970 MEDICAL PLZ,SYNTH CITY 20,MA,91190,5555990432,MA538066,MA,True,False
hcp_master,HCP000971,HCP000971,3070580170,86552508533,FG1613859,JESUS,CLARK,B,,NP,207RX0202X,1971 MEDICAL Plaza,SYNTH CITY 21,PA,91197,5554150868,PA553936,PA,True,False
hcp_master,HCP000972,HCP000972,0859008373,45102199043,AM8696597,DONNA,MURPHY,L,,MD,207R00000X,1972 MEDICAL PLZ,SYNTH CITY 22,IL,91204,5557736661,IL761203,IL,True,False
hcp_master,HCP000973,HCP000973,4722033907,74497122686,FP7057621,CARRIE,FOSTER,J,,PA,207RR0500X,1973 MEDICAL PLZ,SYNTH CITY 23,OH,91211,5558521715,OH659579,OH,True,False
hcp_master,HCP000974,HCP000974,0864577578,39385234136,RR3738946,BRIDGET,MILLER,G,,MD,207RC0000X,1974 MEDICAL Plaza STE 26,SYNTH CITY 24,MI,91218,5552611542,MI663414,MI,True,False
hcp_master,HCP000975,HCP000975,7765589057,47412079379,FR0617083,TAYLOR,ROBINSON,S,,PA,208000000X,1975 MEDICAL PLZ,SYNTH CITY 25,MN,91225,5553790385,MN244524,MN,True,False
hcp_master,HCP000976,HCP000976,6483435254,78064622214,RP1500637,CATHERINE,RAMOS,L,,NP,207Q00000X,1976 MEDICAL PLZ,SYNTH CITY 26,CA,91232,5551523418,CA286173,CA,True,False
hcp_master,HCP000977,HCP000977,7676387856,67821158900,MB4005684,ERIC,MARTINEZ,F,,DO,207RX0202X,1977 MEDICAL PLZ,SYNTH CITY 27,OR,91239,5558428760,OR287768,OR,True,False
hcp_master,HCP000978,HCP000978,0362341998,43184663398,GG0208912,JENNIFER,MARSHALL,J,,DO,207R00000X,1978 MEDICAL PLZ,SYNTH CITY 28,WA,91246,5556272676,WA139203,WA,True,False
hcp_master,HCP000979,HCP000979,1602187357,61799142633,AG5537613,ALLISON,MARTIN,D,,DO,207RR0500X,1979 MEDICAL Plaza,SYNTH CITY 29,AZ,91253,5554975782,AZ885336,AZ,True,False
hcp_master,HCP000980,HCP000980,4527066722,17242754064,AB7747762,SANDRA,BLAKE,A,,DO,207RC0000X,1980 MEDICAL Plaza,SYNTH CITY 30,CO,91260,5558447156,CO694074,CO,True,False
hcp_master,HCP000981,HCP000981,0152334641,89474873385,MM1292838,EVELYN,LAMBERT,B,,NP,208000000X,1981 MEDICAL PLZ,SYNTH CITY 31,TX,91267,5552873509,TX957405,TX,True,False
hcp_master,HCP000982,HCP000982,9889586100,08229935568,AG2757978,JULIAN,PERKINS,M,,PA,207Q00000X,1982 MEDICAL PLZ,SYNTH CITY 32,FL,91274,5554272005,FL402620,FL,True,False
hcp_master,HCP000983,HCP000983,4684324419,99241642296,BA0270206,MELISSA,CRAWFORD,R,,PA,207RX0202X,1983 MEDICAL Plaza,SYNTH CITY 33,GA,91281,5557874998,GA719627,GA,True,False
hcp_master,HCP000984,HCP000984,5977068440,37154649920,GM7550733,CORY,DAVIS,C,,DO,207R00000X,1984 MEDICAL PLZ,SYNTH CITY 34,NY,91288,5553101104,NY443067,NY,True,False
hcp_master,HCP000985,HCP000985,8848218664,99140312828,RG5368816,TAYLOR,HENRY,J,,MD,207RR0500X,1985 MEDICAL PLZ,SYNTH CITY 35,NJ,91295,5558661932,NJ595000,NJ,True,False
hcp_master,HCP000986,HCP000986,0761635834,90129238381,AA1606520,BRITTANY,RAMIREZ,J,,MD,207RC0000X,1986 MEDICAL PLZ,SYNTH CITY 36,MA,91302,5554918661,MA937880,MA,True,False
hcp_master,HCP000987,HCP000987,4829636669,83924558502,MP6720957,JOY,WALLACE,C,,PA,208000000X,1987 MEDICAL PLZ,SYNTH CITY 37,PA,91309,5556633138,PA429667,PA,True,False
hcp_master,HCP000988,HCP000988,,05946586423,AB5040160,BENJAMIN,PEREZ,J,SR,MD,207Q00000X,1988 MEDICAL Plaza,SYNTH CITY 38,IL,91316,5551725036,IL200981,IL,True,False
hcp_master,HCP000989,HCP000989,6874957973,69720744910,PR8886937,TODD,HOGAN,T,,DO,207RX0202X,1989 MEDICAL Plaza STE 11,SYNTH CITY 39,OH,91323,5554925364,OH944824,OH,True,False
hcp_master,HCP000990,HCP000990,2650608005,76190376779,GP1102184,THERESA,EWING,E,,DO,207R00000X,1990 MEDICAL Plaza,SYNTH CITY 40,MI,91330,5551031765,MI613468,MI,True,False
hcp_master,HCP000991,HCP000991,7678757270,09461380168,GA1825930,BRENT,MAXWELL,A,,NP,207RR0500X,1991 MEDICAL Plaza STE 17,SYNTH CITY 41,MN,91337,5557982031,MN911843,MN,True,False
hcp_master,HCP000992,HCP000992,6667216918,49450934687,PA0896933,MATTHEW,PARKS,S,,NP,207RC0000X,1992 MEDICAL PLZ,SYNTH CITY 42,CA,91344,5559993026,CA302173,CA,True,False
hcp_master,HCP000993,HCP000993,0206149847,62805753447,RP3148630,ANTHONY,JOHNSON,C,,NP,208000000X,1993 MEDICAL Plaza STE 21,SYNTH CITY 43,OR,91351,5554004977,OR506557,OR,True,False
hcp_master,HCP000994,HCP000994,1563947930,77909112101,GF3193412,STEPHEN,BUTLER,J,,MD,207Q00000X,1994 MEDICAL Plaza,SYNTH CITY 44,WA,91358,5555897744,WA562493,WA,True,False
hcp_master,HCP000995,HCP000995,0542698168,47569194140,GG3468305,KATHY,FOSTER,M,,MD,207RX0202X,1995 MEDICAL PLZ,SYNTH CITY 45,AZ,91365,5554773614,AZ911589,AZ,True,False
hcp_master,HCP000996,HCP000996,3332849876,54392827288,PR5850406,SHARON,FRANK,L,,PA,207R00000X,1996 MEDICAL PLZ,SYNTH CITY 46,CO,91372,5554024379,CO765692,CO,True,False
hcp_master,HCP000997,HCP000997,5426683202,73327227571,RB1134066,JOSHUA,AGUILAR JR,P,JR,MD,207RR0500X,1997 MEDICAL PLZ,SYNTH CITY 47,TX,91379,5556282819,TX494339,TX,True,False
hcp_master,HCP000998,HCP000998,5678933230,59044325076,PP8185198,ROBERT,WOLFE,C,,DO,207RC0000X,1998 MEDICAL PLZ,SYNTH CITY 48,FL,91386,5552458923,FL502374,FL,True,False
hcp_master,HCP000999,HCP000999,2399622077,64914219611,FP1713513,STEPHEN,ROBERTSON JR,J,JR,MD,208000000X,1999 MEDICAL PLZ,SYNTH CITY 49,GA,91393,5551338925,GA773645,GA,True,False
hcp_master,HCP001000,HCP001000,3740132535,71992209000,FR1567696,RICKY,GRANT,T,,PA,207Q00000X,2000 MEDICAL Plaza,SYNTH CITY 0,CA,90000,5558882932,CA763456,CA,True,False
hcp_master,HCP001001,HCP001001,3509374492,87693115388,BR6221401,TIMOTHY,RAY,R,,PA,207RX0202X,2001 MEDICAL PLZ,SYNTH CITY 1,OR,90007,5556004901,OR392211,OR,True,False
hcp_master,HCP001002,HCP001002,6965927208,22027121375,BF6448827,KYLE,REYES,T,,PA,207R00000X,2002 MEDICAL PLZ,SYNTH CITY 2,WA,90014,5552682528,WA755186,WA,True,False
hcp_master,HCP001003,HCP001003,4427912637,09620733527,FM5160736,DANIEL,BLACK,R,,MD,207RR0500X,2003 MEDICAL PLZ,SYNTH CITY 3,AZ,90021,5554082361,AZ325830,AZ,True,False
hcp_master,HCP001004,HCP001004,0042823282,71128431157,GM2988660,LISA,SMITH,J,,MD,207RC0000X,2004 MEDICAL Plaza,SYNTH CITY 4,CO,90028,5552069098,CO629174,CO,True,False
hcp_master,HCP001005,HCP001005,5078054124,87484918186,GR6678285,MARIA,CHAPMAN,M,,MD,208000000X,2005 MEDICAL PLZ,SYNTH CITY 5,TX,90035,5557948832,TX902429,TX,True,False
hcp_master,HCP001006,HCP001006,0779592472,70836192973,FR5662104,LOGAN,WOOD,B,,NP,207Q00000X,2006 MEDICAL PLZ,SYNTH CITY 6,FL,90042,5553082407,FL449835,FL,True,False
hcp_master,HCP001007,HCP001007,4171066614,63481728154,GF0856556,MONICA,MIRANDA,A,,MD,207RX0202X,2007 MEDICAL PLZ,SYNTH CITY 7,GA,90049,5552674719,GA585970,GA,True,False
hcp_master,HCP001008,HCP001008,4931563579,12529647905,FP3378167,LISA,HENRY,M,,PA,207R00000X,2008 MEDICAL Plaza,SYNTH CITY 8,NY,90056,5552749781,NY858635,NY,True,False
hcp_master,HCP001009,HCP001009,9170835216,10590254193,MG5938230,ANDREW,JOHNSON,E,,NP,207RR0500X,2009 MEDICAL Plaza STE 24,SYNTH CITY 9,NJ,90063,5554208600,NJ487090,NJ,True,False
hcp_master,HCP001010,HCP001010,2683479747,43081222493,PP7677650,RYAN,BRYANT,K,,DO,207RC0000X,2010 MEDICAL Plaza,SYNTH CITY 10,MA,90070,5556347906,MA324029,MA,True,False
hcp_master,HCP001011,HCP001011,2043784943,18796522335,RA6742489,MARK,HORNE,D,,NP,208000000X,2011 MEDICAL PLZ,SYNTH CITY 11,PA,90077,5557906249,PA709257,PA,True,False
hcp_master,HCP001012,HCP001012,6597187304,74032092584,FP6081700,KRISTINA,CASTILLO,N,,MD,207Q00000X,2012 MEDICAL Plaza STE 33,SYNTH CITY 12,IL,90084,5553526145,IL641422,IL,True,False
hcp_master,HCP001013,HCP001013,0951156047,23486386069,RA8916708,REBECCA,SWANSON,J,,DO,207RX0202X,2013 MEDICAL PLZ,SYNTH CITY 13,OH,90091,5558187150,OH555063,OH,True,False
hcp_master,HCP001014,HCP001014,0309428692,82035567852,GR8957407,SAMANTHA,PALMER,C,,MD,207R00000X,2014 MEDICAL Plaza,SYNTH CITY 14,MI,90098,5557605537,MI123050,MI,True,False
hcp_master,HCP001015,HCP001015,7077268887,72029575349,FF8399060,ANTONIO,MARTINEZ,J,,PA,207RR0500X,2015 MEDICAL Plaza,SYNTH CITY 15,MN,90105,5555828034,MN792410,MN,True,False
hcp_master,HCP001016,HCP001016,8525858055,03794410447,RA1537344,JESUS,MARSHALL,A,,NP,207RC0000X,2016 MEDICAL PLZ,SYNTH CITY 16,CA,90112,5552915318,CA405047,CA,True,False
hcp_master,HCP001017,HCP001017,7393609673,42067655957,FA3766728,LISA,COOPER,W,,NP,208000000X,2017 MEDICAL PLZ,SYNTH CITY 17,OR,90119,5552504749,OR871959,OR,True,False
hcp_master,HCP001018,HCP001018,3993901321,78750095906,BF6419736,RONNIE,BURNS,M,,DO,207Q00000X,2018 MEDICAL PLZ,SYNTH CITY 18,WA,90126,5555354050,WA434939,WA,True,False
hcp_master,HCP001019,HCP001019,9845589214,39243219616,MF7876420,ANNE,MYERS,C,,MD,207RX0202X,2019 MEDICAL PLZ,SYNTH CITY 19,AZ,90133,5551430300,AZ822462,AZ,True,False
hcp_master,HCP001020,HCP001020,2411859137,18174903795,AM4758167,JUSTIN,PARRISH,H,,NP,207R00000X,2020 MEDICAL PLZ,SYNTH CITY 20,CO,90140,5554533390,CO509985,CO,True,False
hcp_master,HCP001021,HCP001021,5010927155,96721035026,RR2159497,REBECCA,FRENCH,S,,MD,207RR0500X,2021 MEDICAL Plaza,SYNTH CITY 21,TX,90147,5551449410,TX470413,TX,True,False
hcp_master,HCP001022,HCP001022,0019641311,54891254471,PB3266643,SHAWN,MURRAY,D,,DO,207RC0000X,2022 MEDICAL PLZ,SYNTH CITY 22,FL,90154,5557229863,FL714264,FL,True,False
hcp_master,HCP001023,HCP001023,2110224781,63633996567,AF1523829,JULIA,CARROLL,B,,MD,208000000X,2023 MEDICAL PLZ,SYNTH CITY 23,GA,90161,5559123636,GA742776,GA,True,False
hcp_master,HCP001024,HCP001024,8023922221,25713599850,RM9974668,ELIZABETH,HERNANDEZ,C,,NP,207Q00000X,2024 MEDICAL PLZ,SYNTH CITY 24,NY,90168,5554617179,NY286480,NY,True,False
hcp_master,HCP001025,HCP001025,9230397462,28850016106,GG1226991,KRISTIN,RODRIGUEZ,R,,MD,207RX0202X,2025 MEDICAL PLZ,SYNTH CITY 25,NJ,90175,5555000400,NJ673699,NJ,True,False
hcp_master,HCP001026,HCP001026,1459767632,59646693331,GG1862160,CHRISTOPHER,CASTILLO,L,,PA,207R00000X,2026 MEDICAL Plaza,SYNTH CITY 26,MA,90182,5555758176,MA168778,MA,True,False
hcp_master,HCP001027,HCP001027,5923055128,36731093837,FM9715228,JUSTIN,GIBSON,M,,PA,207RR0500X,2027 MEDICAL Plaza,SYNTH CITY 27,PA,90189,5555735585,PA521456,PA,True,False
hcp_master,HCP001028,HCP001028,5954463746,30552047824,RF4648345,EMILY,GUZMAN,S,,DO,207RC0000X,2028 MEDICAL Plaza,SYNTH CITY 28,IL,90196,5553092203,IL423931,IL,True,False
hcp_master,HCP001029,HCP001029,1723828665,85182362036,FM0220624,BRENDA,COLON,K,,MD,208000000X,2029 MEDICAL Plaza,SYNTH CITY 29,OH,90203,5554216637,OH937790,OH,True,False
hcp_master,HCP001030,HCP001030,2825540281,53372598326,MP0509872,LARRY,CARTER,E,,NP,207Q00000X,2030 MEDICAL PLZ,SYNTH CITY 30,MI,90210,5555271916,MI308601,MI,True,False
hcp_master,HCP001031,HCP001031,8360282361,17718347523,PB4788319,STEVEN,DIAZ,A,,PA,207RX0202X,2031 MEDICAL Plaza,SYNTH CITY 31,MN,90217,5555288476,MN753611,MN,True,False
hcp_master,HCP001032,HCP001032,1609481498,67340203724,GB8710021,BIANCA,JOHNSON,B,,NP,207R00000X,2032 MEDICAL PLZ,SYNTH CITY 32,CA,90224,5556387884,CA116736,CA,True,False
hcp_master,HCP001033,HCP001033,4276901624,87854505291,AR1532471,REGINALD,WEBER,R,,DO,207RR0500X,2033 MEDICAL Plaza STE 6,SYNTH CITY 33,OR,90231,5559282972,OR710072,OR,True,False
hcp_master,HCP001034,HCP001034,9182763760,27071218333,MR6151116,LAURA,OWENS,D,,PA,207RC0000X,2034 MEDICAL PLZ,SYNTH CITY 34,WA,90238,5553764374,WA338827,WA,True,False
hcp_master,HCP001035,HCP001035,1533844688,31177399625,PG4584156,ASHLEY,CUNNINGHAM,J,,PA,208000000X,2035 MEDICAL PLZ,SYNTH CITY 35,AZ,90245,5557394209,AZ824963,AZ,True,False
hcp_master,HCP001036,HCP001036,2746796210,84156244284,RA9672024,KIMBERLY,GARCIA,C,,MD,207Q00000X,2036 MEDICAL PLZ,SYNTH CITY 36,CO,90252,5557002475,CO727852,CO,True,False
hcp_master,HCP001037,HCP001037,1400892406,29127472650,FF5441976,RODNEY,JOHNSON,K,,MD,207RX0202X,2037 MEDICAL Plaza,SYNTH CITY 37,TX,90259,5553414241,TX537819,TX,True,False
hcp_master,HCP001038,HCP001038,3919153718,95172247808,RF5346644,MELISSA,SIMPSON,D,,MD,207R00000X,2038 MEDICAL PLZ,SYNTH CITY 38,FL,90266,5557439773,FL433884,FL,True,False
hcp_master,HCP001039,HCP001039,9682125742,49181936735,PR1485018,JANET,MORENO,E,,PA,207RR0500X,2039 MEDICAL Plaza,SYNTH CITY 39,GA,90273,5555096005,GA179614,GA,True,False
hcp_master,HCP001040,HCP001040,1186164020,32787709148,BB0344020,MICHAEL,COLLINS,C,,MD,207RC0000X,2040 MEDICAL PLZ,SYNTH CITY 40,NY,90280,5555896042,NY248343,NY,True,False
hcp_master,HCP001041,HCP001041,5531793300,00344757225,AP1995334,STEPHANIE,LARSON,S,JR,PA,208000000X,2041 MEDICAL PLZ,SYNTH CITY 41,NJ,90287,5555036412,NJ147432,NJ,True,False
hcp_master,HCP001042,HCP001042,4774090847,51863471575,GG5889038,DEANNA,JOHNSON,K,,NP,207Q00000X,2042 MEDICAL PLZ,SYNTH CITY 44,CA,91008,5558987474,MA516832,MA,True,False
hcp_master,HCP001043,HCP001043,7200010396,18303671367,FP8354633,RYAN,STRICKLAND,A,,DO,207RX0202X,2043 MEDICAL PLZ,SYNTH CITY 43,PA,90301,5554146757,PA962258,PA,True,False
hcp_master,HCP001044,HCP001044,4041753052,71743240646,GR0452637,JOSEPH,PIERCE,D,,PA,207R00000X,2044 MEDICAL Plaza STE 24,SYNTH CITY 44,IL,90308,5558778261,IL746154,IL,True,False
hcp_master,HCP001045,HCP001045,1539783807,97725573767,RF4778560,JULIE,HOWELL,M,,DO,207RR0500X,2045 MEDICAL Plaza,SYNTH CITY 45,OH,90315,5558006052,OH210189,OH,True,False
hcp_master,HCP001046,HCP001046,6626933298,87489842187,MA9159258,COURTNEY,MITCHELL,S,,DO,207RC0000X,2046 MEDICAL PLZ,SYNTH CITY 46,MI,90322,5556203598,MI815525,MI,True,False
hcp_master,HCP001047,HCP001047,8395964926,31056095081,MM8890333,MARY,CARTER,R,,MD,208000000X,2047 MEDICAL Plaza,SYNTH CITY 47,MN,90329,5557142218,MN908980,MN,True,False
hcp_master,HCP001048,HCP001048,4599222062,45865127785,BG8189864,REBECCA,WARD,L,,PA,207Q00000X,2048 MEDICAL Plaza,SYNTH CITY 48,CA,90336,5555526404,CA461512,CA,True,True
hcp_master,HCP001049,HCP001049,6179821304,59647379954,FG9862321,PETER,PERRY,B,,MD,207RX0202X,2049 MEDICAL Plaza,SYNTH CITY 49,OR,90343,5557188270,OR261179,OR,True,False
hcp_master,HCP001050,HCP001050,7044514736,91849771578,FG1440961,JULIA,AGUIRRE,P,,PA,207R00000X,2050 MEDICAL PLZ,SYNTH CITY 0,WA,90350,5554637316,WA939643,WA,True,False
hcp_master,HCP001051,HCP001051,7704338384,96841595447,FP9797803,JAKE,MOORE,J,,DO,207RR0500X,2051 MEDICAL Plaza,SYNTH CITY 1,AZ,90357,5557287338,AZ971002,AZ,True,False
hcp_master,HCP001052,HCP001052,9773636367,70996154237,RR2552430,DAVID,MCCORMICK,S,,DO,207RC0000X,2052 MEDICAL PLZ,SYNTH CITY 2,CO,90364,5557409695,CO652391,CO,True,False
hcp_master,HCP001053,HCP001053,9496895472,12487883739,BB9262267,BRANDON,GUTIERREZ,R,,MD,208000000X,2053 MEDICAL Plaza,SYNTH CITY 3,TX,90371,5559799498,TX190050,TX,True,False
hcp_master,HCP001054,HCP001054,0321704369,31457577769,AG8180716,CRYSTAL,LEONARD,M,,PA,207Q00000X,2054 MEDICAL PLZ,SYNTH CITY 4,FL,90378,5552261064,FL917570,FL,True,False
hcp_master,HCP001055,HCP001055,9511689785,40633094756,GM1940904,JOEL,LITTLE,M,,PA,207RX0202X,2055 MEDICAL Plaza,SYNTH CITY 5,GA,90385,5557166498,GA316454,GA,True,False
hcp_master,HCP001056,HCP001056,9287015181,40689770673,RR8858026,MELANIE,MAY,B,,MD,207R00000X,2056 MEDICAL Plaza,SYNTH CITY 6,NY,90392,5553328201,NY414288,NY,True,False
hcp_master,HCP001057,HCP001057,7122688964,20859860446,GP0194881,GABRIEL,PEREZ,T,,NP,207RR0500X,2057 MEDICAL PLZ,SYNTH CITY 7,NJ,90399,5557796917,NJ319858,NJ,True,False
hcp_master,HCP001058,HCP001058,2333594168,86809894804,RB7356837,KIMBERLY,HUMPHREY,A,SR,MD,207RC0000X,2058 MEDICAL Plaza STE 13,SYNTH CITY 8,MA,90406,5551941475,MA793909,MA,True,False
hcp_master,HCP001059,HCP001059,1856886076,11279148090,BA7445274,RICHARD,FERNANDEZ,R,,NP,208000000X,2059 MEDICAL PLZ,SYNTH CITY 9,PA,90413,5555558961,PA989260,PA,True,False
hcp_master,HCP001060,HCP001060,3920607876,01357298207,BB7139669,BETTY,RIOS,M,,NP,207Q00000X,2060 MEDICAL Plaza,SYNTH CITY 24,MA,90518,5554271580,IL579685,IL,True,False
hcp_master,HCP001061,HCP001061,9185517254,18003878291,AG4213363,AMANDA,RODRIGUEZ,J,,NP,207RX0202X,2061 MEDICAL Plaza,SYNTH CITY 11,OH,90427,5551990323,OH493686,OH,True,False
hcp_master,HCP001062,HCP001062,9170267972,76785960144,PM0459611,JESSICA,HALE,C,,MD,207R00000X,2062 MEDICAL PLZ,SYNTH CITY 12,MI,90434,5551609860,MI810505,MI,True,False
hcp_master,HCP001063,HCP001063,0986534812,02394760668,RM8165156,AMANDA,KELLY,A,,NP,207RR0500X,2063 MEDICAL Plaza STE 10,SYNTH CITY 13,MN,90441,5554583296,MN629860,MN,True,False
hcp_master,HCP001064,HCP001064,2928222043,75118231837,FP4874466,MARGARET,PARKER,K,JR,DO,207RC0000X,2064 MEDICAL PLZ,SYNTH CITY 14,CA,90448,5551808180,CA583283,CA,True,False
hcp_master,HCP001065,HCP001065,0735933265,99041090953,RA6733000,JOYCE,HUNT,S,,DO,208000000X,2065 MEDICAL PLZ,SYNTH CITY 15,OR,90455,5554255826,OR732258,OR,True,False
hcp_master,HCP001066,HCP001066,1560001822,19182349236,MF1796828,DYLAN,CRUZ,A,,PA,207Q00000X,2066 MEDICAL PLZ,SYNTH CITY 16,WA,90462,5552080398,WA410843,WA,True,False
hcp_master,HCP001067,HCP001067,0640802274,04833439214,AP8884638,NATHAN,SIMON,N,,MD,207RX0202X,2067 MEDICAL PLZ,SYNTH CITY 17,AZ,90469,5553798957,AZ424451,AZ,True,False
hcp_master,HCP001068,HCP001068,7073494040,26249677988,FM8515268,BRENDA,KRUEGER,E,,NP,207R00000X,2068 MEDICAL PLZ,SYNTH CITY 18,CO,90476,5555040472,CO584675,CO,True,False
hcp_master,HCP001069,HCP001069,8555055507,75383401142,FP6782683,DIANE,CHANDLER,K,,DO,207RR0500X,2069 MEDICAL PLZ,SYNTH CITY 19,TX,90483,5555201683,TX232537,TX,True,False
hcp_master,HCP001070,HCP001070,3062467915,63087384424,RA5110277,KAREN,WHEELER,H,,PA,207RC0000X,2070 MEDICAL PLZ,SYNTH CITY 20,FL,90490,5559294363,FL983859,FL,True,False
hcp_master,HCP001071,HCP001071,4968226967,42276393455,BF6841854,JAMIE,OLSEN SR,L,SR,DO,208000000X,2071 MEDICAL PLZ,SYNTH CITY 21,GA,90497,5553707036,GA946505,GA,True,False
hcp_master,HCP001072,HCP001072,9281140365,06057731824,BA4577884,CHRISTOPHER,JOHNS,C,,DO,207Q00000X,2072 MEDICAL Plaza,SYNTH CITY 22,NY,90504,5551286168,NY365660,NY,True,False
hcp_master,HCP001073,HCP001073,4174073161,25481836532,FM6660333,MADISON,FIGUEROA,K,,PA,207RX0202X,2073 MEDICAL PLZ,SYNTH CITY 23,NJ,90511,5556360254,NJ100258,NJ,True,False
hcp_master,HCP001074,HCP001074,4290612868,26244600025,BR4381130,KATHLEEN,MOORE,M,,DO,207R00000X,2074 MEDICAL PLZ,SYNTH CITY 24,MA,90518,5551065944,MA881111,MA,True,False
hcp_master,HCP001075,HCP001075,5962801796,67901955432,FA2917072,MIRANDA,TAYLOR,H,,PA,207RR0500X,2075 MEDICAL PLZ,SYNTH CITY 25,PA,90525,5556022589,PA700083,PA,True,False
hcp_master,HCP001076,HCP001076,7546617938,47983654690,RF8184947,KAITLIN,CLARK,J,,MD,207RC0000X,2076 MEDICAL PLZ,SYNTH CITY 26,IL,90532,5555380870,IL584692,IL,True,False
hcp_master,HCP001077,HCP001077,6155934519,33929629634,FP4067394,JEFFREY,KELLEY,A,,MD,208000000X,2077 MEDICAL PLZ,SYNTH CITY 27,OH,90539,5557150220,OH986620,OH,True,False
hcp_master,HCP001078,HCP001078,3224893016,70474637479,FB9683317,ALLISON,BARNES,N,,DO,207Q00000X,2078 MEDICAL PLZ,SYNTH CITY 28,MI,90546,5555438369,MI539617,MI,True,False
hcp_master,HCP001079,HCP001079,1879759920,05379323736,FP0335679,DIANE,SOLOMON,B,III,MD,207RX0202X,2079 MEDICAL PLZ,SYNTH CITY 29,MN,90553,5556331591,MN472218,MN,True,False
hcp_master,HCP001080,HCP001080,5962640970,63953613108,GP6224054,HAILEY,GONZALEZ,S,,MD,207R00000X,2080 MEDICAL PLZ,SYNTH CITY 30,CA,90560,5554769903,CA917838,CA,True,False
hcp_master,HCP001081,HCP001081,9910348026,26687331787,GF4214279,WILLIAM,ROGERS,B,,MD,207RR0500X,2081 MEDICAL Plaza,SYNTH CITY 31,OR,90567,5553297483,OR364532,OR,True,False
hcp_master,HCP001082,HCP001082,7745565904,04015882077,RG0923493,VICTOR,RODRIGUEZ,M,,NP,207RC0000X,2082 MEDICAL Plaza STE 27,SYNTH CITY 32,WA,90574,5556686972,WA957102,WA,True,False
hcp_master,HCP001083,HCP001083,7463646886,71854601150,AM7260433,MISTY,FOSTER,P,,PA,208000000X,2083 MEDICAL Plaza,SYNTH CITY 33,AZ,90581,5555376046,AZ346337,AZ,True,False
hcp_master,HCP001084,HCP001084,8014053606,77147016574,RA1680795,DANIEL,CASTRO,W,,PA,207Q00000X,2084 MEDICAL Plaza,SYNTH CITY 34,CO,90588,5553686621,CO512058,CO,True,False
hcp_master,HCP001085,HCP001085,1216269740,49321657131,FR8409114,JOSEPH,HARRISON,M,,DO,207RX0202X,2085 MEDICAL Plaza,SYNTH CITY 35,TX,90595,5551545460,TX509491,TX,True,False
hcp_master,HCP001086,HCP001086,2875883276,47155056463,MB2001172,GERALD,THOMAS,J,,DO,207R00000X,2086 MEDICAL PLZ,SYNTH CITY 36,FL,90602,5553959465,FL320082,FL,True,False
hcp_master,HCP001087,HCP001087,0458317647,55531561140,BM2461224,TRACY,MERCER,T,SR,NP,207RR0500X,2087 MEDICAL Plaza,SYNTH CITY 37,GA,90609,5555850488,GA866272,GA,True,False
hcp_master,HCP001088,HCP001088,5972475466,38977739582,FM5422701,KATHERINE,STANTON,S,III,MD,207RC0000X,2088 MEDICAL PLZ,SYNTH CITY 38,NY,90616,5556273550,NY396378,NY,True,False
hcp_master,HCP001089,HCP001089,1376241422,46029624812,BM5533578,AMANDA,BURKE,K,SR,DO,208000000X,2089 MEDICAL PLZ,SYNTH CITY 39,NJ,90623,5554738984,NJ941706,NJ,True,False
hcp_master,HCP001090,HCP001090,2525668002,42466551450,RM7590928,CHRISTOPHER,ROMERO,L,,MD,207Q00000X,2090 MEDICAL Plaza,SYNTH CITY 40,MA,90630,5551136331,MA691846,MA,True,False
hcp_master,HCP001091,HCP001091,7992942848,69855079959,PG8166468,NICOLE,SMITH,K,,NP,207RX0202X,2091 MEDICAL PLZ,SYNTH CITY 41,PA,90637,5556234041,PA611467,PA,True,False
hcp_master,HCP001092,HCP001092,5833256584,53737545969,AP8954598,TONYA,LOWERY,C,,PA,207R00000X,2092 MEDICAL Plaza,SYNTH CITY 42,IL,90644,5552356489,IL333132,IL,True,False
hcp_master,HCP001093,HCP001093,7725879705,28793991814,BM0848457,JOHN,BYRD,S,,PA,207RR0500X,2093 MEDICAL Plaza,SYNTH CITY 43,OH,90651,5551369968,OH391977,OH,True,False
hcp_master,HCP001094,HCP001094,8941442542,86238365868,RA8904293,RODNEY,BROWN,A,,MD,207RC0000X,2094 MEDICAL PLZ,SYNTH CITY 44,MI,90658,5553744024,MI152917,MI,True,False
hcp_master,HCP001095,HCP001095,4380287498,55460463741,BG1350433,NINA,SCOTT,J,,PA,208000000X,2095 MEDICAL PLZ,SYNTH CITY 45,MN,90665,5553007567,MN892840,MN,True,False
hcp_master,HCP001096,HCP001096,8998943319,16264137822,PF0132174,PAUL,COOPER,A,,NP,207Q00000X,2096 MEDICAL PLZ,SYNTH CITY 46,CA,90672,5556197258,CA530234,CA,True,False
hcp_master,HCP001097,HCP001097,3317024404,54535318930,BR8482415,MICHAEL,BERNARD,K,,NP,207RX0202X,2097 MEDICAL PLZ,SYNTH CITY 47,OR,90679,5557060965,OR698401,OR,True,False
hcp_master,HCP001098,HCP001098,0748132830,64651012729,AG7050748,CRYSTAL,FARLEY,B,,NP,207R00000X,2098 MEDICAL Plaza,SYNTH CITY 48,WA,90686,5551297314,WA242487,WA,True,False
hcp_master,HCP001099,HCP001099,0427312406,17916803102,BR2706614,CAMERON,ADAMS,N,,PA,207RR0500X,2099 MEDICAL Plaza,SYNTH CITY 49,AZ,90693,5553154830,AZ482256,AZ,True,False
hcp_master,HCP001100,HCP001100,6533824606,65460640815,PR6757944,LAUREN,MARTINEZ,A,,MD,207RC0000X,2100 MEDICAL Plaza,SYNTH CITY 0,CO,90700,5556932767,CO735638,CO,True,False
hcp_master,HCP001101,HCP001101,2401338506,99514609369,RP2558001,RHONDA,MENDOZA,K,,PA,208000000X,2101 MEDICAL PLZ,SYNTH CITY 1,TX,90707,5551119827,TX185061,TX,True,False
hcp_master,HCP001102,HCP001102,4623720602,46892365630,AR4462340,RUSSELL,CARTER,K,SR,NP,207Q00000X,2102 MEDICAL Plaza STE 37,SYNTH CITY 2,FL,90714,5557460460,FL370119,FL,True,False
hcp_master,HCP001103,HCP001103,5643242964,92325605946,MR6408392,ANNA,HANSEN,K,,MD,207RX0202X,2103 MEDICAL Plaza STE 35,SYNTH CITY 3,GA,90721,5558127326,GA347892,GA,True,False
hcp_master,HCP001104,HCP001104,3084372465,09668401990,MM1742592,STEVE,JONES,S,,NP,207R00000X,2104 MEDICAL PLZ,SYNTH CITY 4,NY,90728,5557531573,NY685303,NY,True,False
hcp_master,HCP001105,HCP001105,2220498341,62370573575,AM2729180,MICHELE,CARRILLO,D,,MD,207RR0500X,2105 MEDICAL PLZ,SYNTH CITY 5,NJ,90735,5551346646,NJ296446,NJ,True,False
hcp_master,HCP001106,HCP001106,1409710609,83459763413,PA1579562,JACQUELINE,KIRK,D,,MD,207RC0000X,2106 MEDICAL Plaza,SYNTH CITY 6,MA,90742,5552958103,MA433566,MA,True,False
hcp_master,HCP001107,HCP001107,5995271355,84078458185,MB6255965,CORY,BRADY,D,,NP,208000000X,2107 MEDICAL Plaza STE 14,SYNTH CITY 7,PA,90749,5556152050,PA893994,PA,True,False
hcp_master,HCP001108,HCP001108,6333421587,88831963837,RP6194662,ISABEL,FLORES,J,,DO,207Q00000X,2108 MEDICAL Plaza STE 22,SYNTH CITY 8,IL,90756,5557497975,IL873020,IL,True,False
hcp_master,HCP001109,HCP001109,4737879039,30311874524,PG7438924,JENNIFER,CHANDLER,K,,NP,207RX0202X,2109 MEDICAL PLZ,SYNTH CITY 9,OH,90763,5553123089,OH909779,OH,True,False
hcp_master,HCP001110,HCP001110,1091173884,58924683237,GB7656218,MATTHEW,PARKER,S,,PA,207R00000X,2110 MEDICAL PLZ,SYNTH CITY 10,MI,90770,5555162819,MI426590,MI,True,False
hcp_master,HCP001111,HCP001111,8473977709,17165031989,GF9341810,DARRELL,EWING,C,,PA,207RR0500X,2111 MEDICAL PLZ,SYNTH CITY 11,MN,90777,5552275806,MN873151,MN,True,False
hcp_master,HCP001112,HCP001112,3977504992,34646028689,FB3523139,BENJAMIN,TURNER,A,,DO,207RC0000X,2112 MEDICAL Plaza,SYNTH CITY 12,CA,90784,5556926082,CA490064,CA,True,False
hcp_master,HCP001113,HCP001113,1125319958,91033858679,MP2259052,CALVIN,COLLINS,R,,MD,208000000X,2113 MEDICAL PLZ,SYNTH CITY 13,OR,90791,5556757161,OR101779,OR,True,False
hcp_master,HCP001114,HCP001114,2785971724,01475066920,PM5611485,ANNA,CASEY,D,,DO,207Q00000X,2114 MEDICAL Plaza,SYNTH CITY 14,WA,90798,5557171562,WA532325,WA,True,False
hcp_master,HCP001115,HCP001115,1484861954,02763464452,GM7646734,BRIAN,DANIEL,J,,DO,207RX0202X,2115 MEDICAL PLZ,SYNTH CITY 15,AZ,90805,5559190353,AZ336798,AZ,True,False
hcp_master,HCP001116,HCP001116,5900580635,66890809790,AR2321018,CARL,HAWKINS,J,,MD,207R00000X,2116 MEDICAL Plaza,SYNTH CITY 16,CO,90812,5553316573,CO644475,CO,True,False
hcp_master,HCP001117,HCP001117,8418946736,87088549834,RR6672928,CINDY,BENNETT,R,,PA,207RR0500X,2117 MEDICAL Plaza,SYNTH CITY 17,TX,90819,5555469405,TX880510,TX,True,False
hcp_master,HCP001118,HCP001118,5545594207,47126625724,BR3881903,JESSICA,HOWARD,J,SR,NP,207RC0000X,2118 MEDICAL Plaza,SYNTH CITY 18,FL,90826,5554758181,FL623774,FL,True,False
hcp_master,HCP001119,HCP001119,2683482428,30380515765,PG6001533,JUSTIN,HUDSON,W,,DO,208000000X,2119 MEDICAL PLZ,SYNTH CITY 19,GA,90833,5555524697,GA499728,GA,True,False
hcp_master,HCP001120,HCP001120,9655423660,15455481330,AR7324720,CHRISTINE,MILLER,C,,DO,207Q00000X,2120 MEDICAL Plaza STE 2,SYNTH CITY 20,NY,90840,5558589800,NY255110,NY,True,False
hcp_master,HCP001121,HCP001121,5778703541,00737889420,MA2223359,MICHELLE,FOSTER,A,,NP,207RX0202X,2121 MEDICAL Plaza STE 33,SYNTH CITY 21,NJ,90847,5552700716,NJ202730,NJ,True,False
hcp_master,HCP001122,HCP001122,8311844236,34341020029,BM1465727,GREG,JIMENEZ,C,,DO,207R00000X,2122 MEDICAL PLZ,SYNTH CITY 22,MA,90854,5558420889,MA997187,MA,True,False
hcp_master,HCP001123,HCP001123,3720525146,22993631080,GB7153511,SHANNON,WILLIAMS,W,,MD,207RR0500X,2123 MEDICAL PLZ,SYNTH CITY 23,PA,90861,5559478952,PA914117,PA,True,True
hcp_master,HCP001124,HCP001124,7665660511,98466196469,MM8618871,CHRISTOPHER,JOHNSTON,T,,NP,207RC0000X,2124 MEDICAL Plaza,SYNTH CITY 24,IL,90868,5551321596,IL961484,IL,True,False
hcp_master,HCP001125,HCP001125,2680225234,26856334948,FM2386447,KENNETH,EVANS,J,,MD,208000000X,2125 MEDICAL Plaza,SYNTH CITY 25,OH,90875,5557282919,OH396078,OH,True,False
hcp_master,HCP001126,HCP001126,3885002071,61530410216,PG6175483,BRYAN,LEE,L,,DO,207Q00000X,2126 MEDICAL PLZ,SYNTH CITY 26,MI,90882,5556202070,MI569722,MI,True,False
hcp_master,HCP001127,HCP001127,3175739895,79886841286,RR7013092,CHELSEY,GONZALEZ,C,SR,NP,207RX0202X,2127 MEDICAL Plaza,SYNTH CITY 27,MN,90889,5559122072,MN191299,MN,True,False
hcp_master,HCP001128,HCP001128,6027526311,65101229784,FF8361969,SARAH,WALTON,S,,DO,207R00000X,2128 MEDICAL PLZ,SYNTH CITY 28,CA,90896,5553905946,CA521055,CA,True,False
hcp_master,HCP001129,HCP001129,1063058998,86580559458,BA4647207,JENNIFER,BROWN,T,,DO,207RR0500X,2129 MEDICAL Plaza,SYNTH CITY 29,OR,90903,5555317813,OR433331,OR,True,False
hcp_master,HCP001130,HCP001130,4358308193,47690121901,GB3658491,KRISTEN,BERNARD,N,,MD,207RC0000X,2130 MEDICAL PLZ,SYNTH CITY 30,WA,90910,5554341446,WA126007,WA,True,False
hcp_master,HCP001131,HCP001131,5807722363,34919640084,PP4326735,SONYA,GUZMAN,C,,NP,208000000X,2131 MEDICAL Plaza,SYNTH CITY 31,AZ,90917,5559658478,AZ783267,AZ,True,False
hcp_master,HCP001132,HCP001132,3326273380,73660080371,GA5722575,SHARON,POWELL,J,,MD,207Q00000X,2132 MEDICAL Plaza STE 15,SYNTH CITY 32,CO,90924,5558166864,CO967979,CO,True,False
hcp_master,HCP001133,HCP001133,0123924611,13995905415,GP4424053,JASON,CARTER,E,,PA,207RX0202X,2133 MEDICAL PLZ,SYNTH CITY 33,TX,90931,5558671626,TX733581,TX,True,True
hcp_master,HCP001134,HCP001134,9646917853,69239045265,BB2757788,JOEL,BELTRAN,K,,NP,207R00000X,2134 MEDICAL PLZ,SYNTH CITY 34,FL,90938,5553892629,FL950023,FL,True,False
hcp_master,HCP001135,HCP001135,3249897562,45620038498,RR2997126,AARON,GILES,M,,MD,207RR0500X,2135 MEDICAL PLZ,SYNTH CITY 35,GA,90945,5553676566,GA119496,GA,True,False
hcp_master,HCP001136,HCP001136,6833132718,50655811459,MB8482755,CHARLES,RUSSO,A,,PA,207RC0000X,2136 MEDICAL PLZ,SYNTH CITY 36,NY,90952,5558495516,NY264725,NY,True,False
hcp_master,HCP001137,HCP001137,7426741205,18226439667,PB4980225,DANIEL,WELCH,W,,PA,208000000X,2137 MEDICAL Plaza STE 6,SYNTH CITY 37,NJ,90959,5552981238,NJ601591,NJ,True,False
hcp_master,HCP001138,HCP001138,5891620218,14137601590,RA4249263,BRANDON,SCHULTZ,K,,NP,207Q00000X,2138 MEDICAL PLZ,SYNTH CITY 38,MA,90966,5557512547,MA961970,MA,True,False
hcp_master,HCP001139,HCP001139,8658191985,43271838376,RG3609601,RICHARD,MUNOZ,S,,MD,207RX0202X,2139 MEDICAL PLZ,SYNTH CITY 39,PA,90973,5555916283,PA246616,PA,True,False
hcp_master,HCP001140,HCP001140,9195193492,58300955549,MM8038031,JESSICA,HERNANDEZ,A,,NP,207R00000X,2140 MEDICAL Plaza STE 25,SYNTH CITY 40,IL,90980,5557842022,IL718791,IL,True,False
hcp_master,HCP001141,HCP001141,5456233464,70773642198,RA9653231,JESSICA,MCGEE,E,,PA,207RR0500X,2141 MEDICAL PLZ,SYNTH CITY 41,OH,90987,5552190810,OH901744,OH,True,False
hcp_master,HCP001142,HCP001142,7876095960,24073072216,FG3737404,MICHAEL,COLLINS,R,,MD,207RC0000X,2142 MEDICAL PLZ,SYNTH CITY 42,MI,90994,5556620613,MI777336,MI,True,False
hcp_master,HCP001143,HCP001143,,45168359748,AM2157772,BOBBY,MURRAY,C,,DO,208000000X,2143 MEDICAL PLZ,SYNTH CITY 43,MN,91001,5555360948,MN823493,MN,True,False
hcp_master,HCP001144,HCP001144,4243048616,85772753154,GM7129549,STEVEN,TAPIA,K,,NP,207Q00000X,2144 MEDICAL Plaza STE 26,SYNTH CITY 44,CA,91008,5557590322,CA247090,CA,True,False
hcp_master,HCP001145,HCP001145,2916649694,29438723759,MR3717458,STACY,FIELDS,R,,MD,207RX0202X,2145 MEDICAL PLZ,SYNTH CITY 45,OR,91015,5556069276,OR472786,OR,True,False
hcp_master,HCP001146,HCP001146,6115048855,22574814609,RP7212159,ZACHARY,MUELLER,K,,NP,207R00000X,2146 MEDICAL PLZ,SYNTH CITY 46,WA,91022,5551943378,WA695976,WA,True,False
hcp_master,HCP001147,HCP001147,6179241719,43901173072,MG1683822,GLENDA,NASH,T,,MD,207RR0500X,2147 MEDICAL Plaza,SYNTH CITY 47,AZ,91029,5552172043,AZ684705,AZ,True,False
hcp_master,HCP001148,HCP001148,5269226465,12653936447,FF7042454,MICHAEL,BARRON,C,,PA,207RC0000X,2148 MEDICAL PLZ,SYNTH CITY 48,CO,91036,5553911064,CO678917,CO,True,False
hcp_master,HCP001149,HCP001149,0107273365,77152131307,FM7805438,MICHAEL,SILVA,N,,MD,208000000X,2149 MEDICAL PLZ,SYNTH CITY 49,TX,91043,5551672920,TX455210,TX,True,False
hcp_master,HCP001150,HCP001150,1730067133,75582844950,BM2125057,BRENDA,FLORES,D,,DO,207Q00000X,2150 MEDICAL PLZ,SYNTH CITY 0,FL,91050,5559767735,FL546643,FL,True,False
hcp_master,HCP001151,HCP001151,4119734091,40720950252,RR8593575,JENNIFER,REYNOLDS,S,,PA,207RX0202X,2151 MEDICAL PLZ,SYNTH CITY 1,GA,91057,5552639116,GA846914,GA,True,False
hcp_master,HCP001152,HCP001152,3271217903,90658258669,GB9157774,KENDRA,JOHNSON,J,,MD,207R00000X,2152 MEDICAL PLZ,SYNTH CITY 2,NY,91064,5557167294,NY974820,NY,True,False
hcp_master,HCP001153,HCP001153,4804660684,02488688038,GM4053781,GINA,TORRES,A,,DO,207RR0500X,2153 MEDICAL PLZ,SYNTH CITY 3,NJ,91071,5556090970,NJ456581,NJ,True,False
hcp_master,HCP001154,HCP001154,8499241130,41487229588,GG3666871,CHERYL,PRICE,K,,DO,207RC0000X,2154 MEDICAL PLZ,SYNTH CITY 4,MA,91078,5554745515,MA877903,MA,True,False
hcp_master,HCP001155,HCP001155,1420671558,18615172468,GA2603339,CARLA,WILSON,M,,PA,208000000X,2155 MEDICAL PLZ,SYNTH CITY 5,PA,91085,5552653444,PA904163,PA,True,False
hcp_master,HCP001156,HCP001156,0119720452,09114397236,RB2682464,VICTORIA,MCDANIEL,K,,PA,207Q00000X,2156 MEDICAL Plaza STE 10,SYNTH CITY 6,IL,91092,5559267355,IL646653,IL,True,False
hcp_master,HCP001157,HCP001157,2017114887,93205440442,PR9661305,CRYSTAL,BURGESS,S,III,NP,207RX0202X,2157 MEDICAL PLZ,SYNTH CITY 7,OH,91099,5551918379,OH892374,OH,True,False
hcp_master,HCP001158,HCP001158,5582745613,45646572048,AR4248865,AARON,RYAN,A,,PA,207R00000X,2158 MEDICAL PLZ,SYNTH CITY 0,CA,90000,5558480628,MI971125,MI,True,False
hcp_master,HCP001159,HCP001159,0981420629,40030810165,MF3613149,KEVIN,TRAN,E,,NP,207RR0500X,2159 MEDICAL PLZ,SYNTH CITY 9,MN,91113,5557347821,MN438391,MN,True,False
hcp_master,HCP001160,HCP001160,8310764369,54726622010,MA5176272,CHELSEA,HALL,R,,DO,207RC0000X,2160 MEDICAL PLZ,SYNTH CITY 10,CA,91120,5559530992,CA730953,CA,True,False
hcp_master,HCP001161,HCP001161,4949901159,53878560740,AF3274264,KATHRYN,CLARK,R,,NP,208000000X,2161 MEDICAL PLZ,SYNTH CITY 11,OR,91127,5551713720,OR867947,OR,True,False
hcp_master,HCP001162,HCP001162,9042375003,97822437723,PG5866480,THOMAS,JONES,L,,MD,207Q00000X,2162 MEDICAL Plaza,SYNTH CITY 12,WA,91134,5556410838,WA351816,WA,True,False
hcp_master,HCP001163,HCP001163,3718429152,02684239919,PG2472340,MICHAEL,TRAN,T,SR,DO,207RX0202X,2163 MEDICAL PLZ,SYNTH CITY 13,AZ,91141,5559844125,AZ782718,AZ,True,False
hcp_master,HCP001164,HCP001164,4346362500,83005888348,PG4015553,SCOTT,WALTON,L,,PA,207R00000X,2164 MEDICAL PLZ,SYNTH CITY 14,CO,91148,5551471860,CO973601,CO,True,False
hcp_master,HCP001165,HCP001165,3489069708,92228131905,BF5654286,KELSEY,CLARK,A,,MD,207RR0500X,2165 MEDICAL PLZ,SYNTH CITY 15,TX,91155,5559274855,TX982156,TX,True,False
hcp_master,HCP001166,HCP001166,4292996160,44326928009,AF8330631,MARY,COLON,K,,PA,207RC0000X,2166 MEDICAL PLZ,SYNTH CITY 16,FL,91162,5559818051,FL772629,FL,True,False
hcp_master,HCP001167,HCP001167,,99470791008,BF3314938,ANGELA,CAMERON,G,,NP,208000000X,2167 MEDICAL Plaza,SYNTH CITY 17,GA,91169,5553312143,GA434210,GA,True,False
hcp_master,HCP001168,HCP001168,3968960948,36078436804,FA0575249,ERIN,LEE,J,,PA,207Q00000X,2168 MEDICAL Plaza,SYNTH CITY 18,NY,91176,5554282652,NY662299,NY,True,False
hcp_master,HCP001169,HCP001169,9802462405,14346750032,GM2424306,ANGELA,PERRY,J,,DO,207RX0202X,2169 MEDICAL PLZ,SYNTH CITY 19,NJ,91183,5558982891,NJ275580,NJ,True,False
hcp_master,HCP001170,HCP001170,5406970280,74000805271,RA8100734,LAURA,FISHER,M,,PA,207R00000X,2170 MEDICAL Plaza,SYNTH CITY 20,MA,91190,5551584699,MA368665,MA,True,False
hcp_master,HCP001171,HCP001171,8153937445,60050687626,BR0540175,SHAWN,BALL,C,,MD,207RR0500X,2171 MEDICAL Plaza,SYNTH CITY 21,PA,91197,5554606368,PA694599,PA,True,False
hcp_master,HCP001172,HCP001172,3257161539,17367464624,AF0483480,AUDREY,LYONS,K,,DO,207RC0000X,2172 MEDICAL PLZ,SYNTH CITY 22,IL,91204,5556335051,IL332491,IL,True,False
hcp_master,HCP001173,HCP001173,4275842365,13970946016,BA6281033,WILLIE,RIOS,J,,PA,208000000X,2173 MEDICAL PLZ,SYNTH CITY 23,OH,91211,5557381764,OH479854,OH,True,False
hcp_master,HCP001174,HCP001174,7462596918,28140214669,AF5013855,KIMBERLY,WILSON,F,,NP,207Q00000X,2174 MEDICAL PLZ,SYNTH CITY 24,MI,91218,5553785113,MI748904,MI,True,False
hcp_master,HCP001175,HCP001175,8581888095,35573157088,MR3166921,ANDREW,HALL,J,,MD,207RX0202X,2175 MEDICAL Plaza STE 21,SYNTH CITY 25,MN,91225,5552668026,MN704277,MN,True,False
hcp_master,HCP001176,HCP001176,8306498030,73137427041,MR4987101,LORI,GARRISON,L,,MD,207R00000X,2176 MEDICAL PLZ,SYNTH CITY 26,CA,91232,5557686468,CA976857,CA,True,False
hcp_master,HCP001177,HCP001177,6122954079,16322270999,PF4187190,JOSEPH,HUNT,Z,,NP,207RR0500X,2177 MEDICAL PLZ,SYNTH CITY 27,OR,91239,5559553093,OR895076,OR,True,False
hcp_master,HCP001178,HCP001178,1343432385,42498828704,PG5308722,STEVEN,PRATT,J,,MD,207RC0000X,2178 MEDICAL PLZ,SYNTH CITY 28,WA,91246,5558622544,WA663389,WA,True,False
hcp_master,HCP001179,HCP001179,4419816309,89792111714,PR1101339,CINDY,RIOS,J,,DO,208000000X,2179 MEDICAL Plaza,SYNTH CITY 29,AZ,91253,5554038378,AZ751811,AZ,True,False
hcp_master,HCP001180,HCP001180,1398781645,12598408506,RR8966168,ADAM,WILKERSON,D,,MD,207Q00000X,2180 MEDICAL Plaza STE 7,SYNTH CITY 30,CO,91260,5558724412,CO280941,CO,True,False
hcp_master,HCP001181,HCP001181,9537314483,21459514972,MP2531833,THOMAS,ANDERSON,C,,NP,207RX0202X,2181 MEDICAL Plaza STE 38,SYNTH CITY 31,TX,91267,5557981132,TX975606,TX,True,False
hcp_master,HCP001182,HCP001182,8764674809,85994721437,GA4405989,SCOTT,VALDEZ,V,,MD,207R00000X,2182 MEDICAL Plaza,SYNTH CITY 32,FL,91274,5555905691,FL485698,FL,True,False
hcp_master,HCP001183,HCP001183,8204162886,80441199023,BA5482530,MATTHEW,VALENTINE,A,,NP,207RR0500X,2183 MEDICAL Plaza STE 29,SYNTH CITY 33,GA,91281,5557268617,GA130664,GA,True,False
hcp_master,HCP001184,HCP001184,6148042966,50068718282,GR4650734,BARBARA,DAVIS,M,,NP,207RC0000X,2184 MEDICAL Plaza STE 7,SYNTH CITY 34,NY,91288,5555705591,NY673763,NY,True,False
hcp_master,HCP001185,HCP001185,3195316567,67235390186,RA1888820,ADAM,BAUTISTA,R,,NP,208000000X,2185 MEDICAL PLZ,SYNTH CITY 35,NJ,91295,5557691739,NJ104095,NJ,True,False
hcp_master,HCP001186,HCP001186,8639368579,46460041714,BR8039480,JAMES,REYNOLDS,L,,MD,207Q00000X,2186 MEDICAL PLZ,SYNTH CITY 36,MA,91302,5557609608,MA109237,MA,True,False
hcp_master,HCP001187,HCP001187,0473357008,24363832860,BA7693040,NICOLE,CASTILLO,L,,DO,207RX0202X,2187 MEDICAL PLZ,SYNTH CITY 37,PA,91309,5555623715,PA892206,PA,True,False
hcp_master,HCP001188,HCP001188,6828918089,39508932536,FB2640571,EUGENE,GUERRA,L,,PA,207R00000X,2188 MEDICAL Plaza,SYNTH CITY 38,IL,91316,5558539878,IL413331,IL,True,False
hcp_master,HCP001189,HCP001189,6072652459,00684019702,PM2699830,ROBERT,COLLINS,T,SR,NP,207RR0500X,2189 MEDICAL PLZ,SYNTH CITY 39,OH,91323,5552346324,OH407611,OH,True,True
hcp_master,HCP001190,HCP001190,9630647185,84372092087,BG6832088,ROBERT,WHITEHEAD,G,,PA,207RC0000X,2190 MEDICAL Plaza STE 34,SYNTH CITY 40,MI,91330,5553184703,MI316256,MI,True,False
hcp_master,HCP001191,HCP001191,7848031127,34417758881,AG0011338,JONATHON,CONWAY,R,,PA,208000000X,2191 MEDICAL Plaza STE 9,SYNTH CITY 41,MN,91337,5553461200,MN557411,MN,True,False
hcp_master,HCP001192,HCP001192,0432437180,39678923258,PG4748566,DANIEL,WHITE,C,,NP,207Q00000X,2192 MEDICAL PLZ,SYNTH CITY 42,CA,91344,5559443513,CA473444,CA,True,False
hcp_master,HCP001193,HCP001193,5306570966,95563273040,GM9636579,WYATT,SMITH,C,,PA,207RX0202X,2193 MEDICAL PLZ,SYNTH CITY 43,OR,91351,5554631050,OR395507,OR,True,False
hcp_master,HCP001194,HCP001194,4526511058,69963868294,RF8621130,NICHOLAS,BUSH,M,,NP,207R00000X,2194 MEDICAL Plaza,SYNTH CITY 44,WA,91358,5558203601,WA940154,WA,True,False
hcp_master,HCP001195,HCP001195,5761843511,56017615070,PB2983113,JOSHUA,MERCADO,G,,PA,207RR0500X,2195 MEDICAL PLZ,SYNTH CITY 45,AZ,91365,5553342504,AZ824437,AZ,True,True
hcp_master,HCP001196,HCP001196,9389992519,05398456994,FM2123671,PETER,SANTOS,C,,PA,207RC0000X,2196 MEDICAL PLZ,SYNTH CITY 46,CO,91372,5555754356,CO334119,CO,True,False
hcp_master,HCP001197,HCP001197,5471977467,74326569832,BG8294721,JESSE,HEBERT,N,,DO,208000000X,2197 MEDICAL PLZ,SYNTH CITY 47,TX,91379,5556849966,TX464670,TX,True,False
hcp_master,HCP001198,HCP001198,6421972517,84145330518,PM2696798,CHARLES,THOMAS,I,,PA,207Q00000X,2198 MEDICAL Plaza,SYNTH CITY 48,FL,91386,5553051069,FL747013,FL,True,False
hcp_master,HCP001199,HCP001199,4602561464,36525113210,GA7061614,CHRISTIAN,THOMAS,M,,MD,207RX0202X,2199 MEDICAL PLZ,SYNTH CITY 49,GA,91393,5556768461,GA674001,GA,False,False
hcp_master,HCP001200,HCP001200,4332184520,70888460519,RB5574833,ROBERT,ALLEN,A,,MD,207R00000X,2200 MEDICAL Plaza,SYNTH CITY 0,CA,90000,5553514409,CA685290,CA,True,False
hcp_master,HCP001201,HCP001201,8769840645,79520710123,FB7823897,DAVID,BENNETT,G,,NP,207RR0500X,2201 MEDICAL Plaza,SYNTH CITY 1,OR,90007,5551268185,OR709425,OR,True,False
hcp_master,HCP001202,HCP001202,6450890119,28335823344,RB4257942,AARON,COX,J,,MD,207RC0000X,2202 MEDICAL Plaza STE 35,SYNTH CITY 2,WA,90014,5558977773,WA962225,WA,True,False
hcp_master,HCP001203,HCP001203,5753454813,28893919208,GF2461978,VANESSA,MOLINA,P,,PA,208000000X,2203 MEDICAL PLZ,SYNTH CITY 3,AZ,90021,5556126928,AZ429146,AZ,True,False
hcp_master,HCP001204,HCP001204,5031844371,92663899911,MP4121115,JENNIFER,THOMPSON,B,,NP,207Q00000X,2204 MEDICAL PLZ,SYNTH CITY 4,CO,90028,5551877559,CO701148,CO,True,True
hcp_master,HCP001205,HCP001205,2817212931,48968191184,BA2809727,MICHAEL,LEE,J,,NP,207RX0202X,2205 MEDICAL PLZ,SYNTH CITY 5,TX,90035,5558923757,TX106583,TX,True,False
hcp_master,HCP001206,HCP001206,7780253960,44746454531,BF3442325,CARRIE,LOPEZ,H,,DO,207R00000X,2206 MEDICAL Plaza,SYNTH CITY 6,FL,90042,5555362717,FL996528,FL,True,False
hcp_master,HCP001207,HCP001207,,29060754735,PG0954002,STEVEN,LOWE,G,,DO,207RR0500X,2207 MEDICAL PLZ,SYNTH CITY 7,GA,90049,5554526493,GA779263,GA,True,False
hcp_master,HCP001208,HCP001208,8192566585,17559586074,GF1720472,REBECCA,FORBES,C,,PA,207RC0000X,2208 MEDICAL PLZ,SYNTH CITY 37,NJ,90959,5559263771,NY232426,NY,True,False
hcp_master,HCP001209,HCP001209,1479022802,90253047254,BA8958395,PETER,SHERMAN,E,,PA,208000000X,2209 MEDICAL PLZ,SYNTH CITY 9,NJ,90063,5558625433,NJ602922,NJ,True,False
hcp_master,HCP001210,HCP001210,9687659273,36941114026,MM6092084,PAMELA,HANSON,R,,NP,207Q00000X,2210 MEDICAL Plaza,SYNTH CITY 10,MA,90070,5551123909,MA574694,MA,True,False
hcp_master,HCP001211,HCP001211,1738672538,30220941631,GM6267699,JOHNATHAN,MCCARTY,D,,DO,207RX0202X,2211 MEDICAL Plaza STE 21,SYNTH CITY 11,PA,90077,5552560544,PA540831,PA,True,False
hcp_master,HCP001212,HCP001212,9599990055,63956271886,RR0213510,LISA,HUYNH,K,,DO,207R00000X,2212 MEDICAL PLZ,SYNTH CITY 12,IL,90084,5556326222,IL747536,IL,True,False
hcp_master,HCP001213,HCP001213,4131890228,92048842045,AR7333870,MATTHEW,WILSON,M,,DO,207RR0500X,2213 MEDICAL PLZ,SYNTH CITY 13,OH,90091,5555566343,OH832414,OH,True,False
hcp_master,HCP001214,HCP001214,7840342845,64994704448,MG4622536,TANYA,COLLIER,L,,NP,207RC0000X,2214 MEDICAL PLZ,SYNTH CITY 14,MI,90098,5558140776,MI354991,MI,True,False
hcp_master,HCP001215,HCP001215,2275672295,31982775920,PF1948838,JESSE,SMITH,S,,DO,208000000X,2215 MEDICAL Plaza,SYNTH CITY 15,MN,90105,5552714105,MN106968,MN,True,False
hcp_master,HCP001216,HCP001216,3788029627,28946625088,BM0067839,ROBT,SMITH,T,,DO,207Q00000X,2216 MEDICAL PLZ,SYNTH CITY 16,CA,90112,5554335016,CA761370,CA,True,False
hcp_master,HCP001217,HCP001217,8241521292,86868243713,MA2726443,MATTHEW,HENSLEY,C,,PA,207RX0202X,2217 MEDICAL PLZ,SYNTH CITY 17,OR,90119,5554830230,OR812415,OR,True,False
hcp_master,HCP001218,HCP001218,4956078594,26645360590,GM0012816,REBECCA,HUDSON,C,,DO,207R00000X,2218 MEDICAL Plaza,SYNTH CITY 18,WA,90126,5551717314,WA872444,WA,True,False
hcp_master,HCP001219,HCP001219,6817997623,70407667766,BP4143158,DANIEL,KERR,B,,MD,207RR0500X,2219 MEDICAL PLZ,SYNTH CITY 19,AZ,90133,5553155408,AZ721812,AZ,True,False
hcp_master,HCP001220,HCP001220,2165729114,77542758420,BP2529987,PATRICK,MONTOYA,C,SR,DO,207RC0000X,2220 MEDICAL PLZ,SYNTH CITY 20,CO,90140,5552170866,CO776725,CO,True,False
hcp_master,HCP001221,HCP001221,5003807208,05953802109,BA9924647,CASSANDRA,RICHARDSON,S,,NP,208000000X,2221 MEDICAL PLZ,SYNTH CITY 21,TX,90147,5556585517,TX109393,TX,True,False
hcp_master,HCP001222,HCP001222,0306008299,43276038422,BR3208377,DANA,HAYES,J,,MD,207Q00000X,2222 MEDICAL Plaza,SYNTH CITY 22,FL,90154,5557064410,FL701180,FL,True,False
hcp_master,HCP001223,HCP001223,2057148308,02762090941,FF1464691,LAUREN,ROSALES,M,,MD,207RX0202X,2223 MEDICAL PLZ,SYNTH CITY 23,GA,90161,5554541636,GA428481,GA,False,False
hcp_master,HCP001224,HCP001224,9194473598,35964961037,FB9103154,NICOLE,HERNANDEZ,B,,DO,207R00000X,2224 MEDICAL PLZ,SYNTH CITY 24,NY,90168,5557281331,NY716346,NY,True,False
hcp_master,HCP001225,HCP001225,3545801458,02406555666,BM1091139,KELLIE,HUFFMAN,L,,MD,207RR0500X,2225 MEDICAL PLZ,SYNTH CITY 25,NJ,90175,5558495528,NJ666389,NJ,True,False
hcp_master,HCP001226,HCP001226,3473794204,60842397578,MF0127019,NICHOLAS,KERR,R,,PA,207RC0000X,2226 MEDICAL PLZ,SYNTH CITY 26,MA,90182,5555537207,MA970472,MA,True,False
hcp_master,HCP001227,HCP001227,1981667573,49863223953,RF7639690,SHAWN,JENNINGS,J,,NP,208000000X,2227 MEDICAL PLZ,SYNTH CITY 37,TX,90259,5552093496,PA855634,PA,True,False
hcp_master,HCP001228,HCP001228,5091112461,94816410201,GP5703605,LISA,BLANKENSHIP,K,,MD,207Q00000X,2228 MEDICAL PLZ,SYNTH CITY 28,IL,90196,5551813355,IL987790,IL,True,False
hcp_master,HCP001229,HCP001229,0621042486,81401367627,RM7878231,HOLLY,GARCIA,P,,MD,207RX0202X,2229 MEDICAL PLZ,SYNTH CITY 29,OH,90203,5557417358,OH299481,OH,True,False
hcp_master,HCP001230,HCP001230,3941557423,03120392968,MR5809017,RAYMOND,RICHARDS,J,,DO,207R00000X,2230 MEDICAL PLZ,SYNTH CITY 30,MI,90210,5555315173,MI561344,MI,True,False
hcp_master,HCP001231,HCP001231,1302378595,31484961439,FG6958182,CHERYL,TERRY,L,,PA,207RR0500X,2231 MEDICAL PLZ,SYNTH CITY 31,MN,90217,5555794008,MN183387,MN,True,False
hcp_master,HCP001232,HCP001232,4200375143,52025886399,FA4461534,ASHLEY,SMITH JR,J,JR,PA,207RC0000X,2232 MEDICAL PLZ,SYNTH CITY 32,CA,90224,5559285869,CA741531,CA,False,False
hcp_master,HCP001233,HCP001233,6662364028,34515282343,MP9826380,TONY,COHEN,J,,NP,208000000X,2233 MEDICAL PLZ,SYNTH CITY 33,OR,90231,5554303398,OR707569,OR,True,False
hcp_master,HCP001234,HCP001234,9983801793,17841257546,RP1132795,TOM,KNOX,L,,NP,207Q00000X,2234 MEDICAL PLZ,SYNTH CITY 34,WA,90238,5553643621,WA731448,WA,True,False
hcp_master,HCP001235,HCP001235,7861567866,20912346371,RP5077624,VALERIE,CARNEY,C,,DO,207RX0202X,2235 MEDICAL Plaza,SYNTH CITY 35,AZ,90245,5559171851,AZ460605,AZ,True,False
hcp_master,HCP001236,HCP001236,4218559316,19559370600,FF7896164,DAVID,ALLEN,B,,PA,207R00000X,2236 MEDICAL Plaza STE 22,SYNTH CITY 36,CO,90252,5559679106,CO442272,CO,True,False
hcp_master,HCP001237,HCP001237,5213670495,90654794646,RP2855143,PETER,DELEON,D,,MD,207RR0500X,2237 MEDICAL Plaza STE 11,SYNTH CITY 37,TX,90259,5557705399,TX744803,TX,True,False
hcp_master,HCP001238,HCP001238,6126522856,63057486552,RA0705161,ERIKA,CARRILLO,C,,DO,207RC0000X,2238 MEDICAL PLZ,SYNTH CITY 38,FL,90266,5551560448,FL280120,FL,True,False
hcp_master,HCP001239,HCP001239,0873479519,02588179777,GM5937049,KEVIN,LEWIS,M,,NP,208000000X,2239 MEDICAL PLZ,SYNTH CITY 39,GA,90273,5551958001,GA221372,GA,True,False
hcp_master,HCP001240,HCP001240,1157600598,13893705688,AF0019277,CINDY,SOSA,A,,PA,207Q00000X,2240 MEDICAL PLZ,SYNTH CITY 40,NY,90280,5558087881,NY483439,NY,True,False
hcp_master,HCP001241,HCP001241,7432714492,67774539252,FR1883307,LEE,COOK,K,,DO,207RX0202X,2241 MEDICAL PLZ,SYNTH CITY 41,NJ,90287,5557179473,NJ458835,NJ,True,False
hcp_master,HCP001242,HCP001242,3765334156,60027802009,FP6472435,MICHAEL,KERR,L,,PA,207R00000X,2242 MEDICAL PLZ,SYNTH CITY 42,MA,90294,5559046379,MA900316,MA,True,False
hcp_master,HCP001243,HCP001243,6146801835,89801862389,RG7092909,BROOKE,ALLEN,R,,NP,207RR0500X,2243 MEDICAL PLZ,SYNTH CITY 43,PA,90301,5559557604,PA517308,PA,True,False
hcp_master,HCP001244,HCP001244,1617962000,30414592389,FF7776120,MOLLY,WONG,A,,MD,207RC0000X,2244 MEDICAL Plaza,SYNTH CITY 44,IL,90308,5554787512,IL730765,IL,True,False
hcp_master,HCP001245,HCP001245,1905287037,41503264483,PR1706228,RACHAEL,MASON,M,,PA,208000000X,2245 MEDICAL PLZ,SYNTH CITY 45,OH,90315,5552841784,OH826211,OH,True,False
hcp_master,HCP001246,HCP001246,3067422642,42871925146,AB7997912,MARK,JOHNSON,B,,PA,207Q00000X,2246 MEDICAL Plaza STE 10,SYNTH CITY 46,MI,90322,5551145916,MI433240,MI,True,False
hcp_master,HCP001247,HCP001247,6361499828,44417227787,AF4344696,KENNETH,YOUNG,J,,NP,207RX0202X,2247 MEDICAL PLZ,SYNTH CITY 47,MN,90329,5556201127,MN346050,MN,True,False
hcp_master,HCP001248,HCP001248,1155237757,60071702929,BM6627383,LEE,BARNES,L,,PA,207R00000X,2248 MEDICAL Plaza,SYNTH CITY 48,CA,90336,5554806077,CA514088,CA,True,False
hcp_master,HCP001249,HCP001249,3886984442,37263305025,MF2833032,BRENDA,ESPINOZA,H,,MD,207RR0500X,2249 MEDICAL Plaza,SYNTH CITY 49,OR,90343,5555270049,OR761775,OR,True,False
hcp_master,HCP001250,HCP001250,6284876862,67828511786,MR9818577,ASHLEY,JOHNSON,A,,MD,207RC0000X,2250 MEDICAL Plaza,SYNTH CITY 0,WA,90350,5554126789,WA868057,WA,True,False
hcp_master,HCP001251,HCP001251,2390658401,80855976849,PR5649615,LISA,BAILEY,T,,NP,208000000X,2251 MEDICAL PLZ,SYNTH CITY 1,AZ,90357,5552380661,AZ822372,AZ,True,False
hcp_master,HCP001252,HCP001252,4495458463,04729162075,MR5843338,THOMAS,WAGNER,K,,DO,207Q00000X,2252 MEDICAL PLZ,SYNTH CITY 2,CO,90364,5552039116,CO787993,CO,True,False
hcp_master,HCP001253,HCP001253,2413353675,52728436656,BP6298175,SABRINA,LEWIS,D,,MD,207RX0202X,2253 MEDICAL PLZ,SYNTH CITY 3,TX,90371,5551594088,TX296574,TX,True,False
hcp_master,HCP001254,HCP001254,8837096709,21062920875,PP1496615,JIM,SMITH,J,,MD,207R00000X,2254 MEDICAL PLZ,SYNTH CITY 4,FL,90378,5556162441,FL359297,FL,True,False
hcp_master,HCP001255,HCP001255,0791402510,02297170727,GP3598591,CAROL,RUIZ,C,,DO,207RR0500X,2255 MEDICAL PLZ,SYNTH CITY 5,GA,90385,5554651867,GA450051,GA,True,False
hcp_master,HCP001256,HCP001256,6850314942,50624929803,RG7907959,DIANA,WILLIAMS,L,,MD,207RC0000X,2256 MEDICAL Plaza STE 21,SYNTH CITY 6,NY,90392,5558699464,NY809495,NY,True,False
hcp_master,HCP001257,HCP001257,3854386786,41549086020,RM6541712,LAUREN,CAMACHO,R,,PA,208000000X,2257 MEDICAL PLZ,SYNTH CITY 7,NJ,90399,5555379242,NJ178643,NJ,True,False
hcp_master,HCP001258,HCP001258,5273073465,79965460425,RG5436281,DOUGLAS,COOPER,W,,MD,207Q00000X,2258 MEDICAL Plaza STE 24,SYNTH CITY 8,MA,90406,5554400172,MA471138,MA,True,False
hcp_master,HCP001259,HCP001259,9518162117,68937515062,AM3400954,KATHRYN,LAWRENCE,K,,MD,207RX0202X,2259 MEDICAL PLZ,SYNTH CITY 9,PA,90413,5556900281,PA928742,PA,True,False
hcp_master,HCP001260,HCP001260,3262450109,17811733504,FP7264472,BRUCE,BROWN,B,,NP,207R00000X,2260 MEDICAL Plaza,SYNTH CITY 10,IL,90420,5559417979,IL443449,IL,True,False
hcp_master,HCP001261,HCP001261,3910241660,96906311104,PG1718302,HEIDI,MATHIS,M,,DO,207RR0500X,2261 MEDICAL PLZ,SYNTH CITY 11,OH,90427,5553086110,OH989780,OH,True,False
hcp_master,HCP001262,HCP001262,4641480916,23856812970,BF0563249,JASON,MYERS,A,,NP,207RC0000X,2262 MEDICAL PLZ,SYNTH CITY 12,MI,90434,5551538699,MI194528,MI,True,False
hcp_master,HCP001263,HCP001263,1003782251,88266042047,GA8035971,JESSICA,RICHARDSON,V,,MD,208000000X,2263 MEDICAL Plaza,SYNTH CITY 13,MN,90441,5555800898,MN913868,MN,True,False
hcp_master,HCP001264,HCP001264,6565092650,09959887978,AF4944765,ANNE,PHELPS,T,,NP,207Q00000X,2264 MEDICAL Plaza,SYNTH CITY 14,CA,90448,5551434755,CA960804,CA,True,False
hcp_master,HCP001265,HCP001265,5760479886,13248889098,PA7602713,RANDY,SIMMONS,L,,DO,207RX0202X,2265 MEDICAL PLZ,SYNTH CITY 15,OR,90455,5558661177,OR110125,OR,True,False
hcp_master,HCP001266,HCP001266,9666687071,60280927206,PA2393090,WILLIAM,SIMPSON,G,,DO,207R00000X,2266 MEDICAL PLZ,SYNTH CITY 16,WA,90462,5552224378,WA777841,WA,True,False
hcp_master,HCP001267,HCP001267,6089451879,15634710442,FA7726233,JOSHUA,GIBBS,E,,NP,207RR0500X,2267 MEDICAL Plaza,SYNTH CITY 17,AZ,90469,5559346134,AZ288889,AZ,True,False
hcp_master,HCP001268,HCP001268,6855387760,25132254483,AP2962599,CASSIE,KANE,M,JR,PA,207RC0000X,2268 MEDICAL PLZ,SYNTH CITY 18,CO,90476,5557529408,CO694952,CO,True,False
hcp_master,HCP001269,HCP001269,2370176101,28822842748,RP9550119,MARY,RASMUSSEN,D,,DO,208000000X,2269 MEDICAL PLZ,SYNTH CITY 19,TX,90483,5554259706,TX788471,TX,True,False
hcp_master,HCP001270,HCP001270,3730792801,36989639089,AM8692680,PAULA,CISNEROS,S,,NP,207Q00000X,2270 MEDICAL PLZ,SYNTH CITY 20,FL,90490,5557670817,FL834391,FL,True,False
hcp_master,HCP001271,HCP001271,5646698519,39591757353,MB6470163,JARED,HUNT,I,,DO,207RX0202X,2271 MEDICAL Plaza,SYNTH CITY 21,GA,90497,5555737256,GA182684,GA,True,False
hcp_master,HCP001272,HCP001272,6868025316,76646812176,MM5816827,RYAN,STEVENS,H,,MD,207R00000X,2272 MEDICAL Plaza STE 10,SYNTH CITY 22,NY,90504,5554341450,NY999834,NY,True,False
hcp_master,HCP001273,HCP001273,0825726512,23434909796,RA7790550,CRAIG,MORRIS,R,,NP,207RR0500X,2273 MEDICAL Plaza,SYNTH CITY 23,NJ,90511,5557726652,NJ714073,NJ,True,False
hcp_master,HCP001274,HCP001274,3433915402,24537389618,PG3767689,JOSHUA,GROSS,M,,PA,207RC0000X,2274 MEDICAL PLZ,SYNTH CITY 24,MA,90518,5555255692,MA844080,MA,True,False
hcp_master,HCP001275,HCP001275,6081256052,14611952687,FM8279380,JENNIFER,GRAHAM,T,SR,NP,208000000X,2275 MEDICAL Plaza,SYNTH CITY 25,PA,90525,5554413301,PA575836,PA,True,False
hcp_master,HCP001276,HCP001276,8090771006,92806457202,PM9810014,ASHLEY,LOPEZ,A,,DO,207Q00000X,2276 MEDICAL Plaza,SYNTH CITY 26,IL,90532,5558855237,IL763147,IL,True,False
hcp_master,HCP001277,HCP001277,0227624927,62282742378,AR2622879,TRISTAN,NEAL,R,,MD,207RX0202X,2277 MEDICAL Plaza STE 37,SYNTH CITY 27,OH,90539,5555155133,OH527192,OH,True,False
hcp_master,HCP001278,HCP001278,4304232539,75387557771,BF5383563,LAURIE,HOOD,S,,NP,207R00000X,2278 MEDICAL Plaza,SYNTH CITY 28,MI,90546,5555826720,MI973778,MI,True,False
hcp_master,HCP001279,HCP001279,5748572158,88659720211,GR6427504,BRIAN,EVANS,S,JR,MD,207RR0500X,2279 MEDICAL Plaza,SYNTH CITY 29,MN,90553,5552521046,MN834070,MN,True,False
hcp_master,HCP001280,HCP001280,1792405908,95415900826,MG4621901,ANN,TORRES,C,,DO,207RC0000X,2280 MEDICAL Plaza,SYNTH CITY 30,CA,90560,5554302063,CA204295,CA,True,False
hcp_master,HCP001281,HCP001281,0456260997,75903091019,GA3482174,SARAH,MORENO,T,,DO,208000000X,2281 MEDICAL PLZ,SYNTH CITY 31,OR,90567,5552805074,OR307730,OR,True,True
hcp_master,HCP001282,HCP001282,8903537181,42463496030,RP4271781,STEVEN,FISHER,M,,NP,207Q00000X,2282 MEDICAL PLZ,SYNTH CITY 32,WA,90574,5551071646,WA707341,WA,True,False
hcp_master,HCP001283,HCP001283,9793552982,91586778937,BM0015955,JAMES,WHITE,S,,NP,207RX0202X,2283 MEDICAL PLZ,SYNTH CITY 33,AZ,90581,5554685050,AZ764101,AZ,True,False
hcp_master,HCP001284,HCP001284,8337967482,48781291763,AA8171316,DEBORAH,COOKE,E,,MD,207R00000X,2284 MEDICAL PLZ,SYNTH CITY 34,CO,90588,5556926139,CO767723,CO,True,False
hcp_master,HCP001285,HCP001285,3618827687,83418251262,GG6240517,SHARON,MEDINA,D,,PA,207RR0500X,2285 MEDICAL Plaza STE 27,SYNTH CITY 35,TX,90595,5558857393,TX453149,TX,True,False
hcp_master,HCP001286,HCP001286,7474848257,60921807372,MR5563560,BENJAMIN,SANCHEZ,M,,DO,207RC0000X,2286 MEDICAL PLZ,SYNTH CITY 36,FL,90602,5554550673,FL523714,FL,True,False
hcp_master,HCP001287,HCP001287,6802163793,34333444264,BP8359323,ZACHARY,EDWARDS,K,,DO,208000000X,2287 MEDICAL Plaza,SYNTH CITY 37,GA,90609,5555889379,GA348839,GA,True,False
hcp_master,HCP001288,HCP001288,1395653730,71717256389,BP6283271,JAMES,FISHER,D,,PA,207Q00000X,2288 MEDICAL PLZ,SYNTH CITY 38,NY,90616,5558912796,NY711463,NY,True,False
hcp_master,HCP001289,HCP001289,5650010718,28012021319,PM5691514,MELANIE,PETERSEN,P,,PA,207RX0202X,2289 MEDICAL Plaza,SYNTH CITY 39,NJ,90623,5558286858,NJ186326,NJ,True,False
hcp_master,HCP001290,HCP001290,7582687340,41627743902,MR4729571,RANDY,MORAN,P,,DO,207R00000X,2290 MEDICAL Plaza,SYNTH CITY 41,PA,90637,5558464594,MA964393,MA,True,False
hcp_master,HCP001291,HCP001291,3266684720,67645734220,AB7607799,GREGORY,PHELPS,C,,MD,207RR0500X,2291 MEDICAL Plaza,SYNTH CITY 41,PA,90637,5556376777,PA315473,PA,True,False
hcp_master,HCP001292,HCP001292,2923462263,23007512688,BP4251445,ALLEN,STEELE,J,,MD,207RC0000X,2292 MEDICAL PLZ,SYNTH CITY 42,IL,90644,5556119391,IL985142,IL,True,False
hcp_master,HCP001293,HCP001293,9268691604,53188120682,GM4777743,STEPHANIE,WALKER,T,,NP,208000000X,2293 MEDICAL PLZ,SYNTH CITY 43,OH,90651,5557482814,OH129165,OH,True,False
hcp_master,HCP001294,HCP001294,6691061124,71870244148,BA3421071,PATRICIA,PACE,M,,DO,207Q00000X,2294 MEDICAL PLZ,SYNTH CITY 44,MI,90658,5552531293,MI122424,MI,True,False
hcp_master,HCP001295,HCP001295,0590894495,69238579617,MB1914988,JENNIFER,BARNETT,J,,NP,207RX0202X,2295 MEDICAL PLZ,SYNTH CITY 45,MN,90665,5556123851,MN907503,MN,True,False
hcp_master,HCP001296,HCP001296,,75895142604,GF6528416,JESSICA,TORRES,K,,PA,207R00000X,2296 MEDICAL Plaza,SYNTH CITY 46,CA,90672,5559469739,CA666353,CA,True,False
hcp_master,HCP001297,HCP001297,6399938607,53803512658,PA3890728,STACY,CROSS,T,,MD,207RR0500X,2297 MEDICAL PLZ,SYNTH CITY 47,OR,90679,5557909608,OR947684,OR,True,False
hcp_master,HCP001298,HCP001298,,67269746967,RF3336496,STEPHEN,MITCHELL,C,,NP,207RC0000X,2298 MEDICAL Plaza,SYNTH CITY 48,WA,90686,5559696544,WA129255,WA,True,False
hcp_master,HCP001299,HCP001299,9652870285,71865654148,AF8508041,STEVEN,DAY,J,,DO,208000000X,2299 MEDICAL Plaza,SYNTH CITY 49,AZ,90693,5556096933,AZ888099,AZ,True,False
hcp_master,HCP001300,HCP001300,8264241570,50369952835,BF4781590,JOSHUA,STEWART,Y,,NP,207Q00000X,2300 MEDICAL Plaza,SYNTH CITY 0,CO,90700,5554792223,CO701348,CO,True,False
hcp_master,HCP001301,HCP001301,2296361100,55165920411,BM4819458,PARKER,HESTER,V,,MD,207RX0202X,2301 MEDICAL Plaza STE 8,SYNTH CITY 1,TX,90707,5551627952,TX924921,TX,True,False
hcp_master,HCP001302,HCP001302,9072305110,98457376793,AG3015935,WILLIAM,THOMAS,D,,PA,207R00000X,2302 MEDICAL Plaza STE 38,SYNTH CITY 2,FL,90714,5552705871,FL650952,FL,True,False
hcp_master,HCP001303,HCP001303,5376099615,54618523612,RR3542218,ADRIAN,HOWELL,P,,NP,207RR0500X,2303 MEDICAL PLZ,SYNTH CITY 3,GA,90721,5559606076,GA214891,GA,True,False
hcp_master,HCP001304,HCP001304,8451850092,00873123754,AA2248435,JASON,BAKER,K,,MD,207RC0000X,2304 MEDICAL Plaza,SYNTH CITY 4,NY,90728,5559576227,NY417692,NY,True,False
hcp_master,HCP001305,HCP001305,4203501372,00321456969,RP3008837,JERRY,CARROLL,J,SR,MD,208000000X,2305 MEDICAL PLZ,SYNTH CITY 5,NJ,90735,5555289723,NJ217690,NJ,True,False
hcp_master,HCP001306,HCP001306,0299954798,11800354264,AP3637220,JESSE,VILLARREAL,A,,PA,207Q00000X,2306 MEDICAL PLZ,SYNTH CITY 6,MA,90742,5551623718,MA646858,MA,True,False
hcp_master,HCP001307,HCP001307,0687080800,20033243523,RP7383773,DANIEL,GIBSON,M,,DO,207RX0202X,2307 MEDICAL PLZ,SYNTH CITY 7,PA,90749,5556992535,PA576801,PA,True,False
hcp_master,HCP001308,HCP001308,5742544948,25213250998,BP0772491,PHILIP,MIRANDA,R,,NP,207R00000X,2308 MEDICAL PLZ,SYNTH CITY 8,IL,90756,5559552721,IL713583,IL,True,False
hcp_master,HCP001309,HCP001309,2752015273,50073823524,AA8212447,KRISTEN,DAVID,M,,PA,207RR0500X,2309 MEDICAL PLZ,SYNTH CITY 18,NY,91176,5552423679,OH211402,OH,True,True
hcp_master,HCP001310,HCP001310,8326661054,41275254267,AA9205399,JIMMY,MCGRATH,W,,MD,207RC0000X,2310 MEDICAL PLZ,SYNTH CITY 10,MI,90770,5551030300,MI402474,MI,True,False
hcp_master,HCP001311,HCP001311,7469868179,94606286306,GM0479327,BRIANNA,FISHER,J,,MD,208000000X,2311 MEDICAL PLZ,SYNTH CITY 19,AZ,90133,5552712399,MN932916,MN,True,False
hcp_master,HCP001312,HCP001312,2486084637,00789265573,BG6430504,ERICA,SAMPSON,P,,NP,207Q00000X,2312 MEDICAL PLZ,SYNTH CITY 45,OH,90315,5553204016,CA349689,CA,True,False
hcp_master,HCP001313,HCP001313,3707080891,76608742691,RG7116236,AARON,RODRIGUEZ,C,,MD,207RX0202X,2313 MEDICAL Plaza,SYNTH CITY 13,OR,90791,5557312753,OR417437,OR,True,False
hcp_master,HCP001314,HCP001314,1172523668,52146029182,GP9620757,VICTORIA,EVANS,J,,NP,207R00000X,2314 MEDICAL Plaza,SYNTH CITY 14,WA,90798,5556625508,WA716585,WA,True,False
hcp_master,HCP001315,HCP001315,1887405003,74758330201,RG6365975,NICOLAS,LEWIS,D,,PA,207RR0500X,2315 MEDICAL PLZ,SYNTH CITY 15,AZ,90805,5558659548,AZ570734,AZ,True,False
hcp_master,HCP001316,HCP001316,1444258705,57734174379,RA8513226,CHRISTINE,ANDRADE,M,,PA,207RC0000X,2316 MEDICAL Plaza,SYNTH CITY 16,CO,90812,5558420506,CO107864,CO,True,False
hcp_master,HCP001317,HCP001317,1864940055,33901272276,MM6557332,JAMES,WALTON,R,JR,MD,208000000X,2317 MEDICAL PLZ,SYNTH CITY 17,TX,90819,5552978933,TX436226,TX,True,False
hcp_master,HCP001318,HCP001318,3716769658,69997223527,AR4344533,JOSEPH,MILLER,J,,DO,207Q00000X,2318 MEDICAL PLZ,SYNTH CITY 18,FL,90826,5551269205,FL476845,FL,True,False
hcp_master,HCP001319,HCP001319,6735036496,70591906922,PF6165574,JARED,JONES,C,,NP,207RX0202X,2319 MEDICAL PLZ,SYNTH CITY 19,GA,90833,5553579130,GA600343,GA,True,False
hcp_master,HCP001320,HCP001320,5428268119,92652252562,MR5174707,JILL,STEWART,K,,NP,207R00000X,2320 MEDICAL PLZ,SYNTH CITY 20,NY,90840,5556040832,NY522956,NY,True,False
hcp_master,HCP001321,HCP001321,3948437710,04444958446,BR9113108,GRANT,CISNEROS,A,,MD,207RR0500X,2321 MEDICAL Plaza,SYNTH CITY 21,NJ,90847,5551356010,NJ459050,NJ,True,False
hcp_master,HCP001322,HCP001322,0245494758,48872477607,GA5797266,AMANDA,FOSTER,J,,MD,207RC0000X,2322 MEDICAL PLZ,SYNTH CITY 22,MA,90854,5557645389,MA775092,MA,True,False
hcp_master,HCP001323,HCP001323,3482675774,57382115266,FB9832864,SUSAN,MYERS,A,,NP,208000000X,2323 MEDICAL PLZ,SYNTH CITY 23,PA,90861,5556005772,PA996896,PA,True,False
hcp_master,HCP001324,HCP001324,6255513452,34611093661,BP7534710,DONALD,HODGES,J,,DO,207Q00000X,2324 MEDICAL Plaza,SYNTH CITY 24,IL,90868,5558230194,IL517431,IL,True,False
hcp_master,HCP001325,HCP001325,3999477714,95420923462,BF3035439,PHILLIP,NICHOLS,M,,DO,207RX0202X,2325 MEDICAL Plaza,SYNTH CITY 25,OH,90875,5553490994,OH686965,OH,True,False
hcp_master,HCP001326,HCP001326,4698109814,81835206041,RG1961357,MATTHEW,KELLY,G,III,DO,207R00000X,2326 MEDICAL PLZ,SYNTH CITY 26,MI,90882,5553719236,MI142283,MI,True,False
hcp_master,HCP001327,HCP001327,2940531660,44901796328,MF4180911,TREVOR,SMITH,R,,MD,207RR0500X,2327 MEDICAL PLZ,SYNTH CITY 27,MN,90889,5558190588,MN332220,MN,True,False
hcp_master,HCP001328,HCP001328,7484368817,87138175760,AF9972972,SUSAN,OCONNOR,K,,DO,207RC0000X,2328 MEDICAL PLZ,SYNTH CITY 28,CA,90896,5556789759,CA316098,CA,True,False
hcp_master,HCP001329,HCP001329,2269121853,07050265468,BR1994042,BARBARA,NGUYEN,K,,MD,208000000X,2329 MEDICAL PLZ,SYNTH CITY 29,OR,90903,5558796392,OR902784,OR,True,False
hcp_master,HCP001330,HCP001330,5079103888,18892624957,GA1633080,CARRIE,WILSON,M,,PA,207Q00000X,2330 MEDICAL PLZ,SYNTH CITY 30,WA,90910,5551615120,WA699512,WA,True,False
hcp_master,HCP001331,HCP001331,6448425804,27025832952,RA7959651,DAVID,LAM,K,,NP,207RX0202X,2331 MEDICAL PLZ,SYNTH CITY 31,AZ,90917,5552881911,AZ650732,AZ,True,False
hcp_master,HCP001332,HCP001332,0713842330,56248394373,FF5037352,MEGAN,BURNS,M,,PA,207R00000X,2332 MEDICAL PLZ,SYNTH CITY 32,CO,90924,5554652753,CO784692,CO,True,False
hcp_master,HCP001333,HCP001333,9994383765,94495536028,BR8397841,MELISSA,HODGE,F,,MD,207RR0500X,2333 MEDICAL Plaza STE 26,SYNTH CITY 33,TX,90931,5558388056,TX117304,TX,True,False
hcp_master,HCP001334,HCP001334,5642738319,96422182016,GF9381510,NATASHA,PEREZ,M,,NP,207RC0000X,2334 MEDICAL Plaza STE 3,SYNTH CITY 34,FL,90938,5553436158,FL506027,FL,True,False
hcp_master,HCP001335,HCP001335,7820857838,31500706419,BM1518400,STEPHEN,THOMAS,D,,DO,208000000X,2335 MEDICAL Plaza,SYNTH CITY 35,GA,90945,5558173707,GA644835,GA,True,False
hcp_master,HCP001336,HCP001336,7102193258,96898270376,PP0561246,SCOTT,KIRK,T,,PA,207Q00000X,2336 MEDICAL Plaza STE 31,SYNTH CITY 36,NY,90952,5554532263,NY300468,NY,True,False
hcp_master,HCP001337,HCP001337,2386577375,11021590200,AM9761859,MARIA,BRIDGES,B,,DO,207RX0202X,2337 MEDICAL Plaza STE 37,SYNTH CITY 37,NJ,90959,5551955486,NJ563788,NJ,True,False
hcp_master,HCP001338,HCP001338,4488497247,32304227815,RM0706452,WILLIAM,GUZMAN,M,,PA,207R00000X,2338 MEDICAL PLZ,SYNTH CITY 38,MA,90966,5553732018,MA153881,MA,True,False
hcp_master,HCP001339,HCP001339,5013000810,44664822588,PA7181155,ALICIA,PINEDA,J,,NP,207RR0500X,2339 MEDICAL Plaza STE 12,SYNTH CITY 39,PA,90973,5557410356,PA697598,PA,True,False
hcp_master,HCP001340,HCP001340,2044201756,51394051066,BP1551654,KEVIN,FRAZIER,M,,DO,207RC0000X,2340 MEDICAL Plaza,SYNTH CITY 40,IL,90980,5551474229,IL833688,IL,True,False
hcp_master,HCP001341,HCP001341,6509511021,80334125589,FP8346978,AMANDA,JOHNSON,C,,MD,208000000X,2341 MEDICAL Plaza,SYNTH CITY 41,OH,90987,5555036422,OH896556,OH,True,False
hcp_master,HCP001342,HCP001342,1232907257,93017800487,AR2237362,JEREMY,JOHNSON,S,,DO,207Q00000X,2342 MEDICAL PLZ,SYNTH CITY 42,MI,90994,5556031914,MI102862,MI,True,False
hcp_master,HCP001343,HCP001343,7105263348,09124477639,AF3350813,KATHERINE,BURGESS,D,,NP,207RX0202X,2343 MEDICAL PLZ,SYNTH CITY 43,MN,91001,5553222222,MN591467,MN,True,False
hcp_master,HCP001344,HCP001344,7827375396,92194806142,FF9604746,MARY,JONES,A,,NP,207R00000X,2344 MEDICAL PLZ,SYNTH CITY 44,CA,91008,5559480772,CA602564,CA,True,False
hcp_master,HCP001345,HCP001345,2290233479,10311021132,RM6604694,TIMOTHY,JOHNSON,J,,MD,207RR0500X,2345 MEDICAL Plaza,SYNTH CITY 45,OR,91015,5554210372,OR895534,OR,True,False
hcp_master,HCP001346,HCP001346,3709777189,21180609550,RF1790260,DEBRA,NGUYEN,A,,PA,207RC0000X,2346 MEDICAL Plaza,SYNTH CITY 46,WA,91022,5555280325,WA395199,WA,True,False
hcp_master,HCP001347,HCP001347,,41566804075,GP8389071,ALEXIS,WARD,S,,PA,208000000X,2347 MEDICAL Plaza,SYNTH CITY 26,MA,90182,5553290393,AZ616710,AZ,True,False
hcp_master,HCP001348,HCP001348,8310071856,23667694212,PP2077013,SHANE,JOHNSTON,D,,DO,207Q00000X,2348 MEDICAL Plaza,SYNTH CITY 48,CO,91036,5557910897,CO547036,CO,True,False
hcp_master,HCP001349,HCP001349,0837691852,74859665272,MP4912395,KELLY,RICHARDSON,G,,DO,207RX0202X,2349 MEDICAL PLZ,SYNTH CITY 49,TX,91043,5559173378,TX339856,TX,True,False
hcp_master,HCP001350,HCP001350,5998985878,31150222022,PM3153629,JOHN,MITCHELL,C,,MD,207R00000X,2350 MEDICAL PLZ,SYNTH CITY 0,FL,91050,5559037236,FL705800,FL,True,False
hcp_master,HCP001351,HCP001351,5937107204,64801397599,AG9113926,MARIA,LOPEZ,R,,DO,207RR0500X,2351 MEDICAL PLZ,SYNTH CITY 1,GA,91057,5554396550,GA136608,GA,True,False
hcp_master,HCP001352,HCP001352,0602104834,23076969116,PF4308995,HEATHER,MITCHELL,M,,MD,207RC0000X,2352 MEDICAL PLZ,SYNTH CITY 2,NY,91064,5552392391,NY255983,NY,True,False
hcp_master,HCP001353,HCP001353,0617851932,76255131090,PF2596077,SHERRY,JOHNSON,R,,PA,208000000X,2353 MEDICAL PLZ,SYNTH CITY 3,NJ,91071,5554203462,NJ433079,NJ,True,False
hcp_master,HCP001354,HCP001354,6925327747,49083694463,BM2620121,TAYLOR,OCHOA,R,,DO,207Q00000X,2354 MEDICAL PLZ,SYNTH CITY 4,MA,91078,5554445898,MA580765,MA,True,False
hcp_master,HCP001355,HCP001355,4514829413,14138968848,AP5592167,JOSEPH,REYES,M,,MD,207RX0202X,2355 MEDICAL PLZ,SYNTH CITY 5,PA,91085,5558721672,PA837562,PA,True,False
hcp_master,HCP001356,HCP001356,9810586773,19980897403,BM8403760,ANGELA,LUNA,P,SR,DO,207R00000X,2356 MEDICAL PLZ,SYNTH CITY 6,IL,91092,5552170522,IL842174,IL,True,False
hcp_master,HCP001357,HCP001357,5768219748,88575460835,MF3108561,VICTORIA,DAVIS,D,,DO,207RR0500X,2357 MEDICAL Plaza,SYNTH CITY 7,OH,91099,5557694016,OH551721,OH,True,False
hcp_master,HCP001358,HCP001358,1959922174,96418807362,AP8614577,BRIANNA,EDWARDS,A,,PA,207RC0000X,2358 MEDICAL PLZ,SYNTH CITY 8,MI,91106,5552801267,MI837121,MI,True,False
hcp_master,HCP001359,HCP001359,7536565261,67015369723,BA7617487,LOGAN,HODGES,G,,MD,208000000X,2359 MEDICAL Plaza,SYNTH CITY 9,MN,91113,5555629732,MN911358,MN,True,False
hcp_master,HCP001360,HCP001360,8628206756,23220253490,PA5148054,NICOLE,FOSTER,W,,DO,207Q00000X,2360 MEDICAL PLZ,SYNTH CITY 10,CA,91120,5553142876,CA800730,CA,False,False
hcp_master,HCP001361,HCP001361,3105922199,34740508984,FM8748472,KIMBERLY,CAMPBELL,W,,MD,207RX0202X,2361 MEDICAL PLZ,SYNTH CITY 11,OR,91127,5553523108,OR658056,OR,True,False
hcp_master,HCP001362,HCP001362,4319363808,47420859322,FA1765445,BRITTANY,PEREZ,E,,MD,207R00000X,2362 MEDICAL PLZ,SYNTH CITY 12,WA,91134,5558138041,WA798560,WA,True,False
hcp_master,HCP001363,HCP001363,5060007783,17936557289,AG0336337,BILL,SHEPHERD SR,J,SR,PA,207RR0500X,2363 MEDICAL PLZ,SYNTH CITY 13,AZ,91141,5555826937,AZ192578,AZ,True,False
hcp_master,HCP001364,HCP001364,4734436684,49957519742,MG8251731,ANGIE,EDWARDS,D,,NP,207RC0000X,2364 MEDICAL PLZ,SYNTH CITY 14,CO,91148,5551675026,CO945541,CO,True,False
hcp_master,HCP001365,HCP001365,2522257486,20696248345,PR7446043,BRANDON,ELLIOTT,J,,PA,208000000X,2365 MEDICAL PLZ,SYNTH CITY 15,TX,91155,5555125599,TX689734,TX,True,False
hcp_master,HCP001366,HCP001366,8727379488,17351815464,AM8601221,JAMES,SHAFFER,J,,PA,207Q00000X,2366 MEDICAL Plaza,SYNTH CITY 16,FL,91162,5558834869,FL966992,FL,True,False
hcp_master,HCP001367,HCP001367,7864162285,67490441717,PG2971716,DARRELL,STEWART,M,,DO,207RX0202X,2367 MEDICAL PLZ,SYNTH CITY 17,GA,91169,5557865363,GA805435,GA,True,False
hcp_master,HCP001368,HCP001368,7423664474,53374400980,GR7048253,RICARDO,MITCHELL,C,,MD,207R00000X,2368 MEDICAL PLZ,SYNTH CITY 18,NY,91176,5554164474,NY624741,NY,True,False
hcp_master,HCP001369,HCP001369,2266164484,02216623975,AG3819975,ZACHARY,GREEN,B,,NP,207RR0500X,2369 MEDICAL PLZ,SYNTH CITY 19,NJ,91183,5552630881,NJ828139,NJ,True,False
hcp_master,HCP001370,HCP001370,3598370716,96281954206,PP9259577,SARAH,VAZQUEZ,W,,PA,207RC0000X,2370 MEDICAL PLZ,SYNTH CITY 20,MA,91190,5555153923,MA924153,MA,True,False
hcp_master,HCP001371,HCP001371,3908123409,70907684941,RF0638178,WENDY,LEE,C,,MD,208000000X,2371 MEDICAL Plaza STE 12,SYNTH CITY 21,PA,91197,5553646482,PA929792,PA,True,False
hcp_master,HCP001372,HCP001372,6181846885,16496412818,MG4025428,JOHN,WILLIAMS,A,,DO,207Q00000X,2372 MEDICAL PLZ,SYNTH CITY 22,IL,91204,5551489769,IL234010,IL,True,True
hcp_master,HCP001373,HCP001373,6022547734,05965381430,BB0778046,THOMAS,WHITE,D,,DO,207RX0202X,2373 MEDICAL Plaza,SYNTH CITY 23,OH,91211,5551165267,OH211883,OH,True,False
hcp_master,HCP001374,HCP001374,9043660429,96881721588,MF5214107,SYLVIA,REYES,C,,PA,207R00000X,2374 MEDICAL Plaza,SYNTH CITY 24,MI,91218,5557081971,MI536344,MI,True,False
hcp_master,HCP001375,HCP001375,4580437679,83847294940,BG1738902,LISA,ANDERSON,S,,NP,207RR0500X,2375 MEDICAL PLZ,SYNTH CITY 25,MN,91225,5553043531,MN274956,MN,True,False
hcp_master,HCP001376,HCP001376,7355202772,18077130681,FG0220670,JEREMY,GUZMAN,T,,MD,207RC0000X,2376 MEDICAL Plaza STE 3,SYNTH CITY 26,CA,91232,5555893519,CA612563,CA,True,True
hcp_master,HCP001377,HCP001377,5108530580,87681877180,BB2699191,MARIA,WILLIAMS,C,,NP,208000000X,2377 MEDICAL PLZ,SYNTH CITY 27,OR,91239,5558865679,OR414275,OR,True,False
hcp_master,HCP001378,HCP001378,5611483491,25129894617,GA8498401,JOHN,WEAVER,W,,DO,207Q00000X,2378 MEDICAL Plaza,SYNTH CITY 28,WA,91246,5557075716,WA959570,WA,True,False
hcp_master,HCP001379,HCP001379,2483192615,80939570191,RA6347135,MICHELLE,COLEMAN,J,,MD,207RX0202X,2379 MEDICAL Plaza STE 18,SYNTH CITY 29,AZ,91253,5551558939,AZ674214,AZ,True,False
hcp_master,HCP001380,HCP001380,1051132045,49235095636,RM2686641,CYNTHIA,ALLEN,A,,MD,207R00000X,2380 MEDICAL PLZ,SYNTH CITY 30,CO,91260,5551201351,CO543188,CO,True,False
hcp_master,HCP001381,HCP001381,5371516084,64228172040,PP2776011,BONNIE,SALAS,J,,NP,207RR0500X,2381 MEDICAL PLZ,SYNTH CITY 31,TX,91267,5559998921,TX522839,TX,True,False
hcp_master,HCP001382,HCP001382,1247403938,02853589388,AR2785384,RUSSELL,WATSON,G,,DO,207RC0000X,2382 MEDICAL Plaza STE 38,SYNTH CITY 32,FL,91274,5552808002,FL589020,FL,True,False
hcp_master,HCP001383,HCP001383,0612196648,40697172354,BG1708976,SCOTT,HARRIS,T,,NP,208000000X,2383 MEDICAL PLZ,SYNTH CITY 33,GA,91281,5552147530,GA899802,GA,True,False
hcp_master,HCP001384,HCP001384,5041327912,43408994606,MP7044457,JANE,TURNER,M,,NP,207Q00000X,2384 MEDICAL PLZ,SYNTH CITY 11,OR,91127,5552799491,NY637896,NY,True,False
hcp_master,HCP001385,HCP001385,6591128569,39183720611,RB9324296,MICHAEL,JAMES,L,JR,NP,207RX0202X,2385 MEDICAL PLZ,SYNTH CITY 35,NJ,91295,5559718200,NJ538063,NJ,True,False
hcp_master,HCP001386,HCP001386,4572042586,78971290563,MA2214494,JASON,NEAL III,K,III,DO,207R00000X,2386 MEDICAL PLZ,SYNTH CITY 36,MA,91302,5559310491,MA395103,MA,True,False
hcp_master,HCP001387,HCP001387,4420081455,52384409574,BB0853714,CHRISTOPHER,BALL,B,,PA,207RR0500X,2387 MEDICAL PLZ,SYNTH CITY 37,PA,91309,5553339451,PA791155,PA,True,True
hcp_master,HCP001388,HCP001388,5747288640,37969175169,GB3662670,BILLY,SMITH,A,,PA,207RC0000X,2388 MEDICAL PLZ,SYNTH CITY 38,IL,91316,5555801294,IL681683,IL,True,False
hcp_master,HCP001389,HCP001389,2472943960,96897994689,PP3481179,JOHN,SHARP,N,,DO,208000000X,2389 MEDICAL PLZ,SYNTH CITY 39,OH,91323,5559764632,OH559533,OH,True,False
hcp_master,HCP001390,HCP001390,9424436167,24838551675,BM6892291,JENNIFER,LEE,J,,PA,207Q00000X,2390 MEDICAL Plaza,SYNTH CITY 10,IL,90420,5559791326,MI224490,MI,True,False
hcp_master,HCP001391,HCP001391,0574712143,14707288403,MF6893929,MICHELLE,JOHNSON,C,,NP,207RX0202X,2391 MEDICAL PLZ,SYNTH CITY 41,MN,91337,5554992570,MN137598,MN,True,False
hcp_master,HCP001392,HCP001392,0043234547,94075335934,AF7784951,RICHARD,GONZALEZ,M,,MD,207R00000X,2392 MEDICAL PLZ,SYNTH CITY 42,CA,91344,5551417816,CA196578,CA,True,False
hcp_master,HCP001393,HCP001393,5185351355,93913456494,MA1208683,MATTHEW,GENTRY JR,N,JR,DO,207RR0500X,2393 MEDICAL PLZ,SYNTH CITY 43,OR,91351,5552926204,OR191841,OR,True,False
hcp_master,HCP001394,HCP001394,6101768508,79255295934,RB5777602,MARY,OLSON,J,,DO,207RC0000X,2394 MEDICAL Plaza,SYNTH CITY 18,NY,91176,5554086913,WA891901,WA,True,False
hcp_master,HCP001395,HCP001395,3933851578,71901206539,BR5692176,LYNN,FLORES,D,,NP,208000000X,2395 MEDICAL PLZ,SYNTH CITY 45,AZ,91365,5552189966,AZ586989,AZ,True,False
hcp_master,HCP001396,HCP001396,9873145269,24170034717,BR5707450,JOHN,BOYD,M,,PA,207Q00000X,2396 MEDICAL PLZ,SYNTH CITY 46,CO,91372,5557458524,CO894657,CO,True,False
hcp_master,HCP001397,HCP001397,2609765252,68447634563,BR3128164,DANA,JONES,G,,MD,207RX0202X,2397 MEDICAL PLZ,SYNTH CITY 47,TX,91379,5558117091,TX456450,TX,True,False
hcp_master,HCP001398,HCP001398,9616311327,16420022561,GG1403727,BRENDA,KNOX,D,,PA,207R00000X,2398 MEDICAL PLZ,SYNTH CITY 48,FL,91386,5558348108,FL574973,FL,True,False
hcp_master,HCP001399,HCP001399,2370326243,36076113924,GF4161535,CHRISTINE,PACHECO,S,,NP,207RR0500X,2399 MEDICAL PLZ,SYNTH CITY 49,GA,91393,5556294651,GA345600,GA,True,False
hcp_master,HCP001400,HCP001400,2600352951,08015560175,FB2348449,MICHELLE,SMITH,J,III,PA,207RC0000X,2400 MEDICAL PLZ,SYNTH CITY 0,CA,90000,5553109340,CA463141,CA,True,False
hcp_master,HCP001401,HCP001401,8568352529,22656177138,BG8837949,MARY,WOOD,C,,PA,208000000X,2401 MEDICAL PLZ,SYNTH CITY 1,OR,90007,5551033496,OR268734,OR,True,False
hcp_master,HCP001402,HCP001402,3898818075,13827688535,MR1044921,SCOTT,SANDERS,A,,MD,207Q00000X,2402 MEDICAL Plaza,SYNTH CITY 2,WA,90014,5553369253,WA978423,WA,True,False
hcp_master,HCP001403,HCP001403,8302386551,73056603315,GP7842563,EDUARDO,WRIGHT,E,,DO,207RX0202X,2403 MEDICAL Plaza,SYNTH CITY 3,AZ,90021,5559458592,AZ648686,AZ,True,False
hcp_master,HCP001404,HCP001404,7745580507,98793269936,PP6161450,JENNIFER,MERCER,H,,DO,207R00000X,2404 MEDICAL PLZ,SYNTH CITY 4,CO,90028,5557555017,CO682740,CO,True,False
hcp_master,HCP001405,HCP001405,8033167841,41907305341,MB1315579,SHAWN,JENKINS,J,,MD,207RR0500X,2405 MEDICAL Plaza,SYNTH CITY 5,TX,90035,5558656463,TX160467,TX,True,False
hcp_master,HCP001406,HCP001406,5757258913,06481020176,MF2882863,CARLOS,ASHLEY,C,JR,DO,207RC0000X,2406 MEDICAL Plaza,SYNTH CITY 6,FL,90042,5555471062,FL720025,FL,True,False
hcp_master,HCP001407,HCP001407,1162558807,30148962784,MG8608541,VANESSA,DORSEY,R,JR,NP,208000000X,2407 MEDICAL PLZ,SYNTH CITY 7,GA,90049,5557747155,GA345193,GA,True,False
hcp_master,HCP001408,HCP001408,7734034797,65491574216,MP8914381,CHERYL,ROMAN,J,SR,NP,207Q00000X,2408 MEDICAL PLZ,SYNTH CITY 8,NY,90056,5557216033,NY452150,NY,True,False
hcp_master,HCP001409,HCP001409,3213883515,08992818139,GB3394015,NATHAN,TAYLOR,D,,NP,207RX0202X,2409 MEDICAL PLZ,SYNTH CITY 9,NJ,90063,5551868026,NJ865335,NJ,True,False
hcp_master,HCP001410,HCP001410,3619763741,66232737230,AA0925943,SUSAN,CORTEZ,B,,MD,207R00000X,2410 MEDICAL PLZ,SYNTH CITY 10,MA,90070,5552107546,MA942469,MA,True,False
hcp_master,HCP001411,HCP001411,3465137396,07976642490,AR8531658,ALEXA,LEE,E,,PA,207RR0500X,2411 MEDICAL PLZ,SYNTH CITY 11,PA,90077,5557883564,PA245028,PA,True,False
hcp_master,HCP001412,HCP001412,6255979752,82723757771,AB3805733,TERRENCE,BOWERS,J,,NP,207RC0000X,2412 MEDICAL Plaza STE 6,SYNTH CITY 12,IL,90084,5558653030,IL620998,IL,True,False
hcp_master,HCP001413,HCP001413,0120599010,26350900486,GB2656431,CHARLES,BROWN,D,,DO,208000000X,2413 MEDICAL PLZ,SYNTH CITY 13,OH,90091,5558160866,OH359327,OH,True,False
hcp_master,HCP001414,HCP001414,,86198594577,GP8684565,MATTHEW,MILLER,R,,MD,207Q00000X,2414 MEDICAL Plaza STE 2,SYNTH CITY 1,GA,91057,5558189293,MI720464,MI,True,False
hcp_master,HCP001415,HCP001415,0973927276,05031609159,FG9055764,TIFFANY,JIMENEZ,J,,NP,207RX0202X,2415 MEDICAL Plaza,SYNTH CITY 15,MN,90105,5556915170,MN954796,MN,True,False
hcp_master,HCP001416,HCP001416,9934615250,72373423421,AG1089561,YESENIA,STEVENS,D,,MD,207R00000X,2416 MEDICAL PLZ,SYNTH CITY 16,CA,90112,5557628045,CA200292,CA,True,False
hcp_master,HCP001417,HCP001417,3145224051,33350112525,MM5544743,THOMAS,WARREN,R,,PA,207RR0500X,2417 MEDICAL Plaza STE 26,SYNTH CITY 17,OR,90119,5554445906,OR838663,OR,True,False
hcp_master,HCP001418,HCP001418,0930779562,50190089415,AF5816046,TINA,WASHINGTON,T,,PA,207RC0000X,2418 MEDICAL PLZ,SYNTH CITY 18,WA,90126,5557813702,WA363647,WA,True,False
hcp_master,HCP001419,HCP001419,5249628640,85870755609,RR6262581,JONATHAN,LEONARD,B,,PA,208000000X,2419 MEDICAL Plaza STE 3,SYNTH CITY 19,AZ,90133,5554068530,AZ583140,AZ,True,False
hcp_master,HCP001420,HCP001420,3147700058,77959429536,FP7058679,RICHARD,PARKER,M,,MD,207Q00000X,2420 MEDICAL Plaza STE 37,SYNTH CITY 20,CO,90140,5557280991,CO235637,CO,True,False
hcp_master,HCP001421,HCP001421,3509972188,71915454062,AF2735481,ROBERT,CONNER,R,,MD,207RX0202X,2421 MEDICAL PLZ,SYNTH CITY 21,TX,90147,5556378305,TX745832,TX,True,False
hcp_master,HCP001422,HCP001422,3350060968,81637378003,GR4877936,ANDREA,ALLEN,M,,PA,207R00000X,2422 MEDICAL PLZ,SYNTH CITY 22,FL,90154,5553016891,FL808135,FL,True,False
hcp_master,HCP001423,HCP001423,0366575104,29958615558,RB0614969,STACY,HOGAN,J,,MD,207RR0500X,2423 MEDICAL Plaza STE 30,SYNTH CITY 23,GA,90161,5553765948,GA166936,GA,True,False
hcp_master,HCP001424,HCP001424,6425606384,12156541208,BM2600323,REBECCA,MACDONALD,K,,DO,207RC0000X,2424 MEDICAL Plaza STE 36,SYNTH CITY 24,NY,90168,5559293212,NY238713,NY,True,False
hcp_master,HCP001425,HCP001425,3083600304,93212052018,BM4487528,FRANCES,DAVIS,D,,MD,208000000X,2425 MEDICAL Plaza,SYNTH CITY 25,NJ,90175,5552440021,NJ951307,NJ,True,True
hcp_master,HCP001426,HCP001426,0791387083,83576909931,BR0001709,IAN,AYALA,J,,DO,207Q00000X,2426 MEDICAL Plaza,SYNTH CITY 26,MA,90182,5556625671,MA830062,MA,True,False
hcp_master,HCP001427,HCP001427,8543768955,32342351178,FA4180534,MONICA,ROSE,A,,PA,207RX0202X,2427 MEDICAL PLZ,SYNTH CITY 27,PA,90189,5554908526,PA980217,PA,True,False
hcp_master,HCP001428,HCP001428,4636846501,01960939201,FR5134580,HANNAH,LYNCH,R,,MD,207R00000X,2428 MEDICAL Plaza,SYNTH CITY 28,IL,90196,5554077047,IL714818,IL,True,False
hcp_master,HCP001429,HCP001429,0511267995,21050038431,MF9176339,BILL,BREWER,D,,NP,207RR0500X,2429 MEDICAL Plaza,SYNTH CITY 29,OH,90203,5554395691,OH766077,OH,True,False
hcp_master,HCP001430,HCP001430,6734585550,91047072115,MG6887527,TOMMY,KING,M,,NP,207RC0000X,2430 MEDICAL Plaza,SYNTH CITY 30,MI,90210,5556127229,MI220182,MI,True,False
hcp_master,HCP001431,HCP001431,7391289189,45254424184,FR4798358,KAREN,CROSS,D,,NP,208000000X,2431 MEDICAL Plaza,SYNTH CITY 31,MN,90217,5558927882,MN122566,MN,True,False
hcp_master,HCP001432,HCP001432,5504038642,02891905829,RF8052624,SUSAN,PARSONS,J,,PA,207Q00000X,2432 MEDICAL Plaza,SYNTH CITY 32,CA,90224,5553256335,CA713305,CA,True,False
hcp_master,HCP001433,HCP001433,6344882199,11065061574,FR8812313,MATTHEW,LOPEZ,C,,NP,207RX0202X,2433 MEDICAL PLZ,SYNTH CITY 33,OR,90231,5557498187,OR469352,OR,True,False
hcp_master,HCP001434,HCP001434,1604132252,88972198445,RF6922172,DUSTIN,SAWYER,M,,MD,207R00000X,2434 MEDICAL PLZ,SYNTH CITY 34,WA,90238,5557674179,WA115725,WA,True,False
hcp_master,HCP001435,HCP001435,7735228323,71691297634,BP5780833,DENISE,HULL,M,,DO,207RR0500X,2435 MEDICAL PLZ,SYNTH CITY 11,PA,90077,5553855706,AZ724081,AZ,True,False
hcp_master,HCP001436,HCP001436,8152904594,12835380925,BP7126553,JENNIFER,JONES,D,,NP,207RC0000X,2436 MEDICAL Plaza,SYNTH CITY 36,CO,90252,5559422335,CO724105,CO,True,False
hcp_master,HCP001437,HCP001437,6958536461,60466197341,FM8529577,TRACY,HILL,J,,DO,208000000X,2437 MEDICAL PLZ,SYNTH CITY 37,TX,90259,5558761302,TX902789,TX,True,False
hcp_master,HCP001438,HCP001438,6301941632,50906129192,FR7274022,SONIA,BLACKWELL,E,,NP,207Q00000X,2438 MEDICAL PLZ,SYNTH CITY 38,FL,90266,5556466365,FL249126,FL,True,False
hcp_master,HCP001439,HCP001439,5411260099,94040397435,MP5083882,LESLIE,LOVE,K,,DO,207RX0202X,2439 MEDICAL PLZ,SYNTH CITY 43,PA,90301,5555713427,GA813310,GA,True,False
hcp_master,HCP001440,HCP001440,9741258997,95012213536,PF0363587,NATHANIEL,GONZALEZ,L,,NP,207R00000X,2440 MEDICAL Plaza,SYNTH CITY 40,NY,90280,5554737495,NY399343,NY,True,False
hcp_master,HCP001441,HCP001441,6347933817,88820842484,MG4994871,CHRISTINA,MELENDEZ,B,,PA,207RR0500X,2441 MEDICAL PLZ,SYNTH CITY 41,NJ,90287,5559411700,NJ810550,NJ,True,False
hcp_master,HCP001442,HCP001442,5597445456,30816048916,BP5783032,JENNIFER,YOUNG,S,,PA,207RC0000X,2442 MEDICAL PLZ,SYNTH CITY 42,MA,90294,5555794620,MA567261,MA,True,True
hcp_master,HCP001443,HCP001443,5150869274,77658132810,RF7279726,WILLIAM,ROJAS,S,,DO,208000000X,2443 MEDICAL PLZ,SYNTH CITY 43,PA,90301,5554901395,PA305747,PA,True,False
hcp_master,HCP001444,HCP001444,2285957124,04265580746,PF2761285,DYLAN,JOHNSON,Y,,MD,207Q00000X,2444 MEDICAL PLZ,SYNTH CITY 44,IL,90308,5559686939,IL286499,IL,True,False
hcp_master,HCP001445,HCP001445,7889785300,03923689811,PR6963873,BRANDON,REYES,G,,MD,207RX0202X,2445 MEDICAL PLZ,SYNTH CITY 45,OH,90315,5553050157,OH349140,OH,True,False
hcp_master,HCP001446,HCP001446,8231012336,16606990948,BM8271792,BRADLEY,ORTIZ,J,,PA,207R00000X,2446 MEDICAL Plaza,SYNTH CITY 46,MI,90322,5555935722,MI394533,MI,True,True
hcp_master,HCP001447,HCP001447,8581047775,81204265569,AB4083151,JOHN,NEAL,H,,DO,207RR0500X,2447 MEDICAL PLZ,SYNTH CITY 47,MN,90329,5553315334,MN849476,MN,True,False
hcp_master,HCP001448,HCP001448,5138869172,03026799192,RR9574042,FRANK,FLEMING,A,,MD,207RC0000X,2448 MEDICAL PLZ,SYNTH CITY 48,CA,90336,5559658149,CA816787,CA,True,False
hcp_master,HCP001449,HCP001449,9913211915,64042892188,RP4308995,EDWARD,LEON,S,,PA,208000000X,2449 MEDICAL Plaza STE 27,SYNTH CITY 49,OR,90343,5556284214,OR196717,OR,True,False
hcp_master,HCP001450,HCP001450,0929301600,94070753922,MF4798094,CHRISTINA,HENDRICKS,A,,PA,207Q00000X,2450 MEDICAL PLZ,SYNTH CITY 0,WA,90350,5559448790,WA968061,WA,True,False
hcp_master,HCP001451,HCP001451,4094702899,02957173760,RF3788438,HEATHER,SINGH,K,,DO,207RX0202X,2451 MEDICAL PLZ,SYNTH CITY 1,AZ,90357,5555932574,AZ289196,AZ,True,False
hcp_master,HCP001452,HCP001452,3052603230,06426952470,FG6569143,JEFFREY,HILL,S,,NP,207R00000X,2452 MEDICAL Plaza STE 22,SYNTH CITY 2,CO,90364,5553636799,CO559589,CO,True,False
hcp_master,HCP001453,HCP001453,9729437514,12329991517,AF2435150,JENNIFER,DAVIS,J,,DO,207RR0500X,2453 MEDICAL Plaza,SYNTH CITY 3,TX,90371,5553975229,TX810700,TX,True,False
hcp_master,HCP001454,HCP001454,5635900249,90557513149,FF4186732,JUDY,FITZGERALD,E,,MD,207RC0000X,2454 MEDICAL PLZ,SYNTH CITY 4,FL,90378,5558739227,FL752695,FL,True,False
hcp_master,HCP001455,HCP001455,0454006310,37047840574,RF8740378,GARY,WOOD,M,,PA,208000000X,2455 MEDICAL PLZ,SYNTH CITY 5,GA,90385,5552280725,GA943702,GA,True,False
hcp_master,HCP001456,HCP001456,3453103293,76147654681,FP5117471,DANA,DIXON,R,,DO,207Q00000X,2456 MEDICAL PLZ,SYNTH CITY 6,NY,90392,5553441540,NY484653,NY,True,False
hcp_master,HCP001457,HCP001457,7005749842,06310450440,RB1147272,TIMOTHY,RUSSELL,C,,PA,207RX0202X,2457 MEDICAL PLZ,SYNTH CITY 7,NJ,90399,5556017310,NJ773448,NJ,True,False
hcp_master,HCP001458,HCP001458,0475176760,85909705367,FG0073853,KELLY,ROBINSON,C,,PA,207R00000X,2458 MEDICAL PLZ,SYNTH CITY 8,MA,90406,5559516873,MA166636,MA,True,False
hcp_master,HCP001459,HCP001459,2195290806,63106736328,GA6302307,TONY,JOHNSON,N,,MD,207RR0500X,2459 MEDICAL PLZ,SYNTH CITY 9,PA,90413,5555540267,PA742986,PA,True,False
hcp_master,HCP001460,HCP001460,5864869669,55924053528,RG6424476,BRIAN,HARPER,M,,DO,207RC0000X,2460 MEDICAL PLZ,SYNTH CITY 10,IL,90420,5558619434,IL475937,IL,True,False
hcp_master,HCP001461,HCP001461,5932634228,01726101513,GM7419789,CAROLINE,THORNTON,T,,NP,208000000X,2461 MEDICAL Plaza STE 1,SYNTH CITY 11,OH,90427,5556320015,OH604316,OH,True,False
hcp_master,HCP001462,HCP001462,3979653656,32799580894,AM0635910,MISTY,VELASQUEZ,M,,NP,207Q00000X,2462 MEDICAL Plaza,SYNTH CITY 12,MI,90434,5557332301,MI247806,MI,True,False
hcp_master,HCP001463,HCP001463,0264057791,13810770887,FR1785340,NICHOLAS,HARRIS,J,JR,NP,207RX0202X,2463 MEDICAL PLZ,SYNTH CITY 13,MN,90441,5558690794,MN675521,MN,True,False
hcp_master,HCP001464,HCP001464,2318226505,20677686223,PA3451090,JACKIE,JOHNSON,M,,DO,207R00000X,2464 MEDICAL PLZ,SYNTH CITY 14,CA,90448,5558330712,CA294404,CA,True,False
hcp_master,HCP001465,HCP001465,1153662600,80082654372,PB8750265,BETH,GARCIA,E,,NP,207RR0500X,2465 MEDICAL PLZ,SYNTH CITY 15,OR,90455,5555263763,OR438605,OR,True,False
hcp_master,HCP001466,HCP001466,6990082243,60391042241,AR8489312,KRISTINE,ORTEGA,C,,NP,207RC0000X,2466 MEDICAL Plaza STE 1,SYNTH CITY 16,WA,90462,5553754133,WA710699,WA,True,False
hcp_master,HCP001467,HCP001467,5426406349,07273561170,PG0780946,MARY,CLARK,M,,PA,208000000X,2467 MEDICAL PLZ,SYNTH CITY 17,AZ,90469,5553295037,AZ688321,AZ,True,False
hcp_master,HCP001468,HCP001468,,40460034037,GG1754616,BRIDGET,SCOTT,R,,DO,207Q00000X,2468 MEDICAL Plaza,SYNTH CITY 18,CO,90476,5554959134,CO428779,CO,True,False
hcp_master,HCP001469,HCP001469,2400139509,05744538690,GR6743744,BRIANNA,TAYLOR,J,,DO,207RX0202X,2469 MEDICAL Plaza,SYNTH CITY 19,TX,90483,5551260945,TX866278,TX,True,False
hcp_master,HCP001470,HCP001470,9789629455,57145573907,BM0230361,HEATHER,ROSS,J,,NP,207R00000X,2470 MEDICAL PLZ,SYNTH CITY 20,FL,90490,5555014918,FL673991,FL,False,False
hcp_master,HCP001471,HCP001471,4453611145,45968514714,GR9622516,NICOLE,LEE,A,,PA,207RR0500X,2471 MEDICAL PLZ,SYNTH CITY 21,GA,90497,5555345732,GA134875,GA,True,False
hcp_master,HCP001472,HCP001472,1794817365,54819021857,MM2144491,HOLLY,WILLIAMS,G,,NP,207RC0000X,2472 MEDICAL Plaza,SYNTH CITY 22,NY,90504,5551320554,NY708621,NY,True,False
hcp_master,HCP001473,HCP001473,4628849224,23143878458,MR9027001,THERESA,THOMPSON,S,,MD,208000000X,2473 MEDICAL Plaza,SYNTH CITY 23,NJ,90511,5551914422,NJ948351,NJ,True,False
hcp_master,HCP001474,HCP001474,8665970710,87395443198,PR6992407,DAVID,HOGAN,T,,MD,207Q00000X,2474 MEDICAL Plaza STE 11,SYNTH CITY 24,MA,90518,5556685674,MA470139,MA,True,False
hcp_master,HCP001475,HCP001475,0233670286,56589814469,GF8749320,GEORGE,NGUYEN,T,JR,PA,207RX0202X,2475 MEDICAL PLZ,SYNTH CITY 25,PA,90525,5553072353,PA165694,PA,True,False
hcp_master,HCP001476,HCP001476,3479244212,63611927266,PR4829488,DONALD,GARCIA,M,,NP,207R00000X,2476 MEDICAL PLZ,SYNTH CITY 26,IL,90532,5553278350,IL644752,IL,True,False
hcp_master,HCP001477,HCP001477,3629461542,93662361478,MM8267861,EMILY,HANSON,C,,DO,207RR0500X,2477 MEDICAL Plaza,SYNTH CITY 26,MI,90882,5555156856,OH430640,OH,True,False
hcp_master,HCP001478,HCP001478,6527022696,87538114226,FM5796254,JOSE,CLINE SR,R,SR,MD,207RC0000X,2478 MEDICAL PLZ,SYNTH CITY 28,MI,90546,5551635470,MI631978,MI,True,False
hcp_master,HCP001479,HCP001479,3087115465,93292155401,PB2833977,JENNIFER,PEARSON,R,,MD,208000000X,2479 MEDICAL Plaza STE 7,SYNTH CITY 29,MN,90553,5555545978,MN854897,MN,True,False
hcp_master,HCP001480,HCP001480,5138578229,51403578086,BB7624805,MONICA,BURGESS,K,,PA,207Q00000X,2480 MEDICAL PLZ,SYNTH CITY 30,CA,90560,5553822410,CA602757,CA,True,False
hcp_master,HCP001481,HCP001481,5026498290,82027544766,GA3173244,JEFFREY,SCHNEIDER,W,,PA,207RX0202X,2481 MEDICAL PLZ,SYNTH CITY 31,OR,90567,5558214538,OR294265,OR,True,False
hcp_master,HCP001482,HCP001482,8918921990,99907162123,FF4645321,JAMES,JONES,M,,DO,207R00000X,2482 MEDICAL PLZ,SYNTH CITY 32,WA,90574,5558608658,WA689117,WA,True,False
hcp_master,HCP001483,HCP001483,3967343781,86071115057,GB3736653,ROBT,GALLOWAY,A,,MD,207RR0500X,2483 MEDICAL Plaza STE 26,SYNTH CITY 33,AZ,90581,5551244032,AZ509304,AZ,False,False
hcp_master,HCP001484,HCP001484,0030160689,96027234379,GM7449320,DANIEL,SANCHEZ,R,,MD,207RC0000X,2484 MEDICAL PLZ,SYNTH CITY 34,CO,90588,5551397133,CO766344,CO,True,False
hcp_master,HCP001485,HCP001485,5997499434,30593518961,AP1085563,JOSHUA,GEORGE,V,JR,DO,208000000X,2485 MEDICAL PLZ,SYNTH CITY 35,TX,90595,5559486976,TX634027,TX,True,False
hcp_master,HCP001486,HCP001486,6608268614,96681055261,BR0587430,JOHNATHAN,JUAREZ,M,,NP,207Q00000X,2486 MEDICAL PLZ,SYNTH CITY 36,FL,90602,5553632218,FL439221,FL,True,False
hcp_master,HCP001487,HCP001487,0151471964,95001189619,FR6476963,CHARLES,SULLIVAN,R,,PA,207RX0202X,2487 MEDICAL PLZ,SYNTH CITY 37,GA,90609,5556461348,GA193501,GA,True,False
hcp_master,HCP001488,HCP001488,8384726526,60179102026,PM4159253,ANNE,HALL,D,,MD,207R00000X,2488 MEDICAL PLZ,SYNTH CITY 38,NY,90616,5551369196,NY274783,NY,True,False
hcp_master,HCP001489,HCP001489,6727399084,71045592714,GG1189029,JUSTIN,GUTIERREZ,L,,DO,207RR0500X,2489 MEDICAL PLZ,SYNTH CITY 39,NJ,90623,5557703214,NJ985205,NJ,True,False
hcp_master,HCP001490,HCP001490,7410711874,94461817514,FR5321559,EMILY,MOORE,C,,DO,207RC0000X,2490 MEDICAL PLZ,SYNTH CITY 40,MA,90630,5556820545,MA335502,MA,True,False
hcp_master,HCP001491,HCP001491,1516504838,45404477536,RP2246675,CHRIS,GARCIA,L,JR,NP,208000000X,2491 MEDICAL PLZ,SYNTH CITY 41,PA,90637,5559697843,PA570164,PA,True,False
hcp_master,HCP001492,HCP001492,3014018857,94374635125,RB5058373,HANNAH,MOSS,D,,PA,207Q00000X,2492 MEDICAL PLZ,SYNTH CITY 42,IL,90644,5558836484,IL338687,IL,True,False
hcp_master,HCP001493,HCP001493,4253477234,50579965184,MP0364650,PERRY,MCGEE,R,,DO,207RX0202X,2493 MEDICAL PLZ,SYNTH CITY 43,OH,90651,5551167121,OH134919,OH,True,False
hcp_master,HCP001494,HCP001494,2961373208,87159490397,BR3733335,THOMAS,SNYDER,J,,MD,207R00000X,2494 MEDICAL PLZ,SYNTH CITY 44,MI,90658,5554882837,MI638705,MI,True,False
hcp_master,HCP001495,HCP001495,0188169979,10229833768,PM7832912,MICHAEL,MENDOZA,E,,PA,207RR0500X,2495 MEDICAL PLZ,SYNTH CITY 45,MN,90665,5551895832,MN482259,MN,True,False
hcp_master,HCP001496,HCP001496,2460131065,72270350643,GA6407403,ROY,MARTINEZ,M,,DO,207RC0000X,2496 MEDICAL PLZ,SYNTH CITY 46,CA,90672,5551580854,CA137527,CA,True,False
hcp_master,HCP001497,HCP001497,2698943067,31635921753,MR1758911,JILL,BARTLETT,T,,DO,208000000X,2497 MEDICAL Plaza,SYNTH CITY 47,OR,90679,5558410994,OR330065,OR,True,False
hcp_master,HCP001498,HCP001498,7272991580,51222368547,MG0506978,JOSEPH,BEAN,T,,NP,207Q00000X,2498 MEDICAL Plaza STE 5,SYNTH CITY 48,WA,90686,5559826498,WA280358,WA,True,False
hcp_master,HCP001499,HCP001499,9226394127,72620583749,MG2805259,TRACY,JACOBS,G,,MD,207RX0202X,2499 MEDICAL PLZ,SYNTH CITY 49,AZ,90693,5554709822,AZ728533,AZ,True,False
hcp_master,HCP001500,HCP001500,4765066558,61718655163,PP9972299,DYLAN,SMITH,A,,DO,207R00000X,2500 MEDICAL Plaza,SYNTH CITY 0,CO,90700,5559418918,CO862899,CO,True,False
hcp_master,HCP001501,HCP001501,9583688103,29607988878,PM1902778,NATALIE,JACKSON,T,,MD,207RR0500X,2501 MEDICAL PLZ,SYNTH CITY 1,TX,90707,5553035099,TX648027,TX,True,False
hcp_master,HCP001502,HCP001502,5439741625,32046692778,RF3431337,MELANIE,RODRIGUEZ,R,,MD,207RC0000X,2502 MEDICAL Plaza STE 29,SYNTH CITY 2,FL,90714,5559577110,FL219646,FL,True,False
hcp_master,HCP001503,HCP001503,4561072214,44372008712,PM4337182,HEATHER,KING,T,,MD,208000000X,2503 MEDICAL PLZ,SYNTH CITY 3,GA,90721,5552375323,GA104522,GA,True,False
hcp_master,HCP001504,HCP001504,6359482851,13690072879,PR6128298,JASMINE,SPENCER,C,,NP,207Q00000X,2504 MEDICAL PLZ,SYNTH CITY 4,NY,90728,5554607538,NY769457,NY,True,False
hcp_master,HCP001505,HCP001505,9799942666,94598708003,FA5969881,KAREN,MITCHELL,P,,PA,207RX0202X,2505 MEDICAL PLZ,SYNTH CITY 5,NJ,90735,5552077256,NJ903878,NJ,True,False
hcp_master,HCP001506,HCP001506,5276791063,56057033341,GA0587334,SARAH,ROGERS,L,,MD,207R00000X,2506 MEDICAL Plaza,SYNTH CITY 6,MA,90742,5554363948,MA747172,MA,True,False
hcp_master,HCP001507,HCP001507,3811246453,06909975350,FF5247980,BARBARA,RICHARDSON,J,,NP,207RR0500X,2507 MEDICAL PLZ,SYNTH CITY 7,PA,90749,5553942116,PA812364,PA,True,False
hcp_master,HCP001508,HCP001508,5034049705,81800388608,BP2509099,JAMES,MASON,M,,DO,207RC0000X,2508 MEDICAL PLZ,SYNTH CITY 8,IL,90756,5553947046,IL380023,IL,True,False
hcp_master,HCP001509,HCP001509,2436962940,93274740389,FM0260790,JOHN,CHAVEZ,D,,NP,208000000X,2509 MEDICAL PLZ,SYNTH CITY 9,OH,90763,5551726267,OH905931,OH,True,False
hcp_master,HCP001510,HCP001510,6763650630,57472695636,PR9383809,ADRIAN,JACKSON,N,,NP,207Q00000X,2510 MEDICAL Plaza STE 21,SYNTH CITY 10,MI,90770,5552415876,MI562488,MI,True,False
hcp_master,HCP001511,HCP001511,5138122812,30940676507,RF1266848,BRIAN,DORSEY,T,,NP,207RX0202X,2511 MEDICAL PLZ,SYNTH CITY 11,MN,90777,5554319477,MN349707,MN,True,False
hcp_master,HCP001512,HCP001512,8933949876,24515656149,BG6611759,ALLEN,NORMAN,D,,DO,207R00000X,2512 MEDICAL PLZ,SYNTH CITY 12,CA,90784,5553649182,CA838243,CA,True,False
hcp_master,HCP001513,HCP001513,1909079315,94406168756,FM6137429,KRISTINA,CHRISTENSEN,S,,DO,207RR0500X,2513 MEDICAL PLZ,SYNTH CITY 13,OR,90791,5559511058,OR598575,OR,True,False
hcp_master,HCP001514,HCP001514,7768205728,33438923077,PG9134723,CHELSEA,HALL,G,,DO,207RC0000X,2514 MEDICAL PLZ,SYNTH CITY 14,WA,90798,5553117401,WA110044,WA,True,False
hcp_master,HCP001515,HCP001515,5823018135,61899696382,PR4215656,NATHANIEL,BELL,P,JR,PA,208000000X,2515 MEDICAL PLZ,SYNTH CITY 15,AZ,90805,5554017152,AZ553625,AZ,True,False
hcp_master,HCP001516,HCP001516,6931831500,95349769191,BM1430140,KRISTINA,COOKE,J,,PA,207Q00000X,2516 MEDICAL PLZ,SYNTH CITY 16,CO,90812,5556027422,CO284045,CO,True,False
hcp_master,HCP001517,HCP001517,9916728733,05238873424,GR7190082,LUIS,YATES,A,,PA,207RX0202X,2517 MEDICAL PLZ,SYNTH CITY 34,FL,90938,5552757554,TX842699,TX,True,False
hcp_master,HCP001518,HCP001518,8697766490,82794197491,GB1351571,HEATHER,JOHNSON,J,,MD,207R00000X,2518 MEDICAL PLZ,SYNTH CITY 18,FL,90826,5558903862,FL271130,FL,True,False
hcp_master,HCP001519,HCP001519,2960331017,61996363961,AP7736263,GREGORY,HENDERSON,N,,MD,207RR0500X,2519 MEDICAL Plaza STE 30,SYNTH CITY 19,GA,90833,5556716385,GA805278,GA,True,False
hcp_master,HCP001520,HCP001520,7559518023,31582366957,PF8917685,LAURIE,SMITH,W,,MD,207RC0000X,2520 MEDICAL Plaza,SYNTH CITY 20,NY,90840,5551635718,NY906899,NY,True,False
hcp_master,HCP001521,HCP001521,7902476432,68492807926,AP4499292,HOWARD,WRIGHT,M,,NP,208000000X,2521 MEDICAL PLZ,SYNTH CITY 21,NJ,90847,5554547217,NJ632788,NJ,True,False
hcp_master,HCP001522,HCP001522,4798384002,41109264320,AM4919079,FELICIA,PETERSON,J,,PA,207Q00000X,2522 MEDICAL Plaza,SYNTH CITY 22,MA,90854,5552964865,MA822093,MA,True,False
hcp_master,HCP001523,HCP001523,1443828052,67366434143,FB5002524,LEROY,ALVAREZ,A,,DO,207RX0202X,2523 MEDICAL Plaza,SYNTH CITY 23,PA,90861,5551447045,PA391593,PA,True,False
hcp_master,HCP001524,HCP001524,6635043154,63827350090,GG6013935,JENNIFER,HARRIS,D,,PA,207R00000X,2524 MEDICAL PLZ,SYNTH CITY 24,IL,90868,5554996768,IL741891,IL,True,False
hcp_master,HCP001525,HCP001525,3286974084,96633304052,MF2130246,MARGARET,SCOTT,T,,NP,207RR0500X,2525 MEDICAL Plaza STE 25,SYNTH CITY 25,OH,90875,5556640924,OH481216,OH,True,False
hcp_master,HCP001526,HCP001526,9022564303,03936568374,BA7682701,TINA,BREWER,M,,NP,207RC0000X,2526 MEDICAL Plaza,SYNTH CITY 26,MI,90882,5558502918,MI854701,MI,True,False
hcp_master,HCP001527,HCP001527,1163172756,23640025392,FF2820564,MARTIN,KAUFMAN,C,,DO,208000000X,2527 MEDICAL PLZ,SYNTH CITY 27,MN,90889,5558537477,MN675319,MN,True,False
hcp_master,HCP001528,HCP001528,3821462959,38127925474,MM8161073,MARK,GARZA,G,,MD,207Q00000X,2528 MEDICAL Plaza,SYNTH CITY 28,CA,90896,5551889611,CA506306,CA,True,False
hcp_master,HCP001529,HCP001529,8286320063,84212677965,FF3852108,CORY,STEPHENS,E,,DO,207RX0202X,2529 MEDICAL PLZ,SYNTH CITY 29,OR,90903,5559636021,OR537894,OR,True,False
hcp_master,HCP001530,HCP001530,8427427884,72310845010,GM1718965,ELIZABETH,JOHNSON,D,,PA,207R00000X,2530 MEDICAL PLZ,SYNTH CITY 30,WA,90910,5557259912,WA893139,WA,True,False
hcp_master,HCP001531,HCP001531,9295138835,10310788811,PA7107700,STEPHEN,RODRIGUEZ,C,,PA,207RR0500X,2531 MEDICAL PLZ,SYNTH CITY 31,AZ,90917,5559808982,AZ577817,AZ,True,False
hcp_master,HCP001532,HCP001532,9253729047,86522533674,BB2393954,DANIELLE,HERNANDEZ,S,,PA,207RC0000X,2532 MEDICAL PLZ,SYNTH CITY 32,CO,90924,5558383407,CO983855,CO,True,False
hcp_master,HCP001533,HCP001533,0585177625,88000982953,PA1268545,JON,RICHARDSON,J,,PA,208000000X,2533 MEDICAL PLZ,SYNTH CITY 33,TX,90931,5556830004,TX478564,TX,True,False
hcp_master,HCP001534,HCP001534,2548220575,01285988250,FF1030622,NICOLE,RODGERS,J,,MD,207Q00000X,2534 MEDICAL Plaza STE 34,SYNTH CITY 34,FL,90938,5559876140,FL615783,FL,True,False
hcp_master,HCP001535,HCP001535,7343529419,28791381000,PF1731954,RACHEL,SUTTON,B,,NP,207RX0202X,2535 MEDICAL Plaza STE 6,SYNTH CITY 35,GA,90945,5551052872,GA777909,GA,True,False
hcp_master,HCP001536,HCP001536,2143167437,59185539023,MF9154308,JUSTIN,SNYDER,C,,NP,207R00000X,2536 MEDICAL Plaza STE 19,SYNTH CITY 36,NY,90952,5556753768,NY236800,NY,True,False
hcp_master,HCP001537,HCP001537,4373644754,53043892442,AR6414229,JESSICA,GRAY,J,,NP,207RR0500X,2537 MEDICAL PLZ,SYNTH CITY 37,NJ,90959,5556489311,NJ792025,NJ,True,False
hcp_master,HCP001538,HCP001538,3000983973,18638397601,RP2833347,TREVOR,MCKNIGHT,S,,MD,207RC0000X,2538 MEDICAL PLZ,SYNTH CITY 38,MA,90966,5558828195,MA971627,MA,True,False
hcp_master,HCP001539,HCP001539,9072758052,63729249038,FB0118528,HEATHER,ROGERS,M,,NP,208000000X,2539 MEDICAL PLZ,SYNTH CITY 39,PA,90973,5557412123,PA298576,PA,True,False
hcp_master,HCP001540,HCP001540,8562404862,87774353680,MF1283072,TANYA,BROWN,B,,DO,207Q00000X,2540 MEDICAL Plaza STE 7,SYNTH CITY 40,IL,90980,5559746482,IL926484,IL,True,False
hcp_master,HCP001541,HCP001541,0833875632,90458979155,AM0629366,AMANDA,HOOVER,A,,PA,207RX0202X,2541 MEDICAL Plaza,SYNTH CITY 41,OH,90987,5551516410,OH714718,OH,True,False
hcp_master,HCP001542,HCP001542,7816641402,91216174350,GG7100932,LESLIE,MOORE,K,,MD,207R00000X,2542 MEDICAL Plaza STE 26,SYNTH CITY 42,MI,90994,5557855249,MI972981,MI,True,False
hcp_master,HCP001543,HCP001543,1450979004,92279648213,GM6726094,CHERYL,HUNTER,R,,PA,207RR0500X,2543 MEDICAL Plaza STE 36,SYNTH CITY 43,MN,91001,5559212880,MN200362,MN,True,False
hcp_master,HCP001544,HCP001544,6232543101,86676994093,BA7192062,AMY,WILSON,B,,DO,207RC0000X,2544 MEDICAL Plaza STE 5,SYNTH CITY 44,CA,91008,5557642626,CA298121,CA,True,False
hcp_master,HCP001545,HCP001545,,52373945665,FP7069593,NICHOLAS,RODRIGUEZ,R,,MD,208000000X,2545 MEDICAL Plaza,SYNTH CITY 45,OR,91015,5556146705,OR158201,OR,True,False
hcp_master,HCP001546,HCP001546,1536417979,10189584097,MA9000981,JESSICA,MOORE,P,,DO,207Q00000X,2546 MEDICAL Plaza,SYNTH CITY 46,WA,91022,5551277322,WA281648,WA,True,False
hcp_master,HCP001547,HCP001547,8206269929,45356842068,FR4405545,JOSHUA,PRICE,J,,NP,207RX0202X,2547 MEDICAL PLZ,SYNTH CITY 47,AZ,91029,5554902695,AZ577420,AZ,True,False
hcp_master,HCP001548,HCP001548,2033045867,41542855625,RM8076891,EVELYN,SMITH,R,,DO,207R00000X,2548 MEDICAL Plaza STE 17,SYNTH CITY 48,CO,91036,5555940147,CO191105,CO,True,False
hcp_master,HCP001549,HCP001549,4932110057,51641664107,BB6483830,JESSICA,STOUT,F,,NP,207RR0500X,2549 MEDICAL PLZ,SYNTH CITY 49,TX,91043,5555745967,TX189312,TX,True,False
hcp_master,HCP001550,HCP001550,0674079609,44076240130,BM3168538,PAUL,JAMES,M,,DO,207RC0000X,2550 MEDICAL Plaza STE 25,SYNTH CITY 0,FL,91050,5552981474,FL746790,FL,True,True
hcp_master,HCP001551,HCP001551,2564744615,82700641374,GA7122428,ZACHARY,GROSS,J,,DO,208000000X,2551 MEDICAL Plaza,SYNTH CITY 1,GA,91057,5552990552,GA210946,GA,True,False
hcp_master,HCP001552,HCP001552,8032050683,76544188751,MR1399422,HEATHER,HOWELL,R,,DO,207Q00000X,2552 MEDICAL PLZ,SYNTH CITY 2,NY,91064,5551572325,NY171722,NY,True,False
hcp_master,HCP001553,HCP001553,9102291983,49294998746,BB7729694,DIANE,WHITE,T,,NP,207RX0202X,2553 MEDICAL Plaza STE 33,SYNTH CITY 3,NJ,91071,5559676629,NJ351632,NJ,True,False
hcp_master,HCP001554,HCP001554,0159849690,99816030770,RP8499537,AMBER,COOPER,C,,MD,207R00000X,2554 MEDICAL Plaza STE 39,SYNTH CITY 4,MA,91078,5551387017,MA789920,MA,True,False
hcp_master,HCP001555,HCP001555,8288559437,90327539447,BG7340786,KAYLA,BENNETT,J,,NP,207RR0500X,2555 MEDICAL Plaza,SYNTH CITY 5,PA,91085,5556560578,PA522006,PA,True,False
hcp_master,HCP001556,HCP001556,0457156681,78814768292,AP9318061,ZACHARY,MCMAHON,K,,NP,207RC0000X,2556 MEDICAL PLZ,SYNTH CITY 6,IL,91092,5559124031,IL518395,IL,True,False
hcp_master,HCP001557,HCP001557,4559817257,90993158404,GR8649238,RITA,GILL,L,,PA,208000000X,2557 MEDICAL Plaza,SYNTH CITY 7,OH,91099,5552181791,OH943957,OH,True,False
hcp_master,HCP001558,HCP001558,4269096051,10856857509,RB6126390,JASON,MARTIN,D,,NP,207Q00000X,2558 MEDICAL Plaza,SYNTH CITY 8,MI,91106,5559065707,MI828162,MI,True,False
hcp_master,HCP001559,HCP001559,9861467246,82366759152,GR8946402,OSCAR,BENNETT,J,,NP,207RX0202X,2559 MEDICAL PLZ,SYNTH CITY 9,MN,91113,5554706382,MN512677,MN,True,False
hcp_master,HCP001560,HCP001560,1016237509,58585619095,FF0404117,CAROLYN,HOWELL,E,,MD,207R00000X,2560 MEDICAL PLZ,SYNTH CITY 10,CA,91120,5555624032,CA554233,CA,True,False
hcp_master,HCP001561,HCP001561,9843768448,47100315979,BM7470683,ANTHONY,DOMINGUEZ,J,,MD,207RR0500X,2561 MEDICAL PLZ,SYNTH CITY 11,OR,91127,5558567126,OR839113,OR,True,False
hcp_master,HCP001562,HCP001562,5738468375,64708998679,PB1919908,JAVIER,GARCIA,D,,NP,207RC0000X,2562 MEDICAL Plaza,SYNTH CITY 12,WA,91134,5558340446,WA485647,WA,True,False
hcp_master,HCP001563,HCP001563,4593898594,49132826998,GM7354854,MICHELLE,HILL,B,,NP,208000000X,2563 MEDICAL Plaza STE 16,SYNTH CITY 13,AZ,91141,5552174388,AZ820579,AZ,True,False
hcp_master,HCP001564,HCP001564,7119441708,19019675271,AP3041463,JAMES,CLARK,C,,MD,207Q00000X,2564 MEDICAL PLZ,SYNTH CITY 14,CO,91148,5556166474,CO120800,CO,True,True
hcp_master,HCP001565,HCP001565,7099521677,67371857607,PA2731853,DWAYNE,GIBSON,J,,NP,207RX0202X,2565 MEDICAL Plaza STE 30,SYNTH CITY 15,TX,91155,5559675980,TX605600,TX,True,False
hcp_master,HCP001566,HCP001566,3017480062,29473841521,BF0050791,CHRISTINA,HAYES,J,JR,DO,207R00000X,2566 MEDICAL PLZ,SYNTH CITY 16,FL,91162,5558378148,FL900964,FL,True,False
hcp_master,HCP001567,HCP001567,9769657617,12860365760,RG9260188,JAMES,HARTMAN,K,,PA,207RR0500X,2567 MEDICAL PLZ,SYNTH CITY 17,GA,91169,5554605723,GA147869,GA,True,False
hcp_master,HCP001568,HCP001568,4326046677,04986494750,MR7600844,BILL,CANTRELL,B,,DO,207RC0000X,2568 MEDICAL PLZ,SYNTH CITY 18,NY,91176,5556028596,NY582708,NY,True,False
hcp_master,HCP001569,HCP001569,4544888546,68895392397,MG4844012,STEPHANIE,WALL,M,,NP,208000000X,2569 MEDICAL Plaza,SYNTH CITY 19,NJ,91183,5551037850,NJ596184,NJ,True,False
hcp_master,HCP001570,HCP001570,8094814802,49536205711,MF9335966,FRANK,PATEL,K,,PA,207Q00000X,2570 MEDICAL PLZ,SYNTH CITY 20,MA,91190,5552398526,MA357852,MA,True,False
hcp_master,HCP001571,HCP001571,4584543761,58784627052,MB9186937,BILL,VASQUEZ,C,,MD,207RX0202X,2571 MEDICAL PLZ,SYNTH CITY 21,PA,91197,5558058823,PA753791,PA,True,False
hcp_master,HCP001572,HCP001572,3848666889,35242197540,FB5498683,MELANIE,MILLER JR,A,JR,PA,207R00000X,2572 MEDICAL Plaza,SYNTH CITY 22,IL,91204,5558707248,IL209519,IL,True,False
hcp_master,HCP001573,HCP001573,6454072235,85394189223,FB0121192,MICHELLE,STOUT,E,,DO,207RR0500X,2573 MEDICAL Plaza STE 22,SYNTH CITY 23,OH,91211,5551152403,OH802707,OH,True,False
hcp_master,HCP001574,HCP001574,7197019848,85609124776,RM1725633,ASHLEE,HARRIS,L,,PA,207RC0000X,2574 MEDICAL Plaza,SYNTH CITY 40,IL,90980,5555255569,MI444988,MI,True,False
hcp_master,HCP001575,HCP001575,4035226578,85170397508,GR7918728,LUKE,BRIGGS,M,,NP,208000000X,2575 MEDICAL PLZ,SYNTH CITY 25,MN,91225,5556700401,MN615595,MN,True,False
hcp_master,HCP001576,HCP001576,9606353396,26909828810,MM8919863,CHRISTINE,ANDERSON,J,,NP,207Q00000X,2576 MEDICAL PLZ,SYNTH CITY 39,GA,90273,5557512745,CA170380,CA,True,False
hcp_master,HCP001577,HCP001577,8703694900,71923605243,PG7063586,ANTHONY,GONZALES,J,,PA,207RX0202X,2577 MEDICAL PLZ,SYNTH CITY 27,OR,91239,5551318115,OR333839,OR,True,False
hcp_master,HCP001578,HCP001578,2699003218,14067520471,PR6826777,LAURIE,BRAY,M,,NP,207R00000X,2578 MEDICAL PLZ,SYNTH CITY 28,WA,91246,5556755158,WA205600,WA,True,False
hcp_master,HCP001579,HCP001579,9471282365,50367980408,AP0191456,ADAM,ODOM,M,,NP,207RR0500X,2579 MEDICAL PLZ,SYNTH CITY 29,AZ,91253,5551974046,AZ997519,AZ,True,False
hcp_master,HCP001580,HCP001580,4190468239,16044531792,GA1376700,LAURA,DUNLAP,M,,NP,207RC0000X,2580 MEDICAL Plaza,SYNTH CITY 30,CO,91260,5552692168,CO625834,CO,True,False
hcp_master,HCP001581,HCP001581,8070238570,63415591720,FR4136222,DEBBIE,HARRIS,J,,DO,208000000X,2581 MEDICAL PLZ,SYNTH CITY 31,TX,91267,5553955727,TX375290,TX,True,False
hcp_master,HCP001582,HCP001582,6296921730,57204958884,BR5347382,ROBERT,BELL,C,,PA,207Q00000X,2582 MEDICAL Plaza,SYNTH CITY 32,FL,91274,5552863994,FL883456,FL,True,False
hcp_master,HCP001583,HCP001583,5099906237,55987940834,FR3665508,PATRICK,BRADSHAW,D,,MD,207RX0202X,2583 MEDICAL PLZ,SYNTH CITY 33,GA,91281,5556614449,GA459398,GA,True,False
hcp_master,HCP001584,HCP001584,5680562670,92110036656,AR1361492,TRACY,ALVARADO,K,,MD,207R00000X,2584 MEDICAL Plaza STE 6,SYNTH CITY 34,NY,91288,5552317527,NY147399,NY,True,False
hcp_master,HCP001585,HCP001585,0317191977,41668288722,AP4314183,MARY,THOMAS,S,,NP,207RR0500X,2585 MEDICAL Plaza,SYNTH CITY 35,NJ,91295,5551687128,NJ205168,NJ,True,False
hcp_master,HCP001586,HCP001586,2711500985,01485897023,GP9949916,BRENDA,HORTON,J,,PA,207RC0000X,2586 MEDICAL PLZ,SYNTH CITY 36,MA,91302,5556433908,MA273159,MA,True,False
hcp_master,HCP001587,HCP001587,9891735661,77652528007,PG5088205,CHARLES,WILLIAMS,A,,MD,208000000X,2587 MEDICAL Plaza STE 37,SYNTH CITY 37,PA,91309,5554232345,PA693436,PA,True,False
hcp_master,HCP001588,HCP001588,7638628470,55776505990,RB0051648,EMILY,ERICKSON,L,,NP,207Q00000X,2588 MEDICAL Plaza STE 18,SYNTH CITY 38,IL,91316,5555124049,IL225868,IL,True,False
hcp_master,HCP001589,HCP001589,5095330408,11030025244,MA9092403,STEVEN,PEREZ,M,,NP,207RX0202X,2589 MEDICAL PLZ,SYNTH CITY 39,OH,91323,5559333653,OH430911,OH,True,False
hcp_master,HCP001590,HCP001590,7640865979,14523541558,AG9273177,CHRIS,PATTERSON,A,,DO,207R00000X,2590 MEDICAL Plaza STE 25,SYNTH CITY 40,MI,91330,5551291709,MI755599,MI,True,False
hcp_master,HCP001591,HCP001591,3130572589,33734218018,PB8730764,AMANDA,GARCIA,L,,DO,207RR0500X,2591 MEDICAL Plaza,SYNTH CITY 41,MN,91337,5552834819,MN904039,MN,True,False
hcp_master,HCP001592,HCP001592,4564693362,14124648706,AB7531375,CAROL,GOLDEN,L,,MD,207RC0000X,2592 MEDICAL PLZ,SYNTH CITY 42,CA,91344,5551778637,CA209403,CA,True,False
hcp_master,HCP001593,HCP001593,7570137068,27637646277,GM8622983,KENNETH,PETERS,K,III,MD,208000000X,2593 MEDICAL Plaza,SYNTH CITY 43,OR,91351,5559346962,OR380162,OR,True,False
hcp_master,HCP001594,HCP001594,4952021192,42171033255,GG6130968,LISA,CROSS,T,,PA,207Q00000X,2594 MEDICAL Plaza,SYNTH CITY 44,WA,91358,5556179507,WA882851,WA,True,False
hcp_master,HCP001595,HCP001595,7398052580,60801744017,GB4498415,SARAH,ORTIZ,M,,MD,207RX0202X,2595 MEDICAL PLZ,SYNTH CITY 45,AZ,91365,5554937906,AZ908959,AZ,True,False
hcp_master,HCP001596,HCP001596,7232877374,45907649753,MA2425834,ELIJAH,WHITE,M,,DO,207R00000X,2596 MEDICAL PLZ,SYNTH CITY 46,CO,91372,5559059025,CO310921,CO,True,False
hcp_master,HCP001597,HCP001597,7665237740,11202828872,RM7366557,PETER,BROOKS,J,,PA,207RR0500X,2597 MEDICAL Plaza STE 6,SYNTH CITY 47,TX,91379,5554148266,TX900057,TX,True,False
hcp_master,HCP001598,HCP001598,8852193035,84945460053,BP7117435,ARIEL,MAY,L,,DO,207RC0000X,2598 MEDICAL PLZ,SYNTH CITY 48,FL,91386,5551703475,FL726690,FL,True,False
hcp_master,HCP001599,HCP001599,6032903521,74391405375,MR9257145,TODD,LOPEZ,K,,PA,208000000X,2599 MEDICAL PLZ,SYNTH CITY 49,GA,91393,5558719250,GA314067,GA,True,False
hcp_master,HCP001600,HCP001600,7262068951,60236329070,FP8309840,HEATHER,SHERMAN,M,,NP,207Q00000X,2600 MEDICAL Plaza STE 2,SYNTH CITY 0,CA,90000,5558870401,CA757832,CA,True,False
hcp_master,HCP001601,HCP001601,6104517688,31867667000,RG9930842,MICHAEL,VAUGHN,L,,PA,207RX0202X,2601 MEDICAL Plaza STE 23,SYNTH CITY 1,OR,90007,5559364440,OR456825,OR,True,False
hcp_master,HCP001602,HCP001602,6114498903,69864332542,BG0303660,JACQUELINE,DAVIS,P,,DO,207R00000X,2602 MEDICAL PLZ,SYNTH CITY 2,WA,90014,5551327097,WA708749,WA,True,False
hcp_master,HCP001603,HCP001603,5142914477,10756939957,AM0470442,KRISTY,WINTERS,T,,NP,207RR0500X,2603 MEDICAL PLZ,SYNTH CITY 3,AZ,90021,5559564455,AZ915567,AZ,True,False
hcp_master,HCP001604,HCP001604,2746790312,37147782892,MM8028042,STEPHEN,HIGGINS,C,,NP,207RC0000X,2604 MEDICAL PLZ,SYNTH CITY 4,CO,90028,5555554213,CO169639,CO,True,False
hcp_master,HCP001605,HCP001605,8617980015,39077956086,MF0771806,GABRIELA,NOBLE,H,,MD,208000000X,2605 MEDICAL PLZ,SYNTH CITY 5,TX,90035,5557732086,TX394632,TX,True,False
hcp_master,HCP001606,HCP001606,5146752279,76444051984,MA5858093,ROBERT,MCKAY,E,,NP,207Q00000X,2606 MEDICAL PLZ,SYNTH CITY 6,FL,90042,5554122431,FL212994,FL,True,False
hcp_master,HCP001607,HCP001607,9438808435,59060037339,BP8699013,FRANK,CARR,B,,NP,207RX0202X,2607 MEDICAL PLZ,SYNTH CITY 7,GA,90049,5551056016,GA907977,GA,True,False
hcp_master,HCP001608,HCP001608,9025915130,27607609764,PF7667115,NICHOLAS,ACOSTA,J,,PA,207R00000X,2608 MEDICAL PLZ,SYNTH CITY 8,NY,90056,5556580485,NY961477,NY,True,False
hcp_master,HCP001609,HCP001609,6563657876,93726072234,AG1535190,HEATHER,CUMMINGS,J,,PA,207RR0500X,2609 MEDICAL PLZ,SYNTH CITY 9,NJ,90063,5558473330,NJ636698,NJ,True,False
hcp_master,HCP001610,HCP001610,5288724714,18327886061,PR6227781,JEFFREY,MCCORMICK,M,III,DO,207RC0000X,2610 MEDICAL Plaza STE 8,SYNTH CITY 10,MA,90070,5555762471,MA761880,MA,True,False
hcp_master,HCP001611,HCP001611,9729922333,79052251084,AR6764736,ZACHARY,BENNETT,J,,NP,208000000X,2611 MEDICAL Plaza,SYNTH CITY 11,PA,90077,5551138375,PA134228,PA,True,False
hcp_master,HCP001612,HCP001612,4452549395,46472960262,FM3964220,TREVOR,DEAN,A,,PA,207Q00000X,2612 MEDICAL Plaza,SYNTH CITY 12,IL,90084,5555972306,IL178117,IL,True,False
hcp_master,HCP001613,HCP001613,3168974517,25436995548,RA7073572,STACEY,BROWN,M,,PA,207RX0202X,2613 MEDICAL Plaza,SYNTH CITY 13,OH,90091,5554488425,OH204188,OH,True,False
hcp_master,HCP001614,HCP001614,5101058720,52478077203,BA2180538,GREGORY,FERNANDEZ,P,,DO,207R00000X,2614 MEDICAL PLZ,SYNTH CITY 14,MI,90098,5557010904,MI826213,MI,True,False
hcp_master,HCP001615,HCP001615,5224949508,81264852312,PB4149772,KIMBERLY,MARTINEZ,J,,PA,207RR0500X,2615 MEDICAL PLZ,SYNTH CITY 15,MN,90105,5554050943,MN961964,MN,True,False
hcp_master,HCP001616,HCP001616,6394201233,32536596311,MA3038099,LAUREN,PALMER,J,,MD,207RC0000X,2616 MEDICAL PLZ,SYNTH CITY 16,CA,90112,5559272655,CA189892,CA,True,False
hcp_master,HCP001617,HCP001617,3478099534,71917824570,BB3644400,SARAH,LOPEZ,A,III,PA,208000000X,2617 MEDICAL Plaza,SYNTH CITY 17,OR,90119,5556998886,OR536300,OR,True,False
hcp_master,HCP001618,HCP001618,9347192079,91256672191,GF7313114,WILLIAM,BARNETT,J,,PA,207Q00000X,2618 MEDICAL PLZ,SYNTH CITY 18,WA,90126,5559820184,WA568435,WA,True,False
hcp_master,HCP001619,HCP001619,5963620781,43958032190,GB0923169,ASHLEY,LOWE,C,,DO,207RX0202X,2619 MEDICAL Plaza STE 6,SYNTH CITY 19,AZ,90133,5558203439,AZ592212,AZ,True,False
hcp_master,HCP001620,HCP001620,9347849843,11029233555,AF9906150,YESENIA,PEREZ,K,,MD,207R00000X,2620 MEDICAL PLZ,SYNTH CITY 20,CO,90140,5552747125,CO469584,CO,True,False
hcp_master,HCP001621,HCP001621,1393513233,55545721613,MM7440728,THOMAS,CARTER,A,,PA,207RR0500X,2621 MEDICAL Plaza,SYNTH CITY 35,NJ,91295,5554544993,TX440360,TX,True,False
hcp_master,HCP001622,HCP001622,9053055775,44193189259,MG5195034,REBECCA,KIRK,A,,DO,207RC0000X,2622 MEDICAL PLZ,SYNTH CITY 22,FL,90154,5551384443,FL250383,FL,True,False
hcp_master,HCP001623,HCP001623,9835212406,62121550874,BB9286688,CHARLES,MORTON,J,,MD,208000000X,2623 MEDICAL PLZ,SYNTH CITY 23,GA,90161,5554475774,GA797460,GA,True,False
hcp_master,HCP001624,HCP001624,6174425127,58203159415,PR4452171,NATHAN,VALENTINE,L,,DO,207Q00000X,2624 MEDICAL Plaza,SYNTH CITY 24,NY,90168,5559854309,NY439866,NY,True,False
hcp_master,HCP001625,HCP001625,7445411763,38063114163,RB3362149,SHANNON,WILLIAMS,J,,PA,207RX0202X,2625 MEDICAL Plaza STE 23,SYNTH CITY 25,NJ,90175,5557890178,NJ791739,NJ,True,False
hcp_master,HCP001626,HCP001626,3014562789,14836848651,PF2933927,MARK,HUDSON SR,M,SR,DO,207R00000X,2626 MEDICAL Plaza,SYNTH CITY 26,MA,90182,5554561703,MA753179,MA,True,False
hcp_master,HCP001627,HCP001627,4183481124,37344153968,BA4556832,WHITNEY,VAZQUEZ,M,,DO,207RR0500X,2627 MEDICAL PLZ,SYNTH CITY 27,PA,90189,5554734802,PA822656,PA,True,False
hcp_master,HCP001628,HCP001628,3038883484,71256772379,RR6470995,PAUL,BAUER,L,,NP,207RC0000X,2628 MEDICAL Plaza STE 20,SYNTH CITY 28,IL,90196,5557588874,IL285196,IL,True,False
hcp_master,HCP001629,HCP001629,5248693462,14503167008,FP6733765,KEVIN,THOMAS,M,,DO,208000000X,2629 MEDICAL Plaza,SYNTH CITY 0,FL,91050,5557381901,OH901180,OH,True,False
hcp_master,HCP001630,HCP001630,4286024680,33992585775,FG8382408,THOMAS,CASTANEDA,K,,NP,207Q00000X,2630 MEDICAL PLZ,SYNTH CITY 30,MI,90210,5555458489,MI575002,MI,True,False
hcp_master,HCP001631,HCP001631,7137723731,05912515263,RP9190288,RYAN,VEGA,A,JR,DO,207RX0202X,2631 MEDICAL PLZ,SYNTH CITY 31,MN,90217,5555654918,MN124990,MN,True,False
hcp_master,HCP001632,HCP001632,8361547994,68808496329,BA1525820,AMY,TAYLOR,T,,NP,207R00000X,2632 MEDICAL PLZ,SYNTH CITY 32,CA,90224,5558906115,CA161338,CA,True,False
hcp_master,HCP001633,HCP001633,5445293769,46656574859,GM4376381,TYLER,ONEAL,E,,DO,207RR0500X,2633 MEDICAL Plaza,SYNTH CITY 41,MN,91337,5556976643,OR816485,OR,True,False
hcp_master,HCP001634,HCP001634,7692195333,13878150412,BB8319018,JOSEPH,ROBINSON,M,,DO,207RC0000X,2634 MEDICAL PLZ,SYNTH CITY 34,WA,90238,5554229521,WA629859,WA,True,False
hcp_master,HCP001635,HCP001635,0403613231,75668197100,MF1340506,DAVID,NEWMAN,J,,DO,208000000X,2635 MEDICAL PLZ,SYNTH CITY 35,AZ,90245,5554472592,AZ564576,AZ,True,False
hcp_master,HCP001636,HCP001636,8238017320,40571068067,BB5651845,JESSICA,HARPER,V,,DO,207Q00000X,2636 MEDICAL PLZ,SYNTH CITY 36,CO,90252,5552249484,CO387099,CO,True,False
hcp_master,HCP001637,HCP001637,7465887926,82726078554,MG4514482,RYAN,FOX,C,,PA,207RX0202X,2637 MEDICAL Plaza STE 21,SYNTH CITY 37,TX,90259,5553851940,TX731086,TX,True,False
hcp_master,HCP001638,HCP001638,1801031083,66101394223,MP0703512,DAVID,BIRD,G,,MD,207R00000X,2638 MEDICAL Plaza,SYNTH CITY 38,FL,90266,5554672825,FL799832,FL,True,False
hcp_master,HCP001639,HCP001639,6173668834,43456369662,FA5079816,MARTIN,WONG,A,III,PA,207RR0500X,2639 MEDICAL PLZ,SYNTH CITY 39,GA,90273,5559188217,GA515561,GA,True,False
hcp_master,HCP001640,HCP001640,5049404143,65706601688,PP6153210,RAVEN,JOHNSON,P,,PA,207RC0000X,2640 MEDICAL PLZ,SYNTH CITY 40,NY,90280,5555359902,NY372284,NY,True,False
hcp_master,HCP001641,HCP001641,5794815402,86772439193,PB8593980,JENNIFER,RAMSEY,C,,DO,208000000X,2641 MEDICAL Plaza,SYNTH CITY 41,NJ,90287,5551758113,NJ890360,NJ,True,False
hcp_master,HCP001642,HCP001642,0646085270,44273178843,BF1827369,ANDREW,TRUJILLO,J,,DO,207Q00000X,2642 MEDICAL Plaza,SYNTH CITY 42,MA,90294,5557510866,MA329072,MA,True,False
hcp_master,HCP001643,HCP001643,4056253071,40789936048,MP9763505,MARK,WYATT,C,,PA,207RX0202X,2643 MEDICAL Plaza STE 1,SYNTH CITY 43,PA,90301,5554209500,PA909532,PA,True,False
hcp_master,HCP001644,HCP001644,0079250144,00540258464,RR4258537,MELINDA,HO,C,,MD,207R00000X,2644 MEDICAL PLZ,SYNTH CITY 44,IL,90308,5559465741,IL921564,IL,True,False
hcp_master,HCP001645,HCP001645,2397174049,50829730110,MR7796047,MARIA,HILL,C,,DO,207RR0500X,2645 MEDICAL Plaza,SYNTH CITY 45,OH,90315,5554274601,OH802994,OH,True,False
hcp_master,HCP001646,HCP001646,2172996987,73151009037,PA8996511,MICHELLE,KIRBY,H,,PA,207RC0000X,2646 MEDICAL PLZ,SYNTH CITY 46,MI,90322,5556074998,MI656402,MI,True,False
hcp_master,HCP001647,HCP001647,3577829831,24168417788,GF1189693,KEVIN,WILLIAMS,J,,PA,208000000X,2647 MEDICAL Plaza,SYNTH CITY 47,MN,90329,5552209605,MN676021,MN,True,False
hcp_master,HCP001648,HCP001648,2160993657,68583796920,GF6381923,MICHELLE,CURTIS,S,,MD,207Q00000X,2648 MEDICAL PLZ,SYNTH CITY 48,CA,90336,5551962146,CA936529,CA,True,False
hcp_master,HCP001649,HCP001649,2378063780,89737038625,AR5532344,JUSTIN,STEWART,A,,DO,207RX0202X,2649 MEDICAL PLZ,SYNTH CITY 49,OR,90343,5556229273,OR378982,OR,True,False
hcp_master,HCP001650,HCP001650,6977215212,97115621621,FF4355025,JIM,RAMOS,T,,NP,207R00000X,2650 MEDICAL PLZ,SYNTH CITY 0,WA,90350,5556759906,WA184848,WA,True,False
hcp_master,HCP001651,HCP001651,8080568776,91248386474,AP1417698,JASON,RICHARDS,J,,DO,207RR0500X,2651 MEDICAL PLZ,SYNTH CITY 1,AZ,90357,5559447423,AZ238410,AZ,True,False
hcp_master,HCP001652,HCP001652,5864257022,02358835082,AM3446856,RICHARD,HOLLOWAY,S,,MD,207RC0000X,2652 MEDICAL Plaza,SYNTH CITY 2,CO,90364,5555443123,CO404700,CO,True,False
hcp_master,HCP001653,HCP001653,,70351195516,RR1258021,JOYCE,MEYER,L,,NP,208000000X,2653 MEDICAL PLZ,SYNTH CITY 3,TX,90371,5552190050,TX136865,TX,True,False
hcp_master,HCP001654,HCP001654,5081760741,14285082686,FA2590137,JOEL,WEBER,N,,NP,207Q00000X,2654 MEDICAL PLZ,SYNTH CITY 4,FL,90378,5559986814,FL966745,FL,True,False
hcp_master,HCP001655,HCP001655,7610816317,80757514983,RA5761179,SERGIO,MOLINA,G,,PA,207RX0202X,2655 MEDICAL PLZ,SYNTH CITY 5,GA,90385,5558109708,GA954124,GA,True,False
hcp_master,HCP001656,HCP001656,7550095039,86728723726,FF1735210,TAYLOR,HENSLEY,C,,NP,207R00000X,2656 MEDICAL PLZ,SYNTH CITY 6,NY,90392,5554329077,NY520149,NY,True,False
hcp_master,HCP001657,HCP001657,8108003541,07093991319,GP5850469,LARRY,LANE,J,,PA,207RR0500X,2657 MEDICAL Plaza,SYNTH CITY 7,NJ,90399,5558883378,NJ941778,NJ,True,False
hcp_master,HCP001658,HCP001658,9834398791,60481577532,BP2602370,AMY,RAMOS,M,,DO,207RC0000X,2658 MEDICAL Plaza,SYNTH CITY 8,MA,90406,5559823106,MA819301,MA,True,False
hcp_master,HCP001659,HCP001659,0362258101,09216717336,AB8997138,JENNIFER,SULLIVAN,K,,DO,208000000X,2659 MEDICAL Plaza,SYNTH CITY 9,PA,90413,5557631609,PA619320,PA,True,False
hcp_master,HCP001660,HCP001660,7693762164,22019144738,PG8345109,JUSTIN,WRIGHT,K,JR,NP,207Q00000X,2660 MEDICAL Plaza,SYNTH CITY 10,IL,90420,5552976842,IL341461,IL,True,False
hcp_master,HCP001661,HCP001661,0959193711,71268810304,GR0335368,SHANNON,BARKER,K,,NP,207RX0202X,2661 MEDICAL Plaza STE 11,SYNTH CITY 11,OH,90427,5556032136,OH898371,OH,True,False
hcp_master,HCP001662,HCP001662,6992222698,42840782279,BG6801857,ASHLEY,WILLIAMS,D,,MD,207R00000X,2662 MEDICAL PLZ,SYNTH CITY 12,MI,90434,5559478897,MI438329,MI,True,False
hcp_master,HCP001663,HCP001663,6179335636,25333506512,BR9769733,ERNEST,WARD,W,,NP,207RR0500X,2663 MEDICAL Plaza,SYNTH CITY 13,MN,90441,5559184036,MN975101,MN,True,False
hcp_master,HCP001664,HCP001664,4344685217,60029773944,RP2636109,STEVEN,JOHNSON,J,,MD,207RC0000X,2664 MEDICAL PLZ,SYNTH CITY 45,OH,90315,5557746884,CA113469,CA,True,False
hcp_master,HCP001665,HCP001665,6147214830,33113244430,PG1099145,DANIELLE,ROBERTS,N,,DO,208000000X,2665 MEDICAL PLZ,SYNTH CITY 15,OR,90455,5558035071,OR338864,OR,True,False
hcp_master,HCP001666,HCP001666,9904009203,92069383420,BM0892214,KIMBERLY,HURST,S,,PA,207Q00000X,2666 MEDICAL PLZ,SYNTH CITY 16,WA,90462,5555032730,WA389530,WA,True,False
hcp_master,HCP001667,HCP001667,8981143646,45616528427,BM6422219,JEFFREY,LARSON,W,,PA,207RX0202X,2667 MEDICAL Plaza STE 14,SYNTH CITY 17,AZ,90469,5556519723,AZ691648,AZ,True,False
hcp_master,HCP001668,HCP001668,6424844283,11558360872,AA8635504,SCOTT,POWERS,A,,NP,207R00000X,2668 MEDICAL PLZ,SYNTH CITY 18,CO,90476,5551973503,CO935297,CO,True,False
hcp_master,HCP001669,HCP001669,1350797944,21681553272,AM0305223,MATTHEW,CRUZ,S,,DO,207RR0500X,2669 MEDICAL PLZ,SYNTH CITY 19,TX,90483,5555362527,TX642844,TX,True,False
hcp_master,HCP001670,HCP001670,7806100104,57195067476,MF9647297,LORI,GRAY,J,,NP,207RC0000X,2670 MEDICAL PLZ,SYNTH CITY 4,MA,91078,5557491165,FL954629,FL,True,False
hcp_master,HCP001671,HCP001671,4341668455,14920850929,FF2184534,BRETT,OBRIEN,S,,DO,208000000X,2671 MEDICAL PLZ,SYNTH CITY 21,GA,90497,5557914161,GA518849,GA,True,False
hcp_master,HCP001672,HCP001672,6765519890,78266100722,RM0344780,JOHN,WOODS,M,JR,NP,207Q00000X,2672 MEDICAL Plaza,SYNTH CITY 22,NY,90504,5556157012,NY169653,NY,True,False
hcp_master,HCP001673,HCP001673,0844668828,89969784909,RP9431180,ANGELA,RYAN,D,,DO,207RX0202X,2673 MEDICAL Plaza,SYNTH CITY 23,NJ,90511,5551267944,NJ932291,NJ,True,False
hcp_master,HCP001674,HCP001674,0036654008,80065308652,RA7776344,JESUS,KRAUSE,K,,DO,207R00000X,2674 MEDICAL Plaza STE 10,SYNTH CITY 24,MA,90518,5559725130,MA749806,MA,True,True
hcp_master,HCP001675,HCP001675,5080677557,58790224876,FA6024761,MICHAEL,SHAW,J,,MD,207RR0500X,2675 MEDICAL PLZ,SYNTH CITY 25,PA,90525,5554234626,PA691776,PA,True,False
hcp_master,HCP001676,HCP001676,2861002162,16048281723,GM5526001,AMANDA,MACK,K,,PA,207RC0000X,2676 MEDICAL PLZ,SYNTH CITY 26,IL,90532,5553423027,IL662688,IL,True,False
hcp_master,HCP001677,HCP001677,0966680940,53901226486,MP4318267,LUCAS,HERRERA,C,,DO,208000000X,2677 MEDICAL PLZ,SYNTH CITY 27,OH,90539,5558668309,OH392733,OH,True,False
hcp_master,HCP001678,HCP001678,7684010821,29846344341,MA9920404,MICHAEL,YATES,B,,PA,207Q00000X,2678 MEDICAL PLZ,SYNTH CITY 28,MI,90546,5557387412,MI113015,MI,True,False
hcp_master,HCP001679,HCP001679,6957685418,77373808782,GB7667042,MAURICE,CONTRERAS,K,,PA,207RX0202X,2679 MEDICAL PLZ,SYNTH CITY 29,MN,90553,5555746149,MN453027,MN,True,False
hcp_master,HCP001680,HCP001680,5626073824,92577242640,FF5996908,NICOLE,COOKE,J,,NP,207R00000X,2680 MEDICAL Plaza STE 1,SYNTH CITY 30,CA,90560,5558278978,CA414386,CA,True,False
hcp_master,HCP001681,HCP001681,3735023772,75256931384,FG2869070,JESSICA,BUTLER,T,,MD,207RR0500X,2681 MEDICAL Plaza,SYNTH CITY 31,OR,90567,5552706522,OR384266,OR,True,False
hcp_master,HCP001682,HCP001682,1904515552,37332613408,FR6264486,KYLE,BRADLEY,W,,PA,207RC0000X,2682 MEDICAL Plaza STE 26,SYNTH CITY 41,NJ,90287,5555446323,WA519183,WA,True,False
hcp_master,HCP001683,HCP001683,5110293946,45377746394,BG9938312,JOSHUA,CHAMBERS,D,,DO,208000000X,2683 MEDICAL PLZ,SYNTH CITY 33,AZ,90581,5551104134,AZ444985,AZ,True,False
hcp_master,HCP001684,HCP001684,2199471154,78634210409,RP7678582,JOSHUA,GEORGE,D,,PA,207Q00000X,2684 MEDICAL PLZ,SYNTH CITY 34,CO,90588,5552165055,CO263794,CO,True,False
hcp_master,HCP001685,HCP001685,1589060080,99517538624,FG2640001,ELIZABETH,SCOTT,A,,MD,207RX0202X,2685 MEDICAL Plaza,SYNTH CITY 35,TX,90595,5554716169,TX118897,TX,True,False
hcp_master,HCP001686,HCP001686,3077873693,09587705719,MP6890954,BILL,FRAZIER,L,,MD,207R00000X,2686 MEDICAL Plaza STE 5,SYNTH CITY 36,FL,90602,5557359261,FL579513,FL,True,False
hcp_master,HCP001687,HCP001687,8972992852,74114903220,BG4681382,JOSHUA,OBRIEN,R,,MD,207RR0500X,2687 MEDICAL Plaza,SYNTH CITY 37,GA,90609,5555508834,GA330294,GA,True,False
hcp_master,HCP001688,HCP001688,5703624499,19531270794,PR7552175,REBECCA,TATE,D,,PA,207RC0000X,2688 MEDICAL PLZ,SYNTH CITY 38,NY,90616,5551060488,NY966370,NY,True,False
hcp_master,HCP001689,HCP001689,6219310888,80550866597,MG8381003,JASON,NOLAN,G,,NP,208000000X,2689 MEDICAL PLZ,SYNTH CITY 39,NJ,90623,5557894042,NJ128172,NJ,True,False
hcp_master,HCP001690,HCP001690,7109225160,88807016114,FG9432820,JESSICA,BENNETT,J,SR,NP,207Q00000X,2690 MEDICAL PLZ,SYNTH CITY 40,MA,90630,5557988764,MA495052,MA,True,False
hcp_master,HCP001691,HCP001691,0718774157,93980136128,GG5915004,SHANNON,CALDWELL,J,,NP,207RX0202X,2691 MEDICAL PLZ,SYNTH CITY 41,PA,90637,5551055409,PA928894,PA,True,False
hcp_master,HCP001692,HCP001692,6609819647,73308210348,MP0023089,TINA,MORGAN,J,,MD,207R00000X,2692 MEDICAL PLZ,SYNTH CITY 42,IL,90644,5559087997,IL127890,IL,True,False
hcp_master,HCP001693,HCP001693,8988482385,42450514368,AA4727025,DANIEL,HALE,R,,PA,207RR0500X,2693 MEDICAL Plaza STE 27,SYNTH CITY 43,OH,90651,5556721647,OH488113,OH,True,False
hcp_master,HCP001694,HCP001694,1604776355,23713397362,PF9824906,BRIAN,TRAN,J,,NP,207RC0000X,2694 MEDICAL Plaza,SYNTH CITY 44,MI,90658,5554085451,MI552888,MI,True,False
hcp_master,HCP001695,HCP001695,6302207082,92965814172,AF5298933,COLE,GATES,K,,NP,208000000X,2695 MEDICAL PLZ,SYNTH CITY 45,MN,90665,5556935833,MN449611,MN,True,False
hcp_master,HCP001696,HCP001696,0359495708,73563064863,AG7732062,JOHN,KENNEDY,T,III,NP,207Q00000X,2696 MEDICAL PLZ,SYNTH CITY 46,CA,90672,5558848314,CA328339,CA,True,True
hcp_master,HCP001697,HCP001697,0578356814,23476128654,RR4383491,SUSAN,MARTINEZ,A,,DO,207RX0202X,2697 MEDICAL Plaza,SYNTH CITY 47,OR,90679,5558749166,OR264669,OR,True,False
hcp_master,HCP001698,HCP001698,7243517464,76556843216,PF5399988,ANDREA,LEWIS,B,,DO,207R00000X,2698 MEDICAL Plaza,SYNTH CITY 48,WA,90686,5553880194,WA778711,WA,True,True
hcp_master,HCP001699,HCP001699,,60481062156,PA7662816,ADAM,CARTER,A,,DO,207RR0500X,2699 MEDICAL Plaza STE 32,SYNTH CITY 49,AZ,90693,5552749892,AZ250928,AZ,True,False
hcp_master,HCP001700,HCP001700,4432106589,29718969126,GM9281448,KAREN,THOMAS,A,,DO,207RC0000X,2700 MEDICAL PLZ,SYNTH CITY 0,CO,90700,5552725434,CO994046,CO,True,False
hcp_master,HCP001701,HCP001701,8579306712,38726269677,GA9388652,GRANT,MENDOZA,J,,MD,208000000X,2701 MEDICAL PLZ,SYNTH CITY 1,TX,90707,5559890527,TX705672,TX,True,False
hcp_master,HCP001702,HCP001702,8245494231,35319136039,AB0600479,TAMARA,WHITE,M,,MD,207Q00000X,2702 MEDICAL PLZ,SYNTH CITY 2,FL,90714,5559699398,FL756591,FL,True,False
hcp_master,HCP001703,HCP001703,7749830999,89375475622,MG3834355,DANIEL,KLEIN,L,,DO,207RX0202X,2703 MEDICAL Plaza,SYNTH CITY 3,GA,90721,5551593816,GA793069,GA,True,False
hcp_master,HCP001704,HCP001704,9750936863,17649779986,BB1832752,JAMES,DUNN,K,,DO,207R00000X,2704 MEDICAL PLZ,SYNTH CITY 4,NY,90728,5557835407,NY106005,NY,True,False
hcp_master,HCP001705,HCP001705,3938235108,38621541684,GR3285998,JOHN,WHITE,A,,DO,207RR0500X,2705 MEDICAL PLZ,SYNTH CITY 5,NJ,90735,5559395601,NJ787850,NJ,True,False
hcp_master,HCP001706,HCP001706,2942273642,93793960759,GB1079660,ANNETTE,RICE,S,,MD,207RC0000X,2706 MEDICAL PLZ,SYNTH CITY 6,MA,90742,5559424388,MA483092,MA,True,False
hcp_master,HCP001707,HCP001707,2734131784,28281331924,AM1298167,JAMES,TURNER,J,,PA,208000000X,2707 MEDICAL PLZ,SYNTH CITY 7,PA,90749,5555842301,PA313211,PA,True,False
hcp_master,HCP001708,HCP001708,2528619788,66795796718,RF8829511,CHRISTINE,EDWARDS,J,,NP,207Q00000X,2708 MEDICAL Plaza STE 19,SYNTH CITY 8,IL,90756,5554569636,IL559405,IL,True,False
hcp_master,HCP001709,HCP001709,1821936394,15748799949,MA0350566,ANDREW,LEE,A,III,PA,207RX0202X,2709 MEDICAL Plaza STE 18,SYNTH CITY 9,OH,90763,5556673702,OH573696,OH,True,False
hcp_master,HCP001710,HCP001710,5139419126,47547664524,BA8824950,JOSHUA,KEY,B,,MD,207R00000X,2710 MEDICAL Plaza,SYNTH CITY 10,MI,90770,5557868364,MI952630,MI,True,False
hcp_master,HCP001711,HCP001711,0869831897,53559314116,PA3145989,TAMARA,DAVIS,C,,DO,207RR0500X,2711 MEDICAL PLZ,SYNTH CITY 11,MN,90777,5559368961,MN127013,MN,True,False
hcp_master,HCP001712,HCP001712,9795061651,93889869710,MG8528490,EMILY,HOWARD,M,,PA,207RC0000X,2712 MEDICAL Plaza STE 2,SYNTH CITY 12,CA,90784,5557414076,CA213007,CA,True,False
hcp_master,HCP001713,HCP001713,0540024987,49341182133,BM5599296,HEATHER,WATSON,L,,MD,208000000X,2713 MEDICAL PLZ,SYNTH CITY 13,OR,90791,5556752466,OR819293,OR,True,False
hcp_master,HCP001714,HCP001714,6308494247,02111327331,MF7068726,DUSTIN,WALSH,K,,PA,207Q00000X,2714 MEDICAL PLZ,SYNTH CITY 14,WA,90798,5555324914,WA834281,WA,True,False
hcp_master,HCP001715,HCP001715,6135718297,91414550092,GM1362769,ANGELA,DANIELS,A,,NP,207RX0202X,2715 MEDICAL Plaza,SYNTH CITY 15,AZ,90805,5559436520,AZ724751,AZ,True,False
hcp_master,HCP001716,HCP001716,5226666555,66378310588,RA0968974,JONATHAN,WEBB,N,,NP,207R00000X,2716 MEDICAL Plaza STE 27,SYNTH CITY 16,CO,90812,5552538932,CO875168,CO,True,False
hcp_master,HCP001717,HCP001717,4815971153,29325178113,PF7941935,JIM,STEVENS,W,,PA,207RR0500X,2717 MEDICAL Plaza,SYNTH CITY 17,TX,90819,5557034179,TX418133,TX,True,False
hcp_master,HCP001718,HCP001718,7929261775,71741971371,GA0275328,JENNIFER,MORRIS,J,,NP,207RC0000X,2718 MEDICAL PLZ,SYNTH CITY 18,FL,90826,5551396420,FL669444,FL,True,False
hcp_master,HCP001719,HCP001719,7872618187,19733642649,AP7879339,MICHAEL,PAYNE,R,,MD,208000000X,2719 MEDICAL PLZ,SYNTH CITY 19,GA,90833,5552089866,GA629956,GA,True,False
hcp_master,HCP001720,HCP001720,8513555275,08069943869,BG3488504,ALEXANDER,RAMIREZ,D,,DO,207Q00000X,2720 MEDICAL PLZ,SYNTH CITY 20,NY,90840,5557774825,NY620766,NY,True,False
hcp_master,HCP001721,HCP001721,4445559659,91201666983,BF9921789,AMY,DAY,C,,PA,207RX0202X,2721 MEDICAL Plaza STE 29,SYNTH CITY 21,NJ,90847,5554027652,NJ706569,NJ,True,False
hcp_master,HCP001722,HCP001722,0111903916,64576016205,FP8178664,KENNETH,MOON,J,,DO,207R00000X,2722 MEDICAL PLZ,SYNTH CITY 22,MA,90854,5555949134,MA715634,MA,True,False
hcp_master,HCP001723,HCP001723,2844006322,12275777154,RM7866507,ERIC,HOPKINS,T,,DO,207RR0500X,2723 MEDICAL PLZ,SYNTH CITY 23,PA,90861,5554494460,PA412312,PA,True,False
hcp_master,HCP001724,HCP001724,3846074813,22350683136,GM8947415,JILL,MERCER,E,,NP,207RC0000X,2724 MEDICAL Plaza,SYNTH CITY 24,IL,90868,5558468828,IL753469,IL,True,False
hcp_master,HCP001725,HCP001725,0765407438,91116077744,RP1224620,SHANNON,HIGGINS,J,,NP,208000000X,2725 MEDICAL PLZ,SYNTH CITY 25,OH,90875,5557203440,OH211223,OH,True,False
hcp_master,HCP001726,HCP001726,1025242516,36017331227,RA1683807,STEPHANIE,FITZPATRICK,S,,NP,207Q00000X,2726 MEDICAL PLZ,SYNTH CITY 26,MI,90882,5558066921,MI332530,MI,True,False
hcp_master,HCP001727,HCP001727,8508140711,08061627569,GP8337901,MICHAEL,LEWIS,J,,DO,207RX0202X,2727 MEDICAL PLZ,SYNTH CITY 27,MN,90889,5553853523,MN550464,MN,True,False
hcp_master,HCP001728,HCP001728,3713248839,56132620817,RP4572432,DANIELLE,SWEENEY,N,SR,MD,207R00000X,2728 MEDICAL Plaza,SYNTH CITY 28,CA,90896,5555964237,CA675677,CA,True,False
hcp_master,HCP001729,HCP001729,8449082055,74713067738,MM2878350,JESSE,POWELL,M,,PA,207RR0500X,2729 MEDICAL PLZ,SYNTH CITY 29,OR,90903,5559914105,OR758301,OR,True,False
hcp_master,HCP001730,HCP001730,9969565917,49516340848,GR3140892,SAMUEL,HARRINGTON,A,,NP,207RC0000X,2730 MEDICAL Plaza,SYNTH CITY 30,WA,90910,5556124345,WA813958,WA,True,False
hcp_master,HCP001731,HCP001731,5335061680,54469556538,MG0226134,GREGORY,BELL,A,,NP,208000000X,2731 MEDICAL PLZ,SYNTH CITY 31,AZ,90917,5557652353,AZ592633,AZ,True,False
hcp_master,HCP001732,HCP001732,3408630705,47323174239,MM8439528,JULIA,WILKINSON,K,,PA,207Q00000X,2732 MEDICAL Plaza STE 31,SYNTH CITY 32,CO,90924,5555892079,CO691147,CO,True,False
hcp_master,HCP001733,HCP001733,9375293013,94784688873,GP2947596,EUGENE,HERNANDEZ,B,,NP,207RX0202X,2733 MEDICAL Plaza,SYNTH CITY 33,TX,90931,5558444364,TX414143,TX,True,False
hcp_master,HCP001734,HCP001734,1022727287,10420688184,BA7265977,CHRIS,MITCHELL,M,,MD,207R00000X,2734 MEDICAL Plaza STE 13,SYNTH CITY 34,FL,90938,5557768645,FL804874,FL,True,False
hcp_master,HCP001735,HCP001735,3083258814,50060618213,RG9261436,DIANA,GREER,N,III,PA,207RR0500X,2735 MEDICAL Plaza,SYNTH CITY 35,GA,90945,5551629699,GA443525,GA,True,False
hcp_master,HCP001736,HCP001736,2795060062,33691669319,AG6121826,COLLEEN,RICE,D,,MD,207RC0000X,2736 MEDICAL PLZ,SYNTH CITY 36,NY,90952,5557501496,NY136198,NY,True,False
hcp_master,HCP001737,HCP001737,4067411346,76117964836,MA9628306,PAIGE,ZUNIGA,C,,MD,208000000X,2737 MEDICAL PLZ,SYNTH CITY 37,NJ,90959,5558121973,NJ241272,NJ,True,False
hcp_master,HCP001738,HCP001738,5439288677,31338995677,MR3767908,BRENDAN,DAVIS,L,,PA,207Q00000X,2738 MEDICAL PLZ,SYNTH CITY 38,MA,90966,5551637240,MA621093,MA,True,False
hcp_master,HCP001739,HCP001739,7006209804,97215808692,MG6149820,CHRISTINA,PHILLIPS,P,,DO,207RX0202X,2739 MEDICAL Plaza,SYNTH CITY 39,PA,90973,5555874287,PA264159,PA,True,False
hcp_master,HCP001740,HCP001740,5150853658,88179186673,RP4693807,ANGELA,HARRIS,J,,NP,207R00000X,2740 MEDICAL PLZ,SYNTH CITY 40,IL,90980,5552391201,IL530848,IL,True,False
hcp_master,HCP001741,HCP001741,1273466031,72101943451,RG5599171,REBECCA,MCDONALD,K,,MD,207RR0500X,2741 MEDICAL Plaza,SYNTH CITY 41,OH,90987,5551194308,OH542934,OH,True,False
hcp_master,HCP001742,HCP001742,1974083572,33137488374,FF0468414,MATTHEW,RILEY,J,,DO,207RC0000X,2742 MEDICAL PLZ,SYNTH CITY 42,MI,90994,5553795631,MI915027,MI,True,False
hcp_master,HCP001743,HCP001743,3629783556,79421322429,FM7962502,HOLLY,FRANCO,A,,PA,208000000X,2743 MEDICAL PLZ,SYNTH CITY 43,MN,91001,5555817754,MN148112,MN,True,False
hcp_master,HCP001744,HCP001744,2009912140,86295929260,BG5108271,ANNETTE,LONG,E,,DO,207Q00000X,2744 MEDICAL PLZ,SYNTH CITY 44,CA,91008,5556196391,CA565261,CA,True,False
hcp_master,HCP001745,HCP001745,0631840028,93654803032,RM2681549,CHARLES,BROWN,B,,DO,207RX0202X,2745 MEDICAL PLZ,SYNTH CITY 45,OR,91015,5554012176,OR390677,OR,True,False
hcp_master,HCP001746,HCP001746,1487475406,10357969260,AM3597369,ANTHONY,CAMERON,A,,MD,207R00000X,2746 MEDICAL Plaza,SYNTH CITY 46,WA,91022,5555377429,WA693191,WA,True,False
hcp_master,HCP001747,HCP001747,8761521219,79211005625,BM7758040,MICHELLE,WHITE,S,,PA,207RR0500X,2747 MEDICAL PLZ,SYNTH CITY 47,AZ,91029,5557370391,AZ267381,AZ,True,False
hcp_master,HCP001748,HCP001748,4326955919,08278973654,MM8562487,BRITTANY,ROSS,A,,NP,207RC0000X,2748 MEDICAL PLZ,SYNTH CITY 48,CO,91036,5556979155,CO444589,CO,True,True
hcp_master,HCP001749,HCP001749,9416316708,76436157200,GF6893170,CAROLINE,ROGERS,R,,NP,208000000X,2749 MEDICAL Plaza STE 14,SYNTH CITY 49,TX,91043,5551005180,TX211468,TX,True,False
hcp_master,HCP001750,HCP001750,1178797175,28969590479,RF6017352,WILLIAM,NEWMAN,T,,PA,207Q00000X,2750 MEDICAL PLZ,SYNTH CITY 0,FL,91050,5558385821,FL709440,FL,False,False
hcp_master,HCP001751,HCP001751,7774611322,84707481285,GM3950294,AMBER,STEWART,S,III,MD,207RX0202X,2751 MEDICAL PLZ,SYNTH CITY 1,GA,91057,5556485228,GA566930,GA,True,False
hcp_master,HCP001752,HCP001752,0570557336,88166249183,PG0187265,MONICA,PARSONS,L,,MD,207R00000X,2752 MEDICAL PLZ,SYNTH CITY 2,NY,91064,5551072423,NY469262,NY,True,False
hcp_master,HCP001753,HCP001753,2062144151,04742939867,GM2068879,TONY,HERNANDEZ,V,,MD,207RR0500X,2753 MEDICAL PLZ,SYNTH CITY 3,NJ,91071,5559779829,NJ346650,NJ,True,False
hcp_master,HCP001754,HCP001754,8116754630,33154195100,FB9472036,DEBRA,HANNA,L,,DO,207RC0000X,2754 MEDICAL PLZ,SYNTH CITY 4,MA,91078,5554121953,MA526747,MA,True,False
hcp_master,HCP001755,HCP001755,3887634822,41702901862,FR6314340,RAYMOND,BARRY,P,,DO,208000000X,2755 MEDICAL Plaza,SYNTH CITY 5,PA,91085,5553205781,PA349108,PA,True,False
hcp_master,HCP001756,HCP001756,6112654614,20388205623,MG2897931,CHRISTOPHER,THOMAS,D,,NP,207Q00000X,2756 MEDICAL PLZ,SYNTH CITY 6,IL,91092,5551571377,IL334488,IL,True,False
hcp_master,HCP001757,HCP001757,4066187517,49163064324,AM0257369,JESSICA,PACHECO,T,,NP,207RX0202X,2757 MEDICAL PLZ,SYNTH CITY 7,OH,91099,5554283251,OH333918,OH,True,False
hcp_master,HCP001758,HCP001758,1747122723,38198966875,FR3506102,ERIC,BROWN,S,,NP,207R00000X,2758 MEDICAL Plaza,SYNTH CITY 8,MI,91106,5553178685,MI688634,MI,True,False
hcp_master,HCP001759,HCP001759,7036053941,55646338451,FM5305390,LONNIE,KLEIN,C,,NP,207RR0500X,2759 MEDICAL PLZ,SYNTH CITY 9,MN,91113,5555631824,MN742537,MN,True,False
hcp_master,HCP001760,HCP001760,2733095105,23384128010,AR9706777,MARIA,LAWRENCE,C,III,PA,207RC0000X,2760 MEDICAL Plaza,SYNTH CITY 10,CA,91120,5555501478,CA933156,CA,True,False
hcp_master,HCP001761,HCP001761,4922318959,99781842981,MR6404582,JACQUELINE,SIMPSON,N,,PA,208000000X,2761 MEDICAL PLZ,SYNTH CITY 11,OR,91127,5555012322,OR605468,OR,True,False
hcp_master,HCP001762,HCP001762,6156866512,52753470323,MB5308525,MARGARET,WILLIAMS,H,,PA,207Q00000X,2762 MEDICAL Plaza STE 33,SYNTH CITY 12,WA,91134,5558777607,WA101763,WA,True,False
hcp_master,HCP001763,HCP001763,3493537898,95331037600,RP7863568,ALEXIS,COOPER,C,SR,NP,207RX0202X,2763 MEDICAL Plaza,SYNTH CITY 13,AZ,91141,5552623774,AZ951008,AZ,True,False
hcp_master,HCP001764,HCP001764,1351578566,99899583101,PF8378355,BRENT,GALLOWAY,N,,PA,207R00000X,2764 MEDICAL Plaza STE 27,SYNTH CITY 14,CO,91148,5559158574,CO798001,CO,True,False
hcp_master,HCP001765,HCP001765,5934876371,88875468565,MM0107830,AMANDA,ADAMS,J,,MD,207RR0500X,2765 MEDICAL PLZ,SYNTH CITY 15,TX,91155,5556522758,TX399838,TX,True,False
hcp_master,HCP001766,HCP001766,7499156397,69994902671,FA1098607,VANESSA,AVILA,T,,NP,207RC0000X,2766 MEDICAL Plaza,SYNTH CITY 16,FL,91162,5559199340,FL107677,FL,False,False
hcp_master,HCP001767,HCP001767,0434082117,10083116049,GB7432744,TIFFANY,ROGERS,D,,PA,208000000X,2767 MEDICAL PLZ,SYNTH CITY 17,GA,91169,5556145747,GA254908,GA,True,False
hcp_master,HCP001768,HCP001768,9479484088,86808299063,BR4536237,JUSTIN,LOWE,C,,MD,207Q00000X,2768 MEDICAL PLZ,SYNTH CITY 18,NY,91176,5554254869,NY733588,NY,True,False
hcp_master,HCP001769,HCP001769,3912393220,93875210277,PM5371084,MARY,HILL,A,,NP,207RX0202X,2769 MEDICAL PLZ,SYNTH CITY 19,NJ,91183,5555311600,NJ787918,NJ,True,False
hcp_master,HCP001770,HCP001770,9029531495,38666486038,BR8971143,COURTNEY,MARTINEZ,D,,PA,207R00000X,2770 MEDICAL PLZ,SYNTH CITY 20,MA,91190,5551541811,MA946817,MA,True,False
hcp_master,HCP001771,HCP001771,8714862702,35241987310,FP3718031,GARRETT,GILL,S,SR,DO,207RR0500X,2771 MEDICAL Plaza,SYNTH CITY 21,PA,91197,5554414529,PA102056,PA,True,False
hcp_master,HCP001772,HCP001772,2111879815,56259467929,MP2103522,JASON,CAREY,A,,NP,207RC0000X,2772 MEDICAL PLZ,SYNTH CITY 22,IL,91204,5558616994,IL685370,IL,True,False
hcp_master,HCP001773,HCP001773,2173261183,63534792580,AM1917398,KRISTEN,DICKSON,M,,MD,208000000X,2773 MEDICAL PLZ,SYNTH CITY 23,OH,91211,5553358971,OH196725,OH,True,False
hcp_master,HCP001774,HCP001774,0757127762,05930179704,FR5257547,JESSICA,MURRAY,S,,PA,207Q00000X,2774 MEDICAL Plaza STE 30,SYNTH CITY 24,MI,91218,5557579944,MI747410,MI,True,False
hcp_master,HCP001775,HCP001775,6943949316,52733722533,FM3628901,ROBERT,MYERS,S,,MD,207RX0202X,2775 MEDICAL PLZ,SYNTH CITY 25,MN,91225,5556252038,MN322268,MN,True,False
hcp_master,HCP001776,HCP001776,5614676562,37454572440,PM0098778,MELISSA,JONES,J,,NP,207R00000X,2776 MEDICAL PLZ,SYNTH CITY 26,CA,91232,5552548994,CA397942,CA,True,False
hcp_master,HCP001777,HCP001777,,01742245755,MM3251214,ANDREW,REESE,R,,PA,207RR0500X,2777 MEDICAL PLZ,SYNTH CITY 27,OR,91239,5552363562,OR839125,OR,True,False
hcp_master,HCP001778,HCP001778,8357847770,83949901506,AP4646628,SARA,BARNES III,N,III,DO,207RC0000X,2778 MEDICAL Plaza STE 26,SYNTH CITY 28,WA,91246,5558003364,WA691655,WA,True,False
hcp_master,HCP001779,HCP001779,2612778201,11113832563,AF0161338,DONNA,HARRIS,J,,NP,208000000X,2779 MEDICAL PLZ,SYNTH CITY 29,AZ,91253,5555518738,AZ661381,AZ,True,False
hcp_master,HCP001780,HCP001780,7223785677,71137311203,AP0102859,TAMARA,CARRILLO,C,,PA,207Q00000X,2780 MEDICAL Plaza,SYNTH CITY 30,CO,91260,5552014915,CO268066,CO,True,False
hcp_master,HCP001781,HCP001781,3620083436,76215027178,BM7529321,MITCHELL,FREEMAN,M,,MD,207RX0202X,2781 MEDICAL PLZ,SYNTH CITY 31,TX,91267,5553617788,TX134892,TX,True,False
hcp_master,HCP001782,HCP001782,8293034855,00588635171,AM5545415,MATTHEW,KNOX,Z,,MD,207R00000X,2782 MEDICAL PLZ,SYNTH CITY 32,FL,91274,5551729555,FL733490,FL,True,False
hcp_master,HCP001783,HCP001783,6135619909,58630826273,PA6944688,CHARLES,CAMPBELL,M,,MD,207RR0500X,2783 MEDICAL Plaza,SYNTH CITY 33,GA,91281,5556877312,GA977086,GA,True,False
hcp_master,HCP001784,HCP001784,7596580184,02855978874,BA2413703,HARRY,KING,R,,PA,207RC0000X,2784 MEDICAL Plaza,SYNTH CITY 34,NY,91288,5558072365,NY648351,NY,True,False
hcp_master,HCP001785,HCP001785,2576957106,87305193380,MR0961889,JENNIFER,GOODMAN,R,III,NP,208000000X,2785 MEDICAL PLZ,SYNTH CITY 35,NJ,91295,5557956651,NJ779274,NJ,True,False
hcp_master,HCP001786,HCP001786,0638907705,11979276820,FG5868738,JASON,GONZALEZ,M,,DO,207Q00000X,2786 MEDICAL PLZ,SYNTH CITY 36,MA,91302,5551541518,MA299249,MA,True,False
hcp_master,HCP001787,HCP001787,4531676938,54472380082,PM1198248,ASHLEY,BELL,C,,MD,207RX0202X,2787 MEDICAL Plaza STE 4,SYNTH CITY 37,PA,91309,5553553725,PA893894,PA,True,False
hcp_master,HCP001788,HCP001788,0871624660,38532055920,RM0398506,TAMMY,LEVINE,J,,MD,207R00000X,2788 MEDICAL PLZ,SYNTH CITY 38,IL,91316,5557063679,IL798974,IL,True,True
hcp_master,HCP001789,HCP001789,6379092755,79771284517,GG9643642,ALISHA,SMITH,K,,DO,207RR0500X,2789 MEDICAL PLZ,SYNTH CITY 39,OH,91323,5552804940,OH552330,OH,True,False
hcp_master,HCP001790,HCP001790,7869942889,48010013349,GB1928781,RICH,SCHMIDT,B,,PA,207RC0000X,2790 MEDICAL PLZ,SYNTH CITY 40,MI,91330,5552078325,MI737484,MI,True,False
hcp_master,HCP001791,HCP001791,8244649942,28106330906,RA6942795,WILLIAM,OSBORNE,T,,MD,208000000X,2791 MEDICAL PLZ,SYNTH CITY 41,MN,91337,5553505584,MN990118,MN,True,False
hcp_master,HCP001792,HCP001792,8670241404,34495169209,BP4778752,WALTER,LEE,D,,PA,207Q00000X,2792 MEDICAL PLZ,SYNTH CITY 42,CA,91344,5554779844,CA353132,CA,True,False
hcp_master,HCP001793,HCP001793,0458768393,90848003801,GP1747790,EDWARD,HERNANDEZ,D,,NP,207RX0202X,2793 MEDICAL PLZ,SYNTH CITY 43,OR,91351,5556338731,OR766573,OR,True,False
hcp_master,HCP001794,HCP001794,3224185652,83957132459,AR8428199,RONALD,HOBBS,J,,DO,207R00000X,2794 MEDICAL PLZ,SYNTH CITY 44,WA,91358,5557813767,WA790029,WA,True,False
hcp_master,HCP001795,HCP001795,7274234724,29290583262,AA4502756,SARAH,BALL,L,III,DO,207RR0500X,2795 MEDICAL PLZ,SYNTH CITY 45,AZ,91365,5557005454,AZ280440,AZ,True,False
hcp_master,HCP001796,HCP001796,3274900638,09926607949,MP5695515,CRYSTAL,BALDWIN,R,,NP,207RC0000X,2796 MEDICAL PLZ,SYNTH CITY 46,CO,91372,5558622812,CO237067,CO,True,False
hcp_master,HCP001797,HCP001797,5359827040,03236071588,RG4919000,DARRELL,HENDERSON,A,,MD,208000000X,2797 MEDICAL PLZ,SYNTH CITY 47,TX,91379,5558248672,TX497978,TX,True,False
hcp_master,HCP001798,HCP001798,8368086079,00452909114,PM7487059,SCOTT,ROSE,J,,NP,207Q00000X,2798 MEDICAL PLZ,SYNTH CITY 48,FL,91386,5554013301,FL646917,FL,True,False
hcp_master,HCP001799,HCP001799,0381739941,68606257165,BP7030689,DEREK,WALLACE,S,,DO,207RX0202X,2799 MEDICAL PLZ,SYNTH CITY 49,GA,91393,5554148024,GA149830,GA,True,False
hcp_master,HCP001800,HCP001800,6749558261,82636181380,PF2888517,CATHERINE,SAUNDERS,M,,NP,207R00000X,2800 MEDICAL Plaza,SYNTH CITY 0,CA,90000,5555027809,CA377509,CA,True,False
hcp_master,HCP001801,HCP001801,6920601534,67726360436,BF5648965,BETH,BLEVINS SR,T,SR,PA,207RR0500X,2801 MEDICAL PLZ,SYNTH CITY 1,OR,90007,5551479383,OR723862,OR,True,False
hcp_master,HCP001802,HCP001802,9079442874,44383177064,MB1502039,PATRICK,KELLER,E,,NP,207RC0000X,2802 MEDICAL PLZ,SYNTH CITY 2,WA,90014,5559513718,WA213826,WA,True,False
hcp_master,HCP001803,HCP001803,2346733092,69018385590,FF7387987,IVAN,COX,R,,DO,208000000X,2803 MEDICAL Plaza STE 38,SYNTH CITY 3,AZ,90021,5553021937,AZ408968,AZ,True,False
hcp_master,HCP001804,HCP001804,5737210869,82071809422,MP4484398,MARK,SILVA,E,,NP,207Q00000X,2804 MEDICAL Plaza,SYNTH CITY 4,CO,90028,5559851116,CO979775,CO,True,False
hcp_master,HCP001805,HCP001805,0336272634,27598908569,GM9177106,MARK,WILSON,K,,DO,207RX0202X,2805 MEDICAL Plaza,SYNTH CITY 5,TX,90035,5553266986,TX590154,TX,True,False
hcp_master,HCP001806,HCP001806,5752956446,90978367068,PP8262858,NICHOLAS,DAVIS,M,,DO,207R00000X,2806 MEDICAL PLZ,SYNTH CITY 6,FL,90042,5552742122,FL913796,FL,True,False
hcp_master,HCP001807,HCP001807,5876512695,11312475562,AA8837236,SARAH,BELL,J,,PA,207RR0500X,2807 MEDICAL PLZ,SYNTH CITY 7,GA,90049,5551266190,GA993537,GA,True,False
hcp_master,HCP001808,HCP001808,4144650437,59992805852,AG7974773,SARAH,WILLIAMS,R,,NP,207RC0000X,2808 MEDICAL PLZ,SYNTH CITY 8,NY,90056,5552749205,NY828925,NY,True,False
hcp_master,HCP001809,HCP001809,4546901512,63734527217,RB5934661,AUTUMN,SNYDER,N,,MD,208000000X,2809 MEDICAL PLZ,SYNTH CITY 9,NJ,90063,5554596048,NJ651701,NJ,True,False
hcp_master,HCP001810,HCP001810,4581617378,23237061350,RM6931864,THERESA,FREY,J,,NP,207Q00000X,2810 MEDICAL Plaza,SYNTH CITY 10,MA,90070,5555934683,MA172065,MA,True,False
hcp_master,HCP001811,HCP001811,8175633667,12355008508,FM4163128,KIRSTEN,FREEMAN,G,,PA,207RX0202X,2811 MEDICAL PLZ,SYNTH CITY 11,PA,90077,5552355324,PA326034,PA,True,False
hcp_master,HCP001812,HCP001812,0435165937,07880342230,RF5712694,ELIJAH,THOMAS III,S,III,PA,207R00000X,2812 MEDICAL PLZ,SYNTH CITY 12,IL,90084,5552034064,IL771223,IL,True,False
hcp_master,HCP001813,HCP001813,,82019465417,PB3986986,ADAM,FORD,J,,NP,207RR0500X,2813 MEDICAL PLZ,SYNTH CITY 13,OH,90091,5553949073,OH964430,OH,True,False
hcp_master,HCP001814,HCP001814,2846248237,56517821513,MB3378817,LISA,KNAPP,M,,DO,207RC0000X,2814 MEDICAL PLZ,SYNTH CITY 14,MI,90098,5554608714,MI929492,MI,True,False
hcp_master,HCP001815,HCP001815,0692901339,67859074467,GB2943560,JOSEPH,HINES,J,,MD,208000000X,2815 MEDICAL Plaza STE 34,SYNTH CITY 15,MN,90105,5553664255,MN542095,MN,True,False
hcp_master,HCP001816,HCP001816,3161587092,69789848996,RM4149186,CHRISTOPHER,LIN,J,JR,NP,207Q00000X,2816 MEDICAL PLZ,SYNTH CITY 16,CA,90112,5552673290,CA423147,CA,True,False
hcp_master,HCP001817,HCP001817,1280452651,87383745818,PG6271762,ALEXANDER,ROACH,A,,NP,207RX0202X,2817 MEDICAL PLZ,SYNTH CITY 17,OR,90119,5551534260,OR870738,OR,True,False
hcp_master,HCP001818,HCP001818,4828655967,62696768089,AP5313650,JACOB,GEORGE SR,T,SR,PA,207R00000X,2818 MEDICAL Plaza,SYNTH CITY 18,WA,90126,5559253517,WA782127,WA,True,False
hcp_master,HCP001819,HCP001819,9869409125,98715251067,BM4954096,KATELYN,MARTIN,H,,MD,207RR0500X,2819 MEDICAL Plaza STE 18,SYNTH CITY 19,AZ,90133,5559540805,AZ553360,AZ,True,False
hcp_master,HCP001820,HCP001820,0107671931,10369052362,GF3725767,MICHAEL,AYALA,M,SR,NP,207RC0000X,2820 MEDICAL Plaza,SYNTH CITY 23,NJ,90511,5555594881,CO718396,CO,True,False
hcp_master,HCP001821,HCP001821,7083656372,01040246075,AA9495174,LEONARD,PUGH,N,,DO,208000000X,2821 MEDICAL PLZ,SYNTH CITY 21,TX,90147,5552963969,TX967525,TX,True,False
hcp_master,HCP001822,HCP001822,5865802024,68500468311,MR0005388,MATTHEW,LOPEZ,J,SR,DO,207Q00000X,2822 MEDICAL PLZ,SYNTH CITY 22,FL,90154,5557557674,FL852749,FL,True,False
hcp_master,HCP001823,HCP001823,8539386044,60394384705,AB5614448,CHELSEA,CHAVEZ,A,,PA,207RX0202X,2823 MEDICAL Plaza,SYNTH CITY 23,GA,90161,5559562233,GA145879,GA,False,False
hcp_master,HCP001824,HCP001824,5359143240,13367862278,RP6141466,AMY,PETTY,M,,MD,207R00000X,2824 MEDICAL Plaza,SYNTH CITY 24,NY,90168,5559430444,NY726181,NY,True,False
hcp_master,HCP001825,HCP001825,2243934272,72578317508,GM3945596,ZACHARY,COLON,B,JR,NP,207RR0500X,2825 MEDICAL Plaza,SYNTH CITY 25,NJ,90175,5555334530,NJ420862,NJ,True,False
hcp_master,HCP001826,HCP001826,8497603505,39973165741,RR7089450,HANNAH,LOPEZ,D,,MD,207RC0000X,2826 MEDICAL Plaza STE 30,SYNTH CITY 26,MA,90182,5553347525,MA669987,MA,True,False
hcp_master,HCP001827,HCP001827,1972740272,95090903073,GB8430471,BARBARA,GIBSON,D,,PA,208000000X,2827 MEDICAL PLZ,SYNTH CITY 27,PA,90189,5559070218,PA910646,PA,True,False
hcp_master,HCP001828,HCP001828,2215068828,79101519383,BA2776035,SHERI,PALMER,R,,MD,207Q00000X,2828 MEDICAL Plaza,SYNTH CITY 28,IL,90196,5555212587,IL855330,IL,True,False
hcp_master,HCP001829,HCP001829,3601689862,79417361378,BP2747207,BRANDY,CUEVAS,D,,MD,207RX0202X,2829 MEDICAL Plaza STE 18,SYNTH CITY 29,OH,90203,5551980573,OH600328,OH,True,False
hcp_master,HCP001830,HCP001830,1631269663,61447196331,FA7759183,CARLOS,WARREN,D,,MD,207R00000X,2830 MEDICAL Plaza,SYNTH CITY 30,MI,90210,5559928744,MI861542,MI,True,False
hcp_master,HCP001831,HCP001831,7615071686,84524888274,FF9189606,JACOB,MITCHELL,F,,MD,207RR0500X,2831 MEDICAL Plaza STE 18,SYNTH CITY 31,MN,90217,5555354427,MN762299,MN,True,False
hcp_master,HCP001832,HCP001832,9227985097,42354134641,MP3642891,ABIGAIL,WHEELER,J,,NP,207RC0000X,2832 MEDICAL Plaza,SYNTH CITY 32,CA,90224,5559636584,CA584686,CA,True,False
hcp_master,HCP001833,HCP001833,6278975415,19361164098,BM1777502,JOSEPH,JOHNSON,L,,DO,208000000X,2833 MEDICAL Plaza,SYNTH CITY 33,OR,90231,5554872003,OR943006,OR,True,True
hcp_master,HCP001834,HCP001834,8966210196,61565702475,PP8676028,APRIL,HORTON,R,,PA,207Q00000X,2834 MEDICAL Plaza STE 11,SYNTH CITY 34,WA,90238,5552615783,WA487942,WA,True,False
hcp_master,HCP001835,HCP001835,0458166507,66732965573,GA7582409,JANE,PERRY,J,,NP,207RX0202X,2835 MEDICAL PLZ,SYNTH CITY 35,AZ,90245,5552000883,AZ861551,AZ,True,False
hcp_master,HCP001836,HCP001836,5916878965,49286713448,FR8630262,REBECCA,RANGEL,S,,DO,207R00000X,2836 MEDICAL Plaza STE 23,SYNTH CITY 36,CO,90252,5552403001,CO660670,CO,True,False
hcp_master,HCP001837,HCP001837,8807338297,32894534326,AF1465753,AMBER,DIAZ,B,,MD,207RR0500X,2837 MEDICAL PLZ,SYNTH CITY 37,TX,90259,5557044104,TX240430,TX,True,False
hcp_master,HCP001838,HCP001838,0291281273,22327130164,GB1874084,MICHELLE,CAMPBELL,C,,PA,207RC0000X,2838 MEDICAL PLZ,SYNTH CITY 38,FL,90266,5554340420,FL124994,FL,True,False
hcp_master,HCP001839,HCP001839,9478740035,39293950928,PB5793484,TRACY,CASTRO,D,,NP,208000000X,2839 MEDICAL PLZ,SYNTH CITY 39,GA,90273,5554258919,GA400192,GA,True,False
hcp_master,HCP001840,HCP001840,8625601454,06404904194,MR0407542,WENDY,MARTINEZ,K,JR,MD,207Q00000X,2840 MEDICAL PLZ,SYNTH CITY 40,NY,90280,5554525669,NY437943,NY,True,False
hcp_master,HCP001841,HCP001841,9267786637,03625889696,GB8217897,RAYMOND,MILLER,D,,MD,207RX0202X,2841 MEDICAL PLZ,SYNTH CITY 11,OR,91127,5552436759,NJ320665,NJ,True,False
hcp_master,HCP001842,HCP001842,7186793874,74901742510,AR3953015,CINDY,ZIMMERMAN,L,,MD,207R00000X,2842 MEDICAL PLZ,SYNTH CITY 42,MA,90294,5551767923,MA638130,MA,True,False
hcp_master,HCP001843,HCP001843,5164868049,27099979921,PG0405601,PAUL,BUTLER,A,,MD,207RR0500X,2843 MEDICAL PLZ,SYNTH CITY 43,PA,90301,5554594439,PA111207,PA,True,False
hcp_master,HCP001844,HCP001844,0730596208,20384959254,PA1298045,ANDREA,LEWIS,M,,PA,207RC0000X,2844 MEDICAL Plaza,SYNTH CITY 44,IL,90308,5555608053,IL817205,IL,True,False
hcp_master,HCP001845,HCP001845,7575980579,43308721589,BG5528781,STACEY,KELLY,P,,PA,208000000X,2845 MEDICAL PLZ,SYNTH CITY 45,OH,90315,5555667734,OH558062,OH,True,False
hcp_master,HCP001846,HCP001846,1042501266,03174570705,AA4532154,TAMMY,BAKER,J,,PA,207Q00000X,2846 MEDICAL PLZ,SYNTH CITY 46,MI,90322,5559465261,MI961520,MI,True,False
hcp_master,HCP001847,HCP001847,4140908995,48847294228,BM2556298,MARK,WIGGINS,T,,PA,207RX0202X,2847 MEDICAL PLZ,SYNTH CITY 47,MN,90329,5551726886,MN599043,MN,True,False
hcp_master,HCP001848,HCP001848,6086234955,80358228579,AM0944165,ANDREW,HARRISON,M,,PA,207R00000X,2848 MEDICAL Plaza,SYNTH CITY 48,CA,90336,5559150371,CA960874,CA,True,False
hcp_master,HCP001849,HCP001849,2776828834,86143559851,BB5111629,STEPHEN,TYLER,L,,NP,207RR0500X,2849 MEDICAL Plaza STE 16,SYNTH CITY 49,OR,90343,5552154703,OR889867,OR,True,False
hcp_master,HCP001850,HCP001850,7651390271,72248923570,FA2608084,KAREN,SANCHEZ,M,,DO,207RC0000X,2850 MEDICAL Plaza,SYNTH CITY 0,WA,90350,5553851044,WA663720,WA,True,False
hcp_master,HCP001851,HCP001851,0843951779,29529580342,GF8219708,EDWARD,WHITE JR,K,JR,DO,208000000X,2851 MEDICAL Plaza,SYNTH CITY 1,AZ,90357,5551233166,AZ868581,AZ,True,False
hcp_master,HCP001852,HCP001852,4317139366,74643730266,GG3029809,DIANE,ROSALES,B,,DO,207Q00000X,2852 MEDICAL Plaza,SYNTH CITY 2,CO,90364,5557464095,CO252846,CO,False,False
hcp_master,HCP001853,HCP001853,6191881112,68250967276,AG1698489,CYNTHIA,KENNEDY,K,,MD,207RX0202X,2853 MEDICAL Plaza STE 7,SYNTH CITY 3,TX,90371,5554448412,TX659274,TX,True,False
hcp_master,HCP001854,HCP001854,5798454174,38242494791,RA6426901,LOGAN,TUCKER,L,,DO,207R00000X,2854 MEDICAL PLZ,SYNTH CITY 4,FL,90378,5554890214,FL473108,FL,True,False
hcp_master,HCP001855,HCP001855,6074660823,11802916341,MF6740647,ASHLEY,GIBSON,T,,MD,207RR0500X,2855 MEDICAL Plaza STE 18,SYNTH CITY 5,GA,90385,5559119148,GA481337,GA,True,False
hcp_master,HCP001856,HCP001856,3981475171,99033588170,GG4869445,TIMOTHY,NGUYEN,E,,DO,207RC0000X,2856 MEDICAL PLZ,SYNTH CITY 29,MN,90553,5555239422,NY209603,NY,True,False
hcp_master,HCP001857,HCP001857,6929412933,84149941239,GG8127358,RICHARD,SCOTT,M,,MD,208000000X,2857 MEDICAL Plaza STE 20,SYNTH CITY 7,NJ,90399,5551777338,NJ870458,NJ,True,False
hcp_master,HCP001858,HCP001858,0919450755,29437069257,MR8236438,RICARDO,GARCIA,B,,DO,207Q00000X,2858 MEDICAL Plaza,SYNTH CITY 8,MA,90406,5559853046,MA762226,MA,True,False
hcp_master,HCP001859,HCP001859,9333993621,59574789357,RA0012219,BRANDON,CLAYTON,E,,DO,207RX0202X,2859 MEDICAL Plaza,SYNTH CITY 9,PA,90413,5558624376,PA444774,PA,True,False
hcp_master,HCP001860,HCP001860,0204858365,98541183932,MF4488692,RONALD,KRUEGER,M,,DO,207R00000X,2860 MEDICAL PLZ,SYNTH CITY 10,IL,90420,5554002889,IL750921,IL,True,False
hcp_master,HCP001861,HCP001861,2142114554,17640038155,RF2641699,BILL,VANCE,D,,NP,207RR0500X,2861 MEDICAL PLZ,SYNTH CITY 11,OH,90427,5555182351,OH678716,OH,True,False
hcp_master,HCP001862,HCP001862,7458282424,32706675615,MB1240967,MISTY,CLARKE,A,,PA,207RC0000X,2862 MEDICAL Plaza,SYNTH CITY 12,MI,90434,5557940186,MI626426,MI,True,False
hcp_master,HCP001863,HCP001863,0443957960,07042866671,AR5638046,CHARLES,SALAS,T,,MD,208000000X,2863 MEDICAL Plaza,SYNTH CITY 13,MN,90441,5558930668,MN759479,MN,True,False
hcp_master,HCP001864,HCP001864,0823070632,61088918423,BM5175618,DONALD,RHODES,B,,MD,207Q00000X,2864 MEDICAL PLZ,SYNTH CITY 14,CA,90448,5555657200,CA988990,CA,True,False
hcp_master,HCP001865,HCP001865,7557294767,68229933799,BB5193298,JUSTIN,WATSON,B,,PA,207RX0202X,2865 MEDICAL PLZ,SYNTH CITY 15,OR,90455,5551631163,OR477815,OR,True,False
hcp_master,HCP001866,HCP001866,6717756418,46116699913,GP9890048,KYLE,GUTIERREZ,B,,MD,207R00000X,2866 MEDICAL Plaza STE 16,SYNTH CITY 16,WA,90462,5558083049,WA771910,WA,True,False
hcp_master,HCP001867,HCP001867,3319423794,36615924605,MG3825384,NATHAN,COLEMAN,K,,NP,207RR0500X,2867 MEDICAL Plaza STE 34,SYNTH CITY 17,AZ,90469,5556611318,AZ800809,AZ,True,False
hcp_master,HCP001868,HCP001868,1141110522,90905564614,RG6040537,DEBRA,PRICE,K,,DO,207RC0000X,2868 MEDICAL Plaza,SYNTH CITY 18,CO,90476,5551133874,CO939849,CO,True,False
hcp_master,HCP001869,HCP001869,1463896229,89916215674,AA0753732,ANGELA,MORGAN,G,,NP,208000000X,2869 MEDICAL Plaza STE 6,SYNTH CITY 19,TX,90483,5553816763,TX823105,TX,True,False
hcp_master,HCP001870,HCP001870,0777608254,34939669943,MB1359737,HEATHER,GUTIERREZ,A,,NP,207Q00000X,2870 MEDICAL Plaza,SYNTH CITY 20,FL,90490,5557999271,FL988806,FL,True,False
hcp_master,HCP001871,HCP001871,5954079690,73818008942,GB3061728,JIM,SIMPSON,M,,DO,207RX0202X,2871 MEDICAL PLZ,SYNTH CITY 21,GA,90497,5551628125,GA370166,GA,True,False
hcp_master,HCP001872,HCP001872,0739226070,70399546703,AG1838927,ELLEN,COX,J,,PA,207R00000X,2872 MEDICAL PLZ,SYNTH CITY 22,NY,90504,5556223845,NY711886,NY,True,False
hcp_master,HCP001873,HCP001873,0880512872,15209428738,PB2132321,CHRISTINA,ORTIZ,B,,MD,207RR0500X,2873 MEDICAL PLZ,SYNTH CITY 23,NJ,90511,5553065027,NJ751253,NJ,True,False
hcp_master,HCP001874,HCP001874,4058417732,70433268003,MA7733271,MARGARET,TORRES,S,,DO,207RC0000X,2874 MEDICAL PLZ,SYNTH CITY 24,MA,90518,5551223301,MA922545,MA,True,False
hcp_master,HCP001875,HCP001875,0566383408,25806767246,RA2387865,MICHAEL,GRAHAM,T,,MD,208000000X,2875 MEDICAL PLZ,SYNTH CITY 25,PA,90525,5551634886,PA201050,PA,True,False
hcp_master,HCP001876,HCP001876,1725460020,39615190256,GR1927360,CHRISTOPHER,GAMBLE,C,,DO,207Q00000X,2876 MEDICAL PLZ,SYNTH CITY 26,IL,90532,5555794601,IL795494,IL,True,False
hcp_master,HCP001877,HCP001877,3405557430,02731417117,MB9012553,RENEE,ARELLANO,R,,DO,207RX0202X,2877 MEDICAL Plaza STE 21,SYNTH CITY 27,OH,90539,5551680140,OH892760,OH,True,False
hcp_master,HCP001878,HCP001878,8850718874,42971095763,PB8907677,LINDA,WONG,B,,DO,207R00000X,2878 MEDICAL PLZ,SYNTH CITY 28,MI,90546,5558985205,MI536871,MI,True,False
hcp_master,HCP001879,HCP001879,2533282797,00942142231,GF4702330,DEBRA,DAVIDSON,B,,PA,207RR0500X,2879 MEDICAL Plaza STE 10,SYNTH CITY 29,MN,90553,5555482811,MN176598,MN,True,False
hcp_master,HCP001880,HCP001880,1617750736,41266128054,PA1833744,GINA,WILLIAMS,K,,MD,207RC0000X,2880 MEDICAL Plaza STE 19,SYNTH CITY 30,CA,90560,5554150980,CA472112,CA,True,False
hcp_master,HCP001881,HCP001881,6387780003,96791662404,GF4693749,ROBIN,COLE,A,,DO,208000000X,2881 MEDICAL Plaza STE 28,SYNTH CITY 31,OR,90567,5553281079,OR694558,OR,True,False
hcp_master,HCP001882,HCP001882,0423812657,82924521306,BG3293534,ROBERT,DALTON,K,,NP,207Q00000X,2882 MEDICAL Plaza,SYNTH CITY 32,WA,90574,5555990279,WA430663,WA,True,False
hcp_master,HCP001883,HCP001883,9356873437,52110880241,FR3580846,NANCY,HALL,Z,,DO,207RX0202X,2883 MEDICAL PLZ,SYNTH CITY 33,AZ,90581,5553149238,AZ823178,AZ,True,False
hcp_master,HCP001884,HCP001884,3625997648,57891927764,AG0621529,JOHN,HOLLOWAY,P,,PA,207R00000X,2884 MEDICAL PLZ,SYNTH CITY 34,CO,90588,5556118635,CO375456,CO,True,False
hcp_master,HCP001885,HCP001885,3585798457,19769183805,AR4874143,JOHN,JENSEN,J,,MD,207RR0500X,2885 MEDICAL PLZ,SYNTH CITY 35,TX,90595,5559182281,TX856109,TX,True,False
hcp_master,HCP001886,HCP001886,1253027845,36403144419,AF3449805,CHARLES,WEST,A,,DO,207RC0000X,2886 MEDICAL PLZ,SYNTH CITY 36,FL,90602,5559357653,FL511476,FL,True,False
hcp_master,HCP001887,HCP001887,4915007734,97327868837,BB9383920,MELISSA,LOWE,M,,DO,208000000X,2887 MEDICAL Plaza,SYNTH CITY 37,GA,90609,5558451135,GA339977,GA,True,False
hcp_master,HCP001888,HCP001888,3157741091,89465147658,BG1097945,KELSEY,MENDOZA,M,,MD,207Q00000X,2888 MEDICAL PLZ,SYNTH CITY 38,NY,90616,5554665442,NY406232,NY,True,False
hcp_master,HCP001889,HCP001889,2537819411,15427450302,PR3677026,ERIK,TORRES,C,,PA,207RX0202X,2889 MEDICAL Plaza STE 35,SYNTH CITY 39,NJ,90623,5555408698,NJ839308,NJ,True,False
hcp_master,HCP001890,HCP001890,2821123090,51899361057,AR4608546,GREGORY,SMITH JR,J,JR,NP,207R00000X,2890 MEDICAL PLZ,SYNTH CITY 40,MA,90630,5559504584,MA802026,MA,True,False
hcp_master,HCP001891,HCP001891,2982858823,71229327668,RF9586095,LAUREN,BRYANT,J,,DO,207RR0500X,2891 MEDICAL Plaza STE 12,SYNTH CITY 41,PA,90637,5552276146,PA929334,PA,True,False
hcp_master,HCP001892,HCP001892,4852081726,90548718361,BA1916702,PATRICK,MARTIN,K,,PA,207RC0000X,2892 MEDICAL PLZ,SYNTH CITY 42,IL,90644,5557523372,IL257971,IL,True,False
hcp_master,HCP001893,HCP001893,4602421255,95017684938,BG9738490,HEATHER,DANIELS,L,,MD,208000000X,2893 MEDICAL PLZ,SYNTH CITY 43,OH,90651,5558357268,OH354392,OH,True,False
hcp_master,HCP001894,HCP001894,9823895691,03767305771,MM3211536,JAMES,PENNINGTON,E,,PA,207Q00000X,2894 MEDICAL PLZ,SYNTH CITY 44,MI,90658,5551334845,MI215326,MI,True,False
hcp_master,HCP001895,HCP001895,3083417733,99458149238,MG1185913,JIM,MILLER,B,,MD,207RX0202X,2895 MEDICAL PLZ,SYNTH CITY 45,MN,90665,5553128979,MN601881,MN,True,False
hcp_master,HCP001896,HCP001896,1414967533,58042910722,GR1531592,BRETT,LEWIS,C,,NP,207R00000X,2896 MEDICAL PLZ,SYNTH CITY 46,CA,90672,5556330533,CA341510,CA,True,False
hcp_master,HCP001897,HCP001897,7941803935,73848972535,MR7488214,SCOTT,RIVERA,R,,NP,207RR0500X,2897 MEDICAL Plaza,SYNTH CITY 47,OR,90679,5551089802,OR973509,OR,True,False
hcp_master,HCP001898,HCP001898,6777695043,62282065646,FG1653527,MICHAEL,HUBER,E,,NP,207RC0000X,2898 MEDICAL PLZ,SYNTH CITY 48,WA,90686,5558310331,WA856721,WA,True,False
hcp_master,HCP001899,HCP001899,0934252939,39594687190,AB7853462,RALPH,SMALL,C,,MD,208000000X,2899 MEDICAL PLZ,SYNTH CITY 49,AZ,90693,5555705708,AZ761967,AZ,True,False
hcp_master,HCP001900,HCP001900,5201649535,05409161925,AP2025330,CHRISTOPHER,LANE,M,,NP,207Q00000X,2900 MEDICAL Plaza STE 28,SYNTH CITY 0,CO,90700,5557410331,CO461298,CO,True,False
hcp_master,HCP001901,HCP001901,9760817681,33829033958,PG7759473,MICHELLE,DORSEY,R,,DO,207RX0202X,2901 MEDICAL PLZ,SYNTH CITY 1,TX,90707,5554885770,TX828275,TX,True,False
hcp_master,HCP001902,HCP001902,4130088816,35292272969,GR8818380,AMY,RICHARDSON,C,,MD,207R00000X,2902 MEDICAL Plaza,SYNTH CITY 2,FL,90714,5555173622,FL392919,FL,True,False
hcp_master,HCP001903,HCP001903,2002268250,24099021883,GM9864765,FRANKLIN,FLYNN,K,SR,PA,207RR0500X,2903 MEDICAL PLZ,SYNTH CITY 3,GA,90721,5555707029,GA994794,GA,True,True
hcp_master,HCP001904,HCP001904,3322502204,85320876780,MR8252133,GREGG,BEST,S,,PA,207RC0000X,2904 MEDICAL PLZ,SYNTH CITY 4,NY,90728,5556735597,NY958980,NY,True,False
hcp_master,HCP001905,HCP001905,4323088672,40180737950,GA9399338,KATIE,WALKER,V,,NP,208000000X,2905 MEDICAL PLZ,SYNTH CITY 5,NJ,90735,5557035022,NJ331409,NJ,True,False
hcp_master,HCP001906,HCP001906,9297380187,38443092380,MG7903384,AMY,POWELL,R,,DO,207Q00000X,2906 MEDICAL PLZ,SYNTH CITY 6,MA,90742,5555521084,MA659031,MA,True,False
hcp_master,HCP001907,HCP001907,9307703253,28825649099,FF0128783,SARAH,MCNEIL,J,,DO,207RX0202X,2907 MEDICAL PLZ,SYNTH CITY 7,PA,90749,5558051085,PA152477,PA,True,False
hcp_master,HCP001908,HCP001908,7314506040,15905738402,FM1573166,DONNA,BRYAN,G,,DO,207R00000X,2908 MEDICAL PLZ,SYNTH CITY 8,IL,90756,5556385740,IL192411,IL,True,False
hcp_master,HCP001909,HCP001909,3279485932,73306532899,GP8738601,DANIEL,GRAHAM,E,,DO,207RR0500X,2909 MEDICAL PLZ,SYNTH CITY 9,OH,90763,5556445348,OH681106,OH,True,False
hcp_master,HCP001910,HCP001910,5299377619,08481314022,GA3745858,SARA,WHITE,E,,PA,207RC0000X,2910 MEDICAL PLZ,SYNTH CITY 10,MI,90770,5558826895,MI384948,MI,True,False
hcp_master,HCP001911,HCP001911,9309698444,85581459265,RG1581757,MANUEL,PITTMAN,T,,DO,208000000X,2911 MEDICAL PLZ,SYNTH CITY 11,MN,90777,5555503546,MN576413,MN,True,False
hcp_master,HCP001912,HCP001912,9365442166,29810907783,FB1229456,TYRONE,HARRIS,A,,MD,207Q00000X,2912 MEDICAL PLZ,SYNTH CITY 12,CA,90784,5553345809,CA557163,CA,True,False
hcp_master,HCP001913,HCP001913,0436782243,13713648040,AF2197490,RICKY,CASE,A,,PA,207RX0202X,2913 MEDICAL PLZ,SYNTH CITY 13,OR,90791,5553581700,OR740944,OR,True,False
hcp_master,HCP001914,HCP001914,6966723762,28488799385,FB6824894,STEVEN,CURTIS,A,,PA,207R00000X,2914 MEDICAL PLZ,SYNTH CITY 14,WA,90798,5552075489,WA509298,WA,True,False
hcp_master,HCP001915,HCP001915,,25167849479,GR5047622,VERONICA,WRIGHT,R,,NP,207RR0500X,2915 MEDICAL PLZ,SYNTH CITY 15,AZ,90805,5552308348,AZ509203,AZ,True,False
hcp_master,HCP001916,HCP001916,4388022053,39664452533,RA8137987,CHRISTY,DAVIS,R,,DO,207RC0000X,2916 MEDICAL PLZ,SYNTH CITY 16,CO,90812,5556469186,CO850201,CO,True,False
hcp_master,HCP001917,HCP001917,9424706999,14367679555,BG5032631,RACHEL,DIAZ,J,,NP,208000000X,2917 MEDICAL PLZ,SYNTH CITY 17,TX,90819,5559888733,TX768327,TX,True,False
hcp_master,HCP001918,HCP001918,4962946768,51569517882,BA4175324,BRANDON,SUMMERS,R,,MD,207Q00000X,2918 MEDICAL Plaza STE 6,SYNTH CITY 18,FL,90826,5555391619,FL515142,FL,True,False
hcp_master,HCP001919,HCP001919,1817448818,88141565970,BG4155483,DANIEL,WEISS,A,,PA,207RX0202X,2919 MEDICAL Plaza,SYNTH CITY 19,GA,90833,5555360765,GA672634,GA,True,False
hcp_master,HCP001920,HCP001920,5699227182,11078747637,BF8146596,DAWN,DIXON,J,,MD,207R00000X,2920 MEDICAL PLZ,SYNTH CITY 20,NY,90840,5558869658,NY635024,NY,True,False
hcp_master,HCP001921,HCP001921,8270259673,94384635144,BR6814812,RANDY,SMITH,L,,DO,207RR0500X,2921 MEDICAL Plaza,SYNTH CITY 21,NJ,90847,5554057945,NJ164826,NJ,True,False
hcp_master,HCP001922,HCP001922,8657588934,78240571989,RA4409063,CHRISTOPHER,LEWIS,B,,MD,207RC0000X,2922 MEDICAL PLZ,SYNTH CITY 22,MA,90854,5557370176,MA489527,MA,True,False
hcp_master,HCP001923,HCP001923,5595269650,05494863806,GP0225996,DANNY,RIDDLE,M,,PA,208000000X,2923 MEDICAL PLZ,SYNTH CITY 23,PA,90861,5551596255,PA586525,PA,True,False
hcp_master,HCP001924,HCP001924,1146481530,62883758982,MA3348048,JESSICA,RANDOLPH,A,,MD,207Q00000X,2924 MEDICAL Plaza,SYNTH CITY 24,IL,90868,5559877894,IL557497,IL,True,False
hcp_master,HCP001925,HCP001925,1399006950,57100252504,BF6072879,DONNA,VASQUEZ,C,,NP,207RX0202X,2925 MEDICAL Plaza STE 21,SYNTH CITY 25,OH,90875,5558140943,OH165264,OH,True,False
hcp_master,HCP001926,HCP001926,0537001774,72117441680,RB9781504,VICTOR,WEBB,V,,MD,207R00000X,2926 MEDICAL Plaza,SYNTH CITY 26,MI,90882,5554118775,MI780382,MI,True,False
hcp_master,HCP001927,HCP001927,1832969625,99818808794,PP6913060,SCOTT,GARCIA,R,,DO,207RR0500X,2927 MEDICAL PLZ,SYNTH CITY 27,MN,90889,5553286206,MN300022,MN,True,False
hcp_master,HCP001928,HCP001928,,13484493705,PB7901192,DALTON,FIELDS,M,,PA,207RC0000X,2928 MEDICAL Plaza STE 27,SYNTH CITY 28,CA,90896,5553547168,CA605893,CA,True,False
hcp_master,HCP001929,HCP001929,7483353695,35640967708,AP9578548,DOUGLAS,SNOW,D,III,NP,208000000X,2929 MEDICAL PLZ,SYNTH CITY 29,OR,90903,5558313173,OR738132,OR,True,False
hcp_master,HCP001930,HCP001930,0315327359,57344912902,FP7802475,BRETT,THOMPSON,K,,MD,207Q00000X,2930 MEDICAL PLZ,SYNTH CITY 30,WA,90910,5556928545,WA861303,WA,True,False
hcp_master,HCP001931,HCP001931,2380197428,83973744772,FR2786089,COURTNEY,FREEMAN,E,,MD,207RX0202X,2931 MEDICAL Plaza,SYNTH CITY 31,AZ,90917,5558240215,AZ751221,AZ,True,False
hcp_master,HCP001932,HCP001932,1562163661,23589665459,MP5784645,ERICA,NELSON,D,,DO,207R00000X,2932 MEDICAL PLZ,SYNTH CITY 32,CO,90924,5553561978,CO929128,CO,True,False
hcp_master,HCP001933,HCP001933,5571404693,20325159146,GF0498701,JEREMY,CHAMBERS,D,,NP,207RR0500X,2933 MEDICAL Plaza,SYNTH CITY 33,TX,90931,5552644957,TX266451,TX,True,False
hcp_master,HCP001934,HCP001934,2619176102,66694598447,GG8743607,SUSAN,CUNNINGHAM,D,,DO,207RC0000X,2934 MEDICAL Plaza STE 7,SYNTH CITY 34,FL,90938,5552040523,FL448776,FL,True,False
hcp_master,HCP001935,HCP001935,4843148840,90000747760,AM9160156,LISA,PALMER,A,,NP,208000000X,2935 MEDICAL PLZ,SYNTH CITY 35,GA,90945,5553900129,GA819426,GA,True,False
hcp_master,HCP001936,HCP001936,3805592557,14806098539,BP4879638,MARIAH,ROY,M,,NP,207Q00000X,2936 MEDICAL Plaza,SYNTH CITY 36,NY,90952,5558685079,NY577647,NY,True,False
hcp_master,HCP001937,HCP001937,7421143042,95971531956,PA3821628,GABRIEL,CROSBY,B,,NP,207RX0202X,2937 MEDICAL Plaza,SYNTH CITY 37,NJ,90959,5556945351,NJ234247,NJ,True,True
hcp_master,HCP001938,HCP001938,6374404674,86712554940,GB0206490,MARY,ERICKSON,R,,DO,207R00000X,2938 MEDICAL Plaza,SYNTH CITY 38,MA,90966,5556758756,MA424337,MA,True,False
hcp_master,HCP001939,HCP001939,0689698385,15910302146,BF7237328,JOSHUA,KELLY,S,,PA,207RR0500X,2939 MEDICAL Plaza,SYNTH CITY 39,PA,90973,5554803345,PA120390,PA,True,False
hcp_master,HCP001940,HCP001940,2114259551,99091257942,FF2279516,TROY,FOWLER,B,SR,PA,207RC0000X,2940 MEDICAL PLZ,SYNTH CITY 40,IL,90980,5553111819,IL641504,IL,True,False
hcp_master,HCP001941,HCP001941,3501068977,03346018538,MP6599760,LUIS,HERNANDEZ,M,,MD,208000000X,2941 MEDICAL Plaza,SYNTH CITY 41,OH,90987,5551694639,OH500392,OH,True,False
hcp_master,HCP001942,HCP001942,,01526906914,AA9218228,MICHAEL,DAVIS,L,,PA,207Q00000X,2942 MEDICAL Plaza STE 3,SYNTH CITY 42,MI,90994,5558171133,MI304005,MI,True,False
hcp_master,HCP001943,HCP001943,6801885404,03896113777,BF3770733,JASON,MCCARTHY,D,,PA,207RX0202X,2943 MEDICAL PLZ,SYNTH CITY 43,MN,91001,5558428606,MN597115,MN,True,False
hcp_master,HCP001944,HCP001944,8388394263,54110696580,AR8501725,GEORGE,ELLISON,M,,DO,207R00000X,2944 MEDICAL PLZ,SYNTH CITY 44,CA,91008,5559823573,CA931128,CA,True,False
hcp_master,HCP001945,HCP001945,4959703503,86555832252,RM3248951,KIMBERLY,PENNINGTON,S,,NP,207RR0500X,2945 MEDICAL Plaza STE 6,SYNTH CITY 45,OR,91015,5559003851,OR433313,OR,True,False
hcp_master,HCP001946,HCP001946,0781491127,43823215920,RA0719462,DAVID,OWEN,S,,NP,207RC0000X,2946 MEDICAL Plaza,SYNTH CITY 46,WA,91022,5559292173,WA924887,WA,True,False
hcp_master,HCP001947,HCP001947,6014046398,76619726495,MB1966464,STEPHANIE,MARTINEZ,T,,MD,208000000X,2947 MEDICAL PLZ,SYNTH CITY 47,AZ,91029,5559506807,AZ909701,AZ,True,False
hcp_master,HCP001948,HCP001948,7931666755,67404578720,BA6215479,ERIN,ROSE,K,III,PA,207Q00000X,2948 MEDICAL Plaza,SYNTH CITY 48,CO,91036,5552713274,CO401866,CO,True,False
hcp_master,HCP001949,HCP001949,0749433914,70686898718,MB6186621,JENNIFER,RICHARD,C,,DO,207RX0202X,2949 MEDICAL Plaza,SYNTH CITY 49,TX,91043,5556679720,TX986003,TX,True,False
hcp_master,HCP001950,HCP001950,2232692493,93297065574,MG9801300,MICHELLE,DRAKE,M,,MD,207R00000X,2950 MEDICAL Plaza,SYNTH CITY 0,FL,91050,5558362034,FL803155,FL,True,False
hcp_master,HCP001951,HCP001951,8665558820,02449414006,BM0355553,SAMANTHA,BOONE,P,,DO,207RR0500X,2951 MEDICAL Plaza STE 22,SYNTH CITY 1,GA,91057,5552276177,GA807794,GA,True,False
hcp_master,HCP001952,HCP001952,6654014722,48998472526,FF0245875,RICHARD,MARTIN,J,,DO,207RC0000X,2952 MEDICAL Plaza,SYNTH CITY 2,NY,91064,5554495656,NY853755,NY,True,False
hcp_master,HCP001953,HCP001953,8710931741,55669357791,RG2239127,LYDIA,PHILLIPS,W,,PA,208000000X,2953 MEDICAL PLZ,SYNTH CITY 3,NJ,91071,5555485137,NJ468097,NJ,True,False
hcp_master,HCP001954,HCP001954,7243472777,96701355119,PG3493341,JEFF,MARTIN,I,,MD,207Q00000X,2954 MEDICAL Plaza,SYNTH CITY 4,MA,91078,5556136005,MA402733,MA,True,False
hcp_master,HCP001955,HCP001955,5244420175,06616628406,GF4936858,ALICE,JACOBS,L,,DO,207RX0202X,2955 MEDICAL PLZ,SYNTH CITY 5,PA,91085,5553625553,PA210924,PA,True,False
hcp_master,HCP001956,HCP001956,8909341991,72969852767,RM6441191,HAROLD,HALL,J,,MD,207R00000X,2956 MEDICAL PLZ,SYNTH CITY 24,MA,90518,5554373088,IL515422,IL,True,False
hcp_master,HCP001957,HCP001957,6028655903,82352398628,RR6239175,KRISTEN,MARTIN,C,,DO,207RR0500X,2957 MEDICAL Plaza STE 20,SYNTH CITY 7,OH,91099,5556309056,OH288195,OH,True,False
hcp_master,HCP001958,HCP001958,6727623350,06638305180,BR2582308,CANDICE,YOUNG,K,,MD,207RC0000X,2958 MEDICAL PLZ,SYNTH CITY 8,MI,91106,5555322550,MI382236,MI,False,False
hcp_master,HCP001959,HCP001959,1446822219,18584850158,BP8158334,RAY,GRIFFIN,D,,DO,208000000X,2959 MEDICAL PLZ,SYNTH CITY 9,MN,91113,5558136071,MN343075,MN,True,False
hcp_master,HCP001960,HCP001960,5969684112,54080380082,RB1597620,WESLEY,DAVIS,A,,PA,207Q00000X,2960 MEDICAL Plaza STE 4,SYNTH CITY 10,CA,91120,5554210623,CA496759,CA,True,False
hcp_master,HCP001961,HCP001961,2977426925,60917477201,BR0638578,JACOB,CARR,J,,PA,207RX0202X,2961 MEDICAL Plaza,SYNTH CITY 11,OR,91127,5554151759,OR927571,OR,True,False
hcp_master,HCP001962,HCP001962,9484118614,30513660524,PF5047697,JOHN,LINDSEY,M,,MD,207R00000X,2962 MEDICAL Plaza,SYNTH CITY 12,WA,91134,5558622269,WA831766,WA,True,False
hcp_master,HCP001963,HCP001963,6609722627,86939773526,RM8162513,LARRY,CHARLES,A,,DO,207RR0500X,2963 MEDICAL Plaza,SYNTH CITY 13,AZ,91141,5558969611,AZ616373,AZ,True,False
hcp_master,HCP001964,HCP001964,4477518640,06959668596,FG6270701,EMILY,RUSSELL,A,,PA,207RC0000X,2964 MEDICAL PLZ,SYNTH CITY 14,CO,91148,5557211377,CO935643,CO,True,False
hcp_master,HCP001965,HCP001965,8607819108,51608287372,GR8913087,MATTHEW,RAMSEY,D,,PA,208000000X,2965 MEDICAL Plaza,SYNTH CITY 15,TX,91155,5554268701,TX744130,TX,True,False
hcp_master,HCP001966,HCP001966,7679480039,40160188731,FB2822218,SAMANTHA,BAXTER,K,,PA,207Q00000X,2966 MEDICAL PLZ,SYNTH CITY 16,FL,91162,5554634069,FL343149,FL,True,False
hcp_master,HCP001967,HCP001967,,42204662848,PA0583667,EMILY,SHAW,L,,PA,207RX0202X,2967 MEDICAL PLZ,SYNTH CITY 17,GA,91169,5553976590,GA641937,GA,True,False
hcp_master,HCP001968,HCP001968,3112939509,33175721325,GA4357429,TRACI,BURKE,S,,PA,207R00000X,2968 MEDICAL PLZ,SYNTH CITY 18,NY,91176,5557787553,NY653394,NY,True,False
hcp_master,HCP001969,HCP001969,5119825748,32081841534,RM0076472,MATTHEW,WAGNER,K,,MD,207RR0500X,2969 MEDICAL Plaza STE 35,SYNTH CITY 19,NJ,91183,5553250049,NJ984263,NJ,True,False
hcp_master,HCP001970,HCP001970,1605233588,52124155791,RP0620601,RUSSELL,HAMILTON,N,,NP,207RC0000X,2970 MEDICAL Plaza,SYNTH CITY 20,MA,91190,5553793733,MA123960,MA,True,False
hcp_master,HCP001971,HCP001971,1346010758,27921791758,BF6884314,ERIK,MASON,A,,PA,208000000X,2971 MEDICAL Plaza,SYNTH CITY 21,PA,91197,5552123354,PA351534,PA,False,False
hcp_master,HCP001972,HCP001972,1524215476,40456018740,BM6857213,JIMMY,GARCIA,T,III,MD,207Q00000X,2972 MEDICAL Plaza STE 36,SYNTH CITY 22,IL,91204,5557874141,IL159721,IL,True,False
hcp_master,HCP001973,HCP001973,8998237654,94848868030,MF5876063,ALISON,TORRES,R,,NP,207RX0202X,2973 MEDICAL Plaza,SYNTH CITY 23,OH,91211,5554019817,OH637130,OH,True,False
hcp_master,HCP001974,HCP001974,2302541158,39837920281,BR2488325,TAMI,LANE,L,,NP,207R00000X,2974 MEDICAL PLZ,SYNTH CITY 24,MI,91218,5554687614,MI477281,MI,True,False
hcp_master,HCP001975,HCP001975,1782717254,68187728618,BG1368461,MELINDA,SULLIVAN,B,,MD,207RR0500X,2975 MEDICAL PLZ,SYNTH CITY 25,MN,91225,5551538780,MN405086,MN,True,False
hcp_master,HCP001976,HCP001976,4749204135,41321772444,PM0294477,ALEJANDRA,SMITH,R,,NP,207RC0000X,2976 MEDICAL Plaza STE 21,SYNTH CITY 26,CA,91232,5555092061,CA889122,CA,True,False
hcp_master,HCP001977,HCP001977,2758763447,12367176211,PB1464534,ROBIN,THOMPSON,G,,NP,208000000X,2977 MEDICAL PLZ,SYNTH CITY 27,OR,91239,5553958810,OR861863,OR,True,False
hcp_master,HCP001978,HCP001978,1769876818,25811667878,AF7835285,CATHERINE,OWENS,J,,DO,207Q00000X,2978 MEDICAL PLZ,SYNTH CITY 28,WA,91246,5554123459,WA511087,WA,True,False
hcp_master,HCP001979,HCP001979,8827093278,94541361756,PG7722405,GLENN,GARCIA,C,,NP,207RX0202X,2979 MEDICAL PLZ,SYNTH CITY 29,AZ,91253,5558209181,AZ276856,AZ,True,False
hcp_master,HCP001980,HCP001980,1594534517,11646070173,BR6271416,BRADLEY,JAMES,R,,DO,207R00000X,2980 MEDICAL Plaza,SYNTH CITY 30,CO,91260,5558796736,CO836074,CO,True,False
hcp_master,HCP001981,HCP001981,2870013788,36118479516,PB4671060,TINA,CROSBY,T,,DO,207RR0500X,2981 MEDICAL PLZ,SYNTH CITY 31,TX,91267,5559423712,TX883160,TX,True,False
hcp_master,HCP001982,HCP001982,6830801018,19475179976,PR5933146,BRIAN,BROOKS,C,,DO,207RC0000X,2982 MEDICAL Plaza,SYNTH CITY 32,FL,91274,5552060590,FL630950,FL,True,False
hcp_master,HCP001983,HCP001983,5341430523,61547469216,BB7605637,VINCENT,MOORE,A,,DO,208000000X,2983 MEDICAL PLZ,SYNTH CITY 33,GA,91281,5555924358,GA359024,GA,True,False
hcp_master,HCP001984,HCP001984,1377124676,69198121034,GP4166461,REBECCA,RILEY,J,,MD,207Q00000X,2984 MEDICAL Plaza,SYNTH CITY 34,NY,91288,5553162175,NY470075,NY,True,False
hcp_master,HCP001985,HCP001985,5582317124,84173103154,MB0102753,SHARON,MOORE,N,,MD,207RX0202X,2985 MEDICAL PLZ,SYNTH CITY 35,NJ,91295,5555493880,NJ336880,NJ,True,False
hcp_master,HCP001986,HCP001986,5179653899,88327679384,PB8749375,TIFFANY,FRY,T,,PA,207R00000X,2986 MEDICAL PLZ,SYNTH CITY 36,MA,91302,5558656445,MA530329,MA,True,False
hcp_master,HCP001987,HCP001987,1402687689,06120828209,BP1137067,CHRISTOPHER,YOUNG,J,,PA,207RR0500X,2987 MEDICAL PLZ,SYNTH CITY 37,PA,91309,5557752785,PA580862,PA,True,False
hcp_master,HCP001988,HCP001988,7073612708,41615459874,PA2483499,PAUL,FRANKLIN,E,,NP,207RC0000X,2988 MEDICAL Plaza,SYNTH CITY 38,IL,91316,5559713096,IL645610,IL,True,False
hcp_master,HCP001989,HCP001989,3296303340,17571159379,AA6869057,KENNETH,KIM,T,,NP,208000000X,2989 MEDICAL Plaza STE 18,SYNTH CITY 39,OH,91323,5554157398,OH996935,OH,True,False
hcp_master,HCP001990,HCP001990,5940543791,47425307565,RB0584453,JIM,RIOS,E,,NP,207Q00000X,2990 MEDICAL PLZ,SYNTH CITY 40,MI,91330,5558030210,MI535292,MI,True,False
hcp_master,HCP001991,HCP001991,3404386724,02799566330,AF3598155,KENNETH,MEYER,P,,PA,207RX0202X,2991 MEDICAL Plaza,SYNTH CITY 41,MN,91337,5551004422,MN784921,MN,True,False
hcp_master,HCP001992,HCP001992,8200950235,94703402660,BG2005357,JOHNNY,LEONARD,D,,NP,207R00000X,2992 MEDICAL PLZ,SYNTH CITY 42,CA,91344,5553053397,CA264452,CA,True,False
hcp_master,HCP001993,HCP001993,0741284257,19284801473,AB2357179,MEAGAN,FLETCHER,A,,DO,207RR0500X,2993 MEDICAL Plaza,SYNTH CITY 43,OR,91351,5552132975,OR919975,OR,True,False
hcp_master,HCP001994,HCP001994,1570993430,15464751945,MR4116458,GEORGE,GRIFFIN,B,,DO,207RC0000X,2994 MEDICAL Plaza,SYNTH CITY 44,WA,91358,5551629459,WA725904,WA,True,False
hcp_master,HCP001995,HCP001995,3227585692,88917038766,BP1305880,RENEE,HERNANDEZ,J,,PA,208000000X,2995 MEDICAL Plaza STE 22,SYNTH CITY 45,AZ,91365,5555380332,AZ353331,AZ,True,False
hcp_master,HCP001996,HCP001996,8049957284,01596157513,GB4213070,MITCHELL,ALLEN,V,,MD,207Q00000X,2996 MEDICAL PLZ,SYNTH CITY 46,CO,91372,5551341651,CO500038,CO,True,False
hcp_master,HCP001997,HCP001997,8351480339,41246075230,MP9223141,CHEYENNE,VALENTINE,M,,MD,207RX0202X,2997 MEDICAL PLZ,SYNTH CITY 47,TX,91379,5558769993,TX973890,TX,True,False
hcp_master,HCP001998,HCP001998,8946350757,71595807044,GG7707359,JULIA,CANNON,M,,DO,207R00000X,2998 MEDICAL Plaza STE 31,SYNTH CITY 48,FL,91386,5553338206,FL553007,FL,True,False
hcp_master,HCP001999,HCP001999,1861778441,18202247333,RF7013532,LISA,BLEVINS,N,,NP,207RR0500X,2999 MEDICAL PLZ,SYNTH CITY 49,GA,91393,5552552881,GA199630,GA,True,False
hcp_master,HCPDUP00000,HCPDUP00000,4214063354,96554994903,FM6425243,JIM,HENRY,R,,MD,207RC0000X,1356 MEDICAL PLAZA,SYNTH CITY 6,IL,91092,5556929035,IL946118,IL,False,False
hcp_master,HCPDUP00001,HCPDUP00001,4734436684,49957519742,MG8251731,ANGIE,EDWARDS,D,,NP,207RC0000X,2364 MEDICAL PLAZA,SYNTH CITY 14,CO,91148,5551675026,CO945541,CO,True,False
hcp_master,HCPDUP00002,HCPDUP00002,0669157386,71426039359,MP9685863,RICKY,SMITH,C,,DO,207R00000X,1228 MEDICAL PLAZA,SYNTH CITY 28,IL,90196,5555419908,IL362563,IL,True,False
hcp_master,HCPDUP00003,HCPDUP00003,8795977635,62757278136,RP4298834,ANDREW,SPARKS,R,,MD,207RR0500X,1157 MEDICAL PLAZA,SYNTH CITY 7,OH,91099,5553223178,OH255940,OH,True,False
hcp_master,HCPDUP00004,HCPDUP00004,2645606874,27994122823,PB6594589,JASMINE,BERRY,J,,NP,207RX0202X,1293 MEDICAL PLAZA,SYNTH CITY 43,OH,90651,5557612325,OH981753,OH,True,False
hcp_master,HCPDUP00005,HCPDUP00005,8662680783,41837336380,AA2030719,BILL,STEELE,J,,PA,207RC0000X,1302 MEDICAL PLAZA,SYNTH CITY 2,FL,90714,5558610163,FL797488,FL,True,False
hcp_master,HCPDUP00006,HCPDUP00006,6833132718,50655811459,MB8482755,CHARLES,RUSSO,A,,PA,207RC0000X,2136 MEDICAL PLAZA,SYNTH CITY 36,NY,90952,5558495516,NY264725,NY,True,False
hcp_master,HCPDUP00007,HCPDUP00007,3145224051,33350112525,MM5544743,TOM,WARREN,R,,PA,207RR0500X,2417 MEDICAL PLAZA STE 38,SYNTH CITY 17,OR,90119,5554445906,OR838663,OR,True,False
hcp_master,HCPDUP00008,HCPDUP00008,9666687071,60280927206,PA2393090,BILL,SIMPSON,G,,DO,207R00000X,2266 MEDICAL PLAZA,SYNTH CITY 16,WA,90462,5552224378,WA777841,WA,True,False
hcp_master,HCPDUP00009,HCPDUP00009,4938788773,17676335434,GB6324167,SARAH,LEWIS,J,,PA,207R00000X,1102 MEDICAL PLAZA,SYNTH CITY 2,FL,90714,5557580474,FL553197,FL,True,False
hcp_master,HCPFF00000,HCPFF00000,3327267308,05014247730,BP0293087,TAMMY,GONZALEZ,B,,DO,207R00000X,9000 OTHER Street,SYNTH CITY 49,OR,90343,5554737676,OR853888,OR,True,False
hcp_master,HCPFF00001,HCPFF00001,0154792317,84374582688,RB6505256,TIFFANY,WOODS,M,,DO,207RX0202X,9001 OTHER ST,SYNTH CITY 41,OH,90987,5557063532,OH727715,OH,True,False
hcp_master,HCPFF00002,HCPFF00002,9328938987,57601921937,PG6540178,EILEEN,STEELE,R,,MD,208000000X,9002 OTHER ST,SYNTH CITY 6,IL,91092,5558126467,IL164229,IL,True,False
hcp_master,HCPFF00003,HCPFF00003,4969479573,19951339008,RB0987796,JILL,MERCER,E,,NP,207RC0000X,9003 OTHER Street,SYNTH CITY 8,NY,90056,5558468828,NY190258,NY,True,False
hcp_master,HCPFF00004,HCPFF00004,4353899451,08228980941,BM8467482,JOSHUA,MILLER,M,,MD,207R00000X,9004 OTHER Street STE 3,SYNTH CITY 6,IL,91092,5551696314,IL335129,IL,True,False
hcp_master,HCPFF00005,HCPFF00005,3346263122,82656699333,MG9743789,SHERI,PALMER,R,,MD,207Q00000X,9005 OTHER Street,SYNTH CITY 12,MI,90434,5555212587,MI592151,MI,True,False
