entity_id,npi,me_number,dea_number,first_name,middle_name,last_name,suffix,credential,specialty_code,specialty_name,state_license,license_state,practice_zip5,practice_address1,practice_city,practice_state,phone,is_active,retired_date,relocated_date,volume_latent,do_not_contact,sample_eligible
HCP000000,2543890414,43323360056,BB6371153,JOSEPH,C,GARCIA,,NP,207R00000X,Internal Medicine,CA243709,CA,90000,1000 MEDICAL PLZ,SYNTH CITY 0,CA,5552470749,True,,,2.992923675224,False,True
HCP000001,8217635175,73019410393,RG7700991,JASON,A,KNAPP,,NP,207RR0500X,Rheumatology,OR366737,OR,90007,1001 MEDICAL PLZ,SYNTH CITY 1,OR,5558356505,True,,,61.8651654524187,False,True
HCP000002,0304863430,75842097101,FP1807294,BRIAN,A,CAMACHO,,DO,207RC0000X,Cardiovascular Disease,WA462697,WA,90014,1002 MEDICAL PLZ,SYNTH CITY 2,WA,5554168364,True,,,17.386310404852548,False,True
HCP000003,0005578196,91106411066,MA0177203,JESSICA,T,GUTIERREZ,,PA,208000000X,Pediatrics,AZ516999,AZ,90021,1003 MEDICAL PLZ,SYNTH CITY 3,AZ,5552272540,True,,,14.44802060136224,False,True
HCP000004,3660697293,69204556970,AA3393082,JEFFERY,A,ATKINSON,,PA,207Q00000X,Family Medicine,CO837746,CO,90028,1004 MEDICAL PLZ,SYNTH CITY 4,CO,5552288608,True,,,7.12922621197058,False,True
HCP000005,5396828340,89933205281,MG6146385,JENNIFER,R,NICHOLSON,,DO,207RX0202X,Medical Oncology,TX528932,TX,90035,1005 MEDICAL PLZ,SYNTH CITY 5,TX,5554600224,True,,,7.436405556321042,False,True
HCP000006,4165047331,16141416564,FB2446028,DANIELLE,T,TORRES,,PA,207R00000X,Internal Medicine,FL223417,FL,90042,1006 MEDICAL PLZ,SYNTH CITY 6,FL,5552783611,True,,,1.6450608022429922,False,True
HCP000007,7348858342,84226437009,MG0545055,KEITH,R,CARR,,DO,207RR0500X,Rheumatology,GA738446,GA,90049,1007 MEDICAL PLZ,SYNTH CITY 7,GA,5556595015,True,,,7.433137442403917,False,True
HCP000008,8290336121,68353362129,BF6121997,JOHNNY,H,BURKE,,MD,207RC0000X,Cardiovascular Disease,NY882439,NY,90056,1008 MEDICAL PLZ,SYNTH CITY 8,NY,5552405486,True,,,7.041710649482703,False,True
HCP000009,0180653889,31956287746,GF5397774,MATTHEW,J,DENNIS,,PA,208000000X,Pediatrics,NJ162472,NJ,90063,1009 MEDICAL PLZ,SYNTH CITY 9,NJ,5553651589,True,,,6.93408845303637,False,True
HCP000010,4467255095,56904155495,FA2849554,JOSEPH,D,HOOVER,SR,DO,207Q00000X,Family Medicine,MA638154,MA,90070,1010 MEDICAL PLZ,SYNTH CITY 10,MA,5555957803,True,,,6.245801453241327,False,True
HCP000011,4772964688,20896906423,GM1690863,CAROL,R,FRANCIS,,NP,207RX0202X,Medical Oncology,PA173159,PA,90077,1011 MEDICAL PLZ,SYNTH CITY 11,PA,5551530781,True,,,19.472139119804822,False,True
HCP000012,7194108149,61740151317,MP0326827,MACKENZIE,M,NICHOLS,,NP,207R00000X,Internal Medicine,IL991829,IL,90084,1012 MEDICAL PLZ,SYNTH CITY 12,IL,5554911438,True,,,8.076829540486239,False,True
HCP000013,1475133298,27711777450,FG1102969,CLAUDIA,B,CHAN,,DO,207RR0500X,Rheumatology,OH416827,OH,90091,1013 MEDICAL PLZ,SYNTH CITY 13,OH,5556914527,True,,,2.808692387344377,False,True
HCP000014,5863652561,99527338853,RB7584807,JENNIFER,M,DUNCAN,,MD,207RC0000X,Cardiovascular Disease,MI967120,MI,90098,1014 MEDICAL PLZ,SYNTH CITY 14,MI,5557923968,True,,,15.223243030952991,False,True
HCP000015,0125581708,25968503800,PA9765048,GLENN,N,HUMPHREY,,PA,208000000X,Pediatrics,MN798934,MN,90105,1015 MEDICAL PLZ,SYNTH CITY 15,MN,5551518611,False,2024-02-25,,146.51165810917507,False,True
HCP000016,8539966142,12910917730,FA6898787,RONALD,A,CLARK,,NP,207Q00000X,Family Medicine,CA471485,CA,90112,1016 MEDICAL PLZ,SYNTH CITY 16,CA,5559156817,False,2024-02-11,,13.309024238077942,False,True
HCP000017,5816787142,99609132706,RP3836500,THOMAS,D,FRYE,,MD,207RX0202X,Medical Oncology,OR469094,OR,90119,1017 MEDICAL PLZ,SYNTH CITY 17,OR,5559717853,True,,,36.98893277560657,False,True
HCP000018,3273710368,74420060293,PF9846493,STEPHANIE,S,NGUYEN,,NP,207R00000X,Internal Medicine,WA416403,WA,90126,1018 MEDICAL PLZ,SYNTH CITY 18,WA,5558495854,True,,,9.27857402039122,False,True
HCP000019,7829532309,65378039891,GA8520788,CRISTIAN,J,MILLER,,PA,207RR0500X,Rheumatology,AZ830595,AZ,90133,1019 MEDICAL PLZ,SYNTH CITY 19,AZ,5559988297,True,,,14.906437467886743,False,True
HCP000020,4311187163,69565384766,PP5653787,VICTORIA,J,HORN,,DO,207RC0000X,Cardiovascular Disease,CO156296,CO,90140,1020 MEDICAL PLZ,SYNTH CITY 20,CO,5554038144,True,,,9.047578150996488,False,True
HCP000021,6657456722,33334563847,AB4341467,EILEEN,R,STEELE,,MD,208000000X,Pediatrics,TX566179,TX,90147,1021 MEDICAL PLZ,SYNTH CITY 21,TX,5558126467,True,,,3.9049763121083143,False,True
HCP000022,8336652093,88401239362,MG1418798,KEVIN,T,HORTON,,MD,207Q00000X,Family Medicine,FL964538,FL,90154,1022 MEDICAL PLZ,SYNTH CITY 22,FL,5558068037,True,,,5.289295560480101,False,True
HCP000023,1092406887,54592465026,MP9653384,JOHNNY,A,MOORE,,NP,207RX0202X,Medical Oncology,GA293927,GA,90161,1023 MEDICAL PLZ,SYNTH CITY 23,GA,5552756297,True,,,8.870759754558371,False,True
HCP000024,5141011457,60792232247,MR3430324,RONNIE,B,MUNOZ,,MD,207R00000X,Internal Medicine,NY964729,NY,90168,1024 MEDICAL PLZ,SYNTH CITY 24,NY,5551763685,True,,,18.519692604859358,False,True
HCP000025,3558506721,14590285071,PP8428561,ELIZABETH,J,ANDERSON,,NP,207RR0500X,Rheumatology,NJ790167,NJ,90175,1025 MEDICAL PLZ,SYNTH CITY 25,NJ,5552203124,True,,,133.41877257983774,False,True
HCP000026,5552625563,77822547017,PF3541587,DANIEL,A,RITTER,,PA,207RC0000X,Cardiovascular Disease,MA324838,MA,90182,1026 MEDICAL PLZ,SYNTH CITY 26,MA,5551413432,True,,,5.291061716827393,False,True
HCP000027,8352022502,26698266571,FP8042105,BRADLEY,C,BOWERS,,NP,208000000X,Pediatrics,PA794176,PA,90189,1027 MEDICAL PLZ,SYNTH CITY 27,PA,5556868435,True,,,12.090771107611666,False,True
HCP000028,5480542682,54633800194,BF9622071,SEAN,C,MURRAY,,DO,207Q00000X,Family Medicine,IL645686,IL,90196,1028 MEDICAL PLZ,SYNTH CITY 28,IL,5558192946,True,,,11.134284737748187,False,True
HCP000029,5491962671,81069515286,FM6635043,JACOB,B,CABRERA,,PA,207RX0202X,Medical Oncology,OH534935,OH,90203,1029 MEDICAL PLZ,SYNTH CITY 29,OH,5556815282,True,,,1.3337144837891752,False,True
HCP000030,1499503757,08385401555,BG0146698,KARINA,T,COLLINS,,MD,207R00000X,Internal Medicine,MI871515,MI,90210,1030 MEDICAL PLZ,SYNTH CITY 30,MI,5554479795,True,,,35.81203300869582,False,True
HCP000031,1651709143,87949587168,AP1871715,JAMES,M,JONES,,PA,207RR0500X,Rheumatology,MN480591,MN,90217,1031 MEDICAL PLZ,SYNTH CITY 31,MN,5554317595,True,,,34.380057640194295,False,True
HCP000032,2099384911,28444707789,PG4383503,JAMES,J,LYONS,,DO,207RC0000X,Cardiovascular Disease,CA744845,CA,90224,1032 MEDICAL PLZ,SYNTH CITY 32,CA,5554886631,True,,,55.0790482514242,False,True
HCP000033,7220309166,51876842194,PF9834720,RANDY,B,WILLIAMS,,DO,208000000X,Pediatrics,OR400052,OR,90392,1033 MEDICAL PLZ,SYNTH CITY 6,NY,5559267268,True,,2024-03-09,10.769932061231572,False,True
HCP000034,1181576632,18011015609,AM8541283,PATRICK,K,BUCHANAN,,NP,207Q00000X,Family Medicine,WA159718,WA,90238,1034 MEDICAL PLZ,SYNTH CITY 34,WA,5551459657,True,,,1.8338686545379583,False,True
HCP000035,1197340056,31557158287,GR9290103,MARY,M,WARNER,,NP,207RX0202X,Medical Oncology,AZ176353,AZ,90245,1035 MEDICAL PLZ,SYNTH CITY 35,AZ,5555645100,True,,,5.765393474773481,False,True
HCP000036,3540743614,40205316139,AB3529095,ERIC,B,ROSS,,MD,207R00000X,Internal Medicine,CO358746,CO,90252,1036 MEDICAL PLZ,SYNTH CITY 36,CO,5553997564,True,,,35.3574989004338,False,True
HCP000037,6238229614,14617170462,MM6377379,HEATHER,S,STEPHENS,,PA,207RR0500X,Rheumatology,TX824236,TX,90259,1037 MEDICAL PLZ,SYNTH CITY 37,TX,5553602072,True,,,5.06963617312126,False,True
HCP000038,7842054505,39160593152,RP6667493,ROBERT,Z,HALL,,NP,207RC0000X,Cardiovascular Disease,FL982881,FL,90266,1038 MEDICAL PLZ,SYNTH CITY 38,FL,5554557930,True,,,7.817551792747133,False,True
HCP000039,4742957531,94009538666,BA7071276,MICHAEL,J,WILLIAMS,,MD,208000000X,Pediatrics,GA855808,GA,90273,1039 MEDICAL PLZ,SYNTH CITY 39,GA,5552941699,True,,,41.59299513541614,False,True
HCP000040,1701447611,99054435412,BP6330290,CHAD,J,PRUITT,,NP,207Q00000X,Family Medicine,NY129095,NY,90280,1040 MEDICAL PLZ,SYNTH CITY 40,NY,5555407900,True,,,1.7568716809385276,False,True
HCP000041,7922165361,54449225015,GM1841324,LOUIS,E,LEVY,,DO,207RX0202X,Medical Oncology,NJ917138,NJ,90910,1041 MEDICAL PLZ,SYNTH CITY 30,WA,5559632320,True,,2024-03-02,1.8522137432394281,False,True
HCP000042,4430064863,45960140171,BG0296936,DANIELLE,K,CHANDLER,,MD,207R00000X,Internal Medicine,MA849914,MA,90294,1042 MEDICAL PLZ,SYNTH CITY 42,MA,5552656419,True,,,65.00347105360409,False,True
HCP000043,2295996815,72084160477,GF8101840,JESSE,C,REYNOLDS,III,DO,207RR0500X,Rheumatology,PA161255,PA,90301,1043 MEDICAL PLZ,SYNTH CITY 43,PA,5552991621,True,,,35.37525578525013,False,True
HCP000044,0376266173,37627340981,GP5292338,JON,R,CARPENTER,,PA,207RC0000X,Cardiovascular Disease,IL935674,IL,90308,1044 MEDICAL PLZ,SYNTH CITY 44,IL,5558707881,True,,,12.085422424483312,False,True
HCP000045,9173896728,82948561378,AA6480307,BECKY,R,PETERSON,,DO,208000000X,Pediatrics,OH861353,OH,90315,1045 MEDICAL PLZ,SYNTH CITY 45,OH,5551372875,True,,,0.6233577193910241,False,True
HCP000046,9050537841,92237821653,BP8752402,CAROLYN,C,GRAHAM,,MD,207Q00000X,Family Medicine,MI961850,MI,90322,1046 MEDICAL PLZ,SYNTH CITY 46,MI,5553414149,True,,,16.507058958723736,False,True
HCP000047,5832453414,58990834428,MR9475476,MICHELLE,T,LLOYD,,NP,207RX0202X,Medical Oncology,MN927341,MN,90329,1047 MEDICAL PLZ,SYNTH CITY 47,MN,5551921459,True,,,24.81933251096844,False,True
HCP000048,7843349151,53169541989,FM4223517,DAVID,C,TRAN,,DO,207R00000X,Internal Medicine,CA146446,CA,90336,1048 MEDICAL PLZ,SYNTH CITY 48,CA,5553808498,True,,,44.19138837341863,False,True
HCP000049,9623268221,57183647611,RG2119932,BRANDON,J,MCINTOSH,,NP,207RR0500X,Rheumatology,OR663418,OR,90343,1049 MEDICAL PLZ,SYNTH CITY 49,OR,5559867592,True,,,21.864797843604073,False,True
HCP000050,3074741059,81321005111,PM9124612,JENNIFER,K,ROBINSON,SR,PA,207RC0000X,Cardiovascular Disease,WA573975,WA,90350,1050 MEDICAL PLZ,SYNTH CITY 0,WA,5554906041,True,,,2.129586403039063,False,True
HCP000051,9104321861,66566472090,BA2314919,NICOLE,H,BROOKS,,DO,208000000X,Pediatrics,AZ384970,AZ,90357,1051 MEDICAL PLZ,SYNTH CITY 1,AZ,5551981809,True,,,2.2698265155111543,False,True
HCP000052,6315838824,56968888201,BM5406371,TAMARA,A,BROWN,,DO,207Q00000X,Family Medicine,CO931019,CO,90364,1052 MEDICAL PLZ,SYNTH CITY 2,CO,5555417483,True,,,0.556143872731124,False,True
HCP000053,9774078502,71737720548,FB8769787,WILLIAM,J,DIAZ,,DO,207RX0202X,Medical Oncology,TX788402,TX,90371,1053 MEDICAL PLZ,SYNTH CITY 3,TX,5559925930,True,,,3.7718975701739232,False,True
HCP000054,0097244244,30498770978,RB0640293,DERRICK,J,CLARK,,DO,207R00000X,Internal Medicine,FL398894,FL,90378,1054 MEDICAL PLZ,SYNTH CITY 4,FL,5558642381,True,,,6.859532867884287,False,True
HCP000055,0064241322,50325589710,RR2065857,ALLISON,C,HUDSON,,PA,207RR0500X,Rheumatology,GA802009,GA,90385,1055 MEDICAL PLZ,SYNTH CITY 5,GA,5552614333,True,,,11.64884460481452,False,True
HCP000056,0467967234,32430921319,BF2005202,MATTHEW,A,SULLIVAN,,DO,207RC0000X,Cardiovascular Disease,NY376200,NY,90392,1056 MEDICAL PLZ,SYNTH CITY 6,NY,5557341745,True,,,19.46302552623787,False,True
HCP000057,5141950597,71219756208,RA0507922,JASON,N,ARNOLD,,PA,208000000X,Pediatrics,NJ175849,NJ,90399,1057 MEDICAL PLZ,SYNTH CITY 7,NJ,5558558867,True,,,8.775479417892962,False,True
HCP000058,1348615869,24311595496,PM7566782,KAITLYN,L,KNOX,,NP,207Q00000X,Family Medicine,MA908838,MA,90406,1058 MEDICAL PLZ,SYNTH CITY 8,MA,5556806672,True,,,5.452779926351272,False,True
HCP000059,2614974907,99667213472,GA0988356,KYLE,B,BLACK,,DO,207RX0202X,Medical Oncology,PA466542,PA,91176,1059 MEDICAL PLZ,SYNTH CITY 18,NY,5554913209,True,,2024-02-17,1.0866361838009424,False,True
HCP000060,7372824004,38192318701,MR1251304,JENNIFER,M,CLEMENTS,,NP,207R00000X,Internal Medicine,IL481923,IL,90420,1060 MEDICAL PLZ,SYNTH CITY 10,IL,5555585486,True,,,5.793153406979361,False,True
HCP000061,7134189209,23220046029,RM5532366,TRAVIS,R,ANDERSON,III,NP,207RR0500X,Rheumatology,OH892760,OH,90427,1061 MEDICAL PLZ,SYNTH CITY 11,OH,5556840040,True,,,5.021620788216056,False,True
HCP000062,5419737031,78527376000,AF0991376,ANNA,P,SIMPSON,,NP,207RC0000X,Cardiovascular Disease,MI702505,MI,90434,1062 MEDICAL PLZ,SYNTH CITY 12,MI,5555518807,True,,,8.993181742607655,False,True
HCP000063,5157957247,78318892777,PR4018803,CHRISTOPHER,J,PARKER,,NP,208000000X,Pediatrics,MN559014,MN,90441,1063 MEDICAL PLZ,SYNTH CITY 13,MN,5555328076,True,,,1.9864802131490003,False,True
HCP000064,4349860146,18450852330,RP8354454,ALLISON,M,HALE,JR,PA,207Q00000X,Family Medicine,CA894108,CA,90448,1064 MEDICAL PLZ,SYNTH CITY 14,CA,5558363344,True,,,12.13589938909807,False,True
HCP000065,7341475599,24901348441,GG5641116,ERIN,J,RHODES,,PA,207RX0202X,Medical Oncology,OR171666,OR,90455,1065 MEDICAL PLZ,SYNTH CITY 15,OR,5556672999,True,,,48.699754857107855,False,True
HCP000066,6748563486,33401340330,BB1705685,LAUREN,R,KNIGHT,,NP,207R00000X,Internal Medicine,WA289853,WA,90462,1066 MEDICAL PLZ,SYNTH CITY 16,WA,5558164603,True,,,6.351616556650305,False,True
HCP000067,1095273326,53070903036,AG7416104,MATTHEW,J,MCDONALD,,DO,207RR0500X,Rheumatology,AZ639758,AZ,90469,1067 MEDICAL PLZ,SYNTH CITY 17,AZ,5559189793,True,,,1.8630967939625365,False,True
HCP000068,3728248295,05996638608,FG4823030,MEAGAN,N,FITZPATRICK,,NP,207RC0000X,Cardiovascular Disease,CO920894,CO,90476,1068 MEDICAL PLZ,SYNTH CITY 18,CO,5559794006,True,,,31.736525042591396,False,True
HCP000069,8305235722,35620560504,MP7728337,TIFFANY,B,MACIAS,,DO,208000000X,Pediatrics,TX695891,TX,90483,1069 MEDICAL PLZ,SYNTH CITY 19,TX,5556236243,True,,,7.977787126829654,False,True
HCP000070,5791159143,42483082775,AR6487716,SHIRLEY,T,JOHNSON,,DO,207Q00000X,Family Medicine,FL193628,FL,90490,1070 MEDICAL PLZ,SYNTH CITY 20,FL,5551952386,True,,,4.286586455924904,False,True
HCP000071,7651110935,63440753570,MR7607745,ANDREW,J,HOOD,,NP,207RX0202X,Medical Oncology,GA813071,GA,90497,1071 MEDICAL PLZ,SYNTH CITY 21,GA,5559763818,True,,,2.7062383722502,False,True
HCP000072,2026398877,70713267062,AF5239398,PAUL,R,HANSON,,DO,207R00000X,Internal Medicine,NY518177,NY,90504,1072 MEDICAL PLZ,SYNTH CITY 22,NY,5554669936,True,,,1.7852070567465301,False,True
HCP000073,7213522130,23003453325,MA4665563,BRANDI,M,MARTINEZ,,NP,207RR0500X,Rheumatology,NJ211676,NJ,90511,1073 MEDICAL PLZ,SYNTH CITY 23,NJ,5554151273,True,,,12.512988295581819,False,True
HCP000074,9083769197,04308797984,MB7646264,CHRISTOPHER,T,JENSEN,JR,PA,207RC0000X,Cardiovascular Disease,MA289004,MA,90518,1074 MEDICAL PLZ,SYNTH CITY 24,MA,5553002680,True,,,4.545657588898464,False,True
HCP000075,1508659434,76830468278,PP9634726,JOSEPH,T,ESCOBAR,,DO,208000000X,Pediatrics,PA765885,PA,90525,1075 MEDICAL PLZ,SYNTH CITY 25,PA,5551642895,True,,,6.549504486195491,False,True
HCP000076,7060275675,54455321325,RA3097247,MEGAN,M,REED,,DO,207Q00000X,Family Medicine,IL727182,IL,90532,1076 MEDICAL PLZ,SYNTH CITY 26,IL,5557171720,True,,,4.744300724774415,False,True
HCP000077,6856082279,55259377879,PR7889579,HEATHER,Z,BROWN,,PA,207RX0202X,Medical Oncology,OH668762,OH,90539,1077 MEDICAL PLZ,SYNTH CITY 27,OH,5554856352,True,,,1.3797877833630088,False,True
HCP000078,7951329235,75436095258,BG5857783,GINA,S,RAY,,PA,207R00000X,Internal Medicine,MI956096,MI,90546,1078 MEDICAL PLZ,SYNTH CITY 28,MI,5553647890,True,,,3.4994821351861236,False,True
HCP000079,5817707693,52379396158,AA0509102,MICHAEL,A,VELAZQUEZ,,DO,207RR0500X,Rheumatology,MN566768,MN,90553,1079 MEDICAL PLZ,SYNTH CITY 29,MN,5557963845,True,,,18.79368791078379,False,True
HCP000080,7538857377,55150874881,AB0555099,ELIZABETH,M,WRIGHT,SR,NP,207RC0000X,Cardiovascular Disease,CA773853,CA,90560,1080 MEDICAL PLZ,SYNTH CITY 30,CA,5553190462,True,,,4.576116560544789,False,True
HCP000081,5050055958,99451252502,MM9880622,RONALD,M,RODRIGUEZ,,MD,208000000X,Pediatrics,OR578611,OR,90567,1081 MEDICAL PLZ,SYNTH CITY 31,OR,5552494910,False,2024-02-08,,34.018571372791875,False,True
HCP000082,8728291609,10999133345,GF9932539,ANGELA,R,TAYLOR,,DO,207Q00000X,Family Medicine,WA167115,WA,90574,1082 MEDICAL PLZ,SYNTH CITY 32,WA,5554445423,True,,,8.813196564071406,False,True
HCP000083,9534418006,23318875934,AM0672633,CHASE,S,CLAYTON,,NP,207RX0202X,Medical Oncology,AZ455164,AZ,90581,1083 MEDICAL PLZ,SYNTH CITY 33,AZ,5555156314,True,,,2.1455188197336352,False,True
HCP000084,3129782835,79677172211,RF3475584,MARTHA,A,SANCHEZ,,PA,207R00000X,Internal Medicine,CO131788,CO,90588,1084 MEDICAL PLZ,SYNTH CITY 34,CO,5553371403,True,,,2.156963830595697,False,True
HCP000085,0270838283,57230969513,GB9955760,DANIELLE,T,VARGAS,,NP,207RR0500X,Rheumatology,TX636436,TX,90595,1085 MEDICAL PLZ,SYNTH CITY 35,TX,5559067419,True,,,1.464610317713363,False,True
HCP000086,8226736022,92299838488,GF9446919,JACQUELINE,J,DIAZ,,DO,207RC0000X,Cardiovascular Disease,FL516244,FL,90602,1086 MEDICAL PLZ,SYNTH CITY 36,FL,5557090968,True,,,77.2142366625825,False,True
HCP000087,2781643723,77857133737,FM2507098,AARON,C,BROOKS,,NP,208000000X,Pediatrics,GA228499,GA,90609,1087 MEDICAL PLZ,SYNTH CITY 37,GA,5557698462,True,,,41.813215193193756,False,True
HCP000088,4111953418,50904376145,GA1525171,AUTUMN,M,HEBERT,,NP,207Q00000X,Family Medicine,NY225531,NY,90616,1088 MEDICAL PLZ,SYNTH CITY 38,NY,5551051578,True,,,1.9448827690314423,False,True
HCP000089,9953428437,62004926331,GM3542650,JENNIFER,A,HARRINGTON,,DO,207RX0202X,Medical Oncology,NJ375959,NJ,90623,1089 MEDICAL PLZ,SYNTH CITY 39,NJ,5559603857,True,,,1.0766347005670518,False,True
HCP000090,2776033385,08694650081,FM5597969,DAVID,J,RUBIO,,NP,207R00000X,Internal Medicine,MA881927,MA,90630,1090 MEDICAL PLZ,SYNTH CITY 40,MA,5551614367,True,,,44.25108184981733,False,True
HCP000091,9211224115,55671702381,PR9302716,DIANE,T,PETERSON,,DO,207RR0500X,Rheumatology,PA626956,PA,90637,1091 MEDICAL PLZ,SYNTH CITY 41,PA,5558037506,True,,,8.75228193197247,False,True
HCP000092,8438951245,70479180187,RM6555283,WALTER,L,ALEXANDER,,NP,207RC0000X,Cardiovascular Disease,IL650286,IL,90644,1092 MEDICAL PLZ,SYNTH CITY 42,IL,5551439739,True,,,12.508417290161276,False,True
HCP000093,8730784898,57510933639,MF2859308,JENNIFER,R,LOWE,,MD,208000000X,Pediatrics,OH308601,OH,90651,1093 MEDICAL PLZ,SYNTH CITY 43,OH,5557811586,True,,,6.653576139141056,False,True
HCP000094,5647170070,11919379135,RB1322187,YOLANDA,C,BENTON,,MD,207Q00000X,Family Medicine,MI664796,MI,90658,1094 MEDICAL PLZ,SYNTH CITY 44,MI,5559855050,True,,,6.265532674072781,False,True
HCP000095,9362476183,35840087711,FB3521476,MICHAEL,J,PATEL,,NP,207RX0202X,Medical Oncology,MN255260,MN,90665,1095 MEDICAL PLZ,SYNTH CITY 45,MN,5558502819,True,,,13.731564204178834,False,True
HCP000096,8632070438,87531934126,FM2084326,AARON,J,GREEN,,PA,207R00000X,Internal Medicine,CA911557,CA,90672,1096 MEDICAL PLZ,SYNTH CITY 46,CA,5552786745,True,,,4.359010057778393,False,True
HCP000097,6691542685,33750374523,AA0615965,WILLIAM,H,TORRES,,PA,207RR0500X,Rheumatology,OR445891,OR,90679,1097 MEDICAL PLZ,SYNTH CITY 47,OR,5558435673,True,,,18.698256221373153,False,True
HCP000098,7365477786,41109187499,RG2088508,NICHOLAS,C,GUTIERREZ,,NP,207RC0000X,Cardiovascular Disease,WA231303,WA,90686,1098 MEDICAL PLZ,SYNTH CITY 48,WA,5551564798,True,,,15.233900271842915,False,True
HCP000099,0435363698,51274571404,BR2201227,DANIEL,M,LI,,PA,208000000X,Pediatrics,AZ908411,AZ,90693,1099 MEDICAL PLZ,SYNTH CITY 49,AZ,5555099461,True,,,2.7788490522667786,False,True
HCP000100,3179532130,25800975955,BP7277015,MARK,J,SCHMIDT,,DO,207Q00000X,Family Medicine,CO852010,CO,90700,1100 MEDICAL PLZ,SYNTH CITY 0,CO,5555010869,True,,,5.932863925228562,False,True
HCP000101,2201151125,17416951359,RR8567761,TONY,M,WASHINGTON,SR,DO,207RX0202X,Medical Oncology,TX996439,TX,90707,1101 MEDICAL PLZ,SYNTH CITY 1,TX,5551805670,True,,,0.4448439871204614,False,True
HCP000102,4938788773,17676335434,GB6324167,SARAH,J,LEWIS,,PA,207R00000X,Internal Medicine,FL553197,FL,90714,1102 MEDICAL PLZ,SYNTH CITY 2,FL,5557580474,True,,,14.383528016293527,False,True
HCP000103,3654157056,93062019725,FB9833843,TREVOR,J,LUNA,,DO,207RR0500X,Rheumatology,GA136067,GA,90721,1103 MEDICAL PLZ,SYNTH CITY 3,GA,5555321281,True,,,33.077807908269435,False,True
HCP000104,3955290515,70732804110,BR4927010,BRAD,C,SULLIVAN,,PA,207RC0000X,Cardiovascular Disease,NY934601,NY,90728,1104 MEDICAL PLZ,SYNTH CITY 4,NY,5553990200,True,,,3.6017087493661477,False,True
HCP000105,4005575137,46739687605,AM7530664,DANIEL,R,MARTINEZ,,NP,208000000X,Pediatrics,NJ142907,NJ,90735,1105 MEDICAL PLZ,SYNTH CITY 5,NJ,5558833487,True,,,5.296867977788236,False,True
HCP000106,6080530499,11257677391,MA7023602,WILLIAM,J,AYALA,,DO,207Q00000X,Family Medicine,MA652749,MA,90742,1106 MEDICAL PLZ,SYNTH CITY 6,MA,5555567541,True,,,2.1391850294948602,False,True
HCP000107,2249632623,99345202160,FR5662626,JAMES,B,COLEMAN,,NP,207RX0202X,Medical Oncology,PA121583,PA,90749,1107 MEDICAL PLZ,SYNTH CITY 7,PA,5553692251,True,,,16.540003050234226,False,True
HCP000108,2889021103,49890661949,AM1960230,BRENDA,S,SANCHEZ,,MD,207R00000X,Internal Medicine,IL582589,IL,90756,1108 MEDICAL PLZ,SYNTH CITY 8,IL,5559124537,True,,,5.431250114910666,False,True
HCP000109,3126851971,93016976340,FM9980826,SHEILA,J,RIVAS,,NP,207RR0500X,Rheumatology,OH369350,OH,90763,1109 MEDICAL PLZ,SYNTH CITY 9,OH,5555687950,True,,,2.953522986511808,False,True
HCP000110,7091905456,09671033784,PA7063424,LARRY,J,GONZALEZ,,DO,207RC0000X,Cardiovascular Disease,MI364401,MI,90770,1110 MEDICAL PLZ,SYNTH CITY 10,MI,5555582045,True,,,5.193250091396204,False,True
HCP000111,6533741610,30195990384,GG7986531,CHRISTOPHER,E,NGUYEN,III,DO,208000000X,Pediatrics,MN807829,MN,90777,1111 MEDICAL PLZ,SYNTH CITY 11,MN,5559543088,False,2024-02-20,,3.0215291219458362,False,True
HCP000112,0079036774,64033939768,PB4590422,KEVIN,J,KIM,,PA,207Q00000X,Family Medicine,CA994529,CA,90784,1112 MEDICAL PLZ,SYNTH CITY 12,CA,5557987639,True,,,6.938357535854233,False,True
HCP000113,7419966941,17743466559,BB7964340,WILLIAM,D,MASSEY,,NP,207RX0202X,Medical Oncology,OR604317,OR,90791,1113 MEDICAL PLZ,SYNTH CITY 13,OR,5559672916,True,,,0.42804315277482763,False,True
HCP000114,3966545873,07436634300,AF5492322,SHAWN,P,BENNETT,,NP,207R00000X,Internal Medicine,WA703743,WA,91176,1114 MEDICAL PLZ,SYNTH CITY 18,NY,5558472266,True,,2024-02-05,3.99005293831682,False,True
HCP000115,9105959602,41164533604,FP7422227,NICHOLAS,A,HAMPTON,,MD,207RR0500X,Rheumatology,AZ301109,AZ,90805,1115 MEDICAL PLZ,SYNTH CITY 15,AZ,5558477927,True,,,6.009465649053259,False,True
HCP000116,4158205375,89132963176,PG1362085,TIMOTHY,G,ORTIZ,,DO,207RC0000X,Cardiovascular Disease,CO101211,CO,90812,1116 MEDICAL PLZ,SYNTH CITY 16,CO,5554963196,True,,,10.914079897970442,False,True
HCP000117,5574586926,70586025848,PB1958940,TYLER,J,GONZALES,,PA,208000000X,Pediatrics,TX576814,TX,90819,1117 MEDICAL PLZ,SYNTH CITY 17,TX,5551251879,True,,,46.36187035187056,False,True
HCP000118,8379726242,68713299640,BA7069368,MARCUS,J,MARTINEZ,,DO,207Q00000X,Family Medicine,FL484756,FL,90826,1118 MEDICAL PLZ,SYNTH CITY 18,FL,5558862756,True,,,7.192874117782709,False,True
HCP000119,0722459225,34698659237,AG8184861,BONNIE,P,LAMB,,NP,207RX0202X,Medical Oncology,GA899551,GA,90833,1119 MEDICAL PLZ,SYNTH CITY 19,GA,5558883975,True,,,2.0151862508785565,False,True
HCP000120,9168836416,25763299071,RM6762855,PATRICIA,C,RODRIGUEZ,,DO,207R00000X,Internal Medicine,NY410581,NY,90840,1120 MEDICAL PLZ,SYNTH CITY 20,NY,5556933948,True,,,20.05660636005891,False,True
HCP000121,7665934254,99741485119,GM3046364,PHILLIP,R,CARROLL,,DO,207RR0500X,Rheumatology,NJ330136,NJ,90847,1121 MEDICAL PLZ,SYNTH CITY 21,NJ,5557468846,True,,,16.357001930310542,False,True
HCP000122,9842704568,11592420725,MP1594027,GINA,S,HILL,,PA,207RC0000X,Cardiovascular Disease,MA362593,MA,90854,1122 MEDICAL PLZ,SYNTH CITY 22,MA,5553180055,True,,,4.500985328997004,False,True
HCP000123,7680618403,73091856680,RA9280459,MATTHEW,K,GARCIA,,MD,208000000X,Pediatrics,PA144319,PA,90861,1123 MEDICAL PLZ,SYNTH CITY 23,PA,5557995027,True,,,1.5855739325723166,False,True
HCP000124,1240137707,07232274605,GR4161937,JIMMY,S,FERNANDEZ,,NP,207Q00000X,Family Medicine,IL264445,IL,90868,1124 MEDICAL PLZ,SYNTH CITY 24,IL,5551666384,True,,,23.073264753976794,False,True
HCP000125,3376793659,93698051399,BA6448997,KIMBERLY,A,SAVAGE,,PA,207RX0202X,Medical Oncology,OH586340,OH,90875,1125 MEDICAL PLZ,SYNTH CITY 25,OH,5551458613,True,,,1.8430938903397995,False,True
HCP000126,5663889504,82174202672,AG7071260,BETTY,H,PAYNE,,DO,207R00000X,Internal Medicine,MI796060,MI,90882,1126 MEDICAL PLZ,SYNTH CITY 26,MI,5553059618,True,,,2.286831548820732,False,True
HCP000127,9173062552,57904824996,MM2800688,MARVIN,N,HANEY,,NP,207RR0500X,Rheumatology,MN483088,MN,90889,1127 MEDICAL PLZ,SYNTH CITY 27,MN,5553307161,True,,,7.272729797136576,False,True
HCP000128,7122268742,16558803036,BB4570276,PETER,J,MORALES,,PA,207RC0000X,Cardiovascular Disease,CA559580,CA,90896,1128 MEDICAL PLZ,SYNTH CITY 28,CA,5559625174,True,,,26.326534859090113,False,True
HCP000129,6318493965,78969864815,PR2038501,GREGORY,J,CARRILLO,,DO,208000000X,Pediatrics,OR544729,OR,90903,1129 MEDICAL PLZ,SYNTH CITY 29,OR,5555312215,True,,,4.533937715651735,False,True
HCP000130,9508924088,74528481539,GP0613205,AMBER,N,HERNANDEZ,,MD,207Q00000X,Family Medicine,WA260341,WA,90910,1130 MEDICAL PLZ,SYNTH CITY 30,WA,5557388840,True,,,2.4099236311922745,False,True
HCP000131,6152291442,27387398505,MF1583407,KIMBERLY,P,GENTRY,,PA,207RX0202X,Medical Oncology,AZ140590,AZ,91113,1131 MEDICAL PLZ,SYNTH CITY 9,MN,5555428795,True,,2024-03-17,94.31469454523986,False,True
HCP000132,5104588442,96729254693,FP9977790,CURTIS,R,BATES,,NP,207R00000X,Internal Medicine,CO455249,CO,90924,1132 MEDICAL PLZ,SYNTH CITY 32,CO,5553741646,True,,,32.924964997224954,False,True
HCP000133,0612156741,90144812904,BG9234790,JEREMY,S,JOHNSON,SR,PA,207RR0500X,Rheumatology,TX318274,TX,90931,1133 MEDICAL PLZ,SYNTH CITY 33,TX,5555665593,True,,,5.84706706173921,False,True
HCP000134,9663065719,89215421137,AA2894008,BRADLEY,D,FROST,III,NP,207RC0000X,Cardiovascular Disease,FL414782,FL,90938,1134 MEDICAL PLZ,SYNTH CITY 34,FL,5555069077,True,,,4.155292520831831,False,True
HCP000135,7147072640,09816365262,RR1791792,GARY,S,DELACRUZ,,NP,208000000X,Pediatrics,GA314038,GA,90763,1135 MEDICAL PLZ,SYNTH CITY 9,OH,5554574254,True,,2024-02-29,6.082522500146556,False,True
HCP000136,9597819900,37626949699,AP1882043,JENNA,A,JONES,SR,DO,207Q00000X,Family Medicine,NY792812,NY,90952,1136 MEDICAL PLZ,SYNTH CITY 36,NY,5553834773,True,,,21.710720017979185,False,True
HCP000137,3326376654,92188055256,MG8263928,JAMES,C,FRENCH,,PA,207RX0202X,Medical Oncology,NJ317064,NJ,90959,1137 MEDICAL PLZ,SYNTH CITY 37,NJ,5553360852,True,,,7.194177840505446,False,True
HCP000138,3123293466,59821389762,MB5109866,JACOB,D,CHAVEZ,,NP,207R00000X,Internal Medicine,MA585549,MA,90966,1138 MEDICAL PLZ,SYNTH CITY 38,MA,5553537447,True,,,5.3595048408505725,False,True
HCP000139,3852053198,46481698016,RP9157672,AMANDA,R,STRICKLAND,,PA,207RR0500X,Rheumatology,PA282432,PA,90973,1139 MEDICAL PLZ,SYNTH CITY 39,PA,5553937339,True,,,179.14067477094528,False,True
HCP000140,0759393735,86297419768,MB2007815,HOLLY,D,CASTRO,,PA,207RC0000X,Cardiovascular Disease,IL830769,IL,90980,1140 MEDICAL PLZ,SYNTH CITY 40,IL,5559538773,True,,,0.9647537083842598,False,True
HCP000141,3192241867,09461252693,MR8019935,GREGORY,M,HARVEY,,PA,208000000X,Pediatrics,OH435587,OH,90987,1141 MEDICAL PLZ,SYNTH CITY 41,OH,5559009396,True,,,10.638897824453856,False,True
HCP000142,0230931418,43005311876,PA6725762,JAMES,A,JENSEN,,MD,207Q00000X,Family Medicine,MI610657,MI,90994,1142 MEDICAL PLZ,SYNTH CITY 42,MI,5555541519,True,,,21.29851108015195,False,True
HCP000143,3499659696,67838431397,PR2638487,CATHERINE,A,COX,,PA,207RX0202X,Medical Oncology,MN389295,MN,91001,1143 MEDICAL PLZ,SYNTH CITY 43,MN,5555693637,True,,,38.65453253844164,False,True
HCP000144,4155161142,03729799147,AG6748602,GAIL,J,GILL,JR,DO,207R00000X,Internal Medicine,CA994429,CA,91008,1144 MEDICAL PLZ,SYNTH CITY 44,CA,5557343130,True,,,4.558907203806467,False,True
HCP000145,5477814649,61988233013,RB5539087,CARLOS,R,ANDERSON,,DO,207RR0500X,Rheumatology,OR973592,OR,91015,1145 MEDICAL PLZ,SYNTH CITY 45,OR,5551328879,True,,,0.4020856771142508,False,True
HCP000146,9487286053,74210690751,BB6283104,JOSE,M,RODRIGUEZ,,DO,207RC0000X,Cardiovascular Disease,WA247332,WA,91022,1146 MEDICAL PLZ,SYNTH CITY 46,WA,5552919549,True,,,20.740896284319447,False,True
HCP000147,5582536715,00794878715,GM7168148,MELISSA,J,MORRISON,,PA,208000000X,Pediatrics,AZ254615,AZ,91029,1147 MEDICAL PLZ,SYNTH CITY 47,AZ,5557317853,False,2024-02-04,,12.586992713019043,False,True
HCP000148,9358981378,31344522842,MG5271844,ROBERT,M,COLLINS,,NP,207Q00000X,Family Medicine,CO547022,CO,91036,1148 MEDICAL PLZ,SYNTH CITY 48,CO,5552141307,True,,,1.8948082246332427,False,True
HCP000149,5513319355,55061434074,AA5657789,EDWARD,K,COOPER,,DO,207RX0202X,Medical Oncology,TX553409,TX,91043,1149 MEDICAL PLZ,SYNTH CITY 49,TX,5556544414,True,,,2.0465169589085845,False,True
HCP000150,1699821272,66961536622,AF8699813,PETER,C,DAVIS,,MD,207R00000X,Internal Medicine,FL352124,FL,91050,1150 MEDICAL PLZ,SYNTH CITY 0,FL,5551138515,True,,,8.092724673034263,False,True
HCP000151,8133557529,55102048468,PM7243749,SHARON,E,MCDONALD,,NP,207RR0500X,Rheumatology,GA787721,GA,91057,1151 MEDICAL PLZ,SYNTH CITY 1,GA,5557111314,True,,,1.4514696239071143,False,True
HCP000152,3987014669,50912951503,RF8567509,MARIA,K,WOOD,,NP,207RC0000X,Cardiovascular Disease,NY692556,NY,91064,1152 MEDICAL PLZ,SYNTH CITY 2,NY,5554192268,True,,,1.8885593561355871,False,True
HCP000153,8030565732,28847012325,PG4028810,ELIZABETH,L,YORK,,NP,208000000X,Pediatrics,NJ844258,NJ,91071,1153 MEDICAL PLZ,SYNTH CITY 3,NJ,5558085949,True,,,1.7942571737305486,False,True
HCP000154,5597027171,59840886650,BB9053090,NICHOLAS,J,COOPER,,PA,207Q00000X,Family Medicine,MA245742,MA,91134,1154 MEDICAL PLZ,SYNTH CITY 12,WA,5558929763,True,,2024-02-13,18.44532722216605,False,True
HCP000155,5256229589,25752953056,RB1950146,ADAM,R,HARRISON,,NP,207RX0202X,Medical Oncology,PA970871,PA,91085,1155 MEDICAL PLZ,SYNTH CITY 5,PA,5555419543,True,,,15.700776877890057,False,True
HCP000156,4082697721,40919907628,AB9711201,EARL,S,OLSEN,JR,DO,207R00000X,Internal Medicine,IL973781,IL,91092,1156 MEDICAL PLZ,SYNTH CITY 6,IL,5559767608,True,,,5.682769578171684,False,True
HCP000157,8795977635,62757278136,RP4298834,ANDREW,R,SPARKS,,MD,207RR0500X,Rheumatology,OH255940,OH,91099,1157 MEDICAL PLZ,SYNTH CITY 7,OH,5553223178,True,,,10.424898632913024,False,True
HCP000158,6894861734,69854492560,MB2601451,TODD,S,HESTER,,DO,207RC0000X,Cardiovascular Disease,MI370536,MI,91106,1158 MEDICAL PLZ,SYNTH CITY 8,MI,5551016873,True,,,3.73379370511527,False,True
HCP000159,4124549609,53834203796,PM6404857,RACHEL,T,SHAFFER,,MD,208000000X,Pediatrics,MN423407,MN,91113,1159 MEDICAL PLZ,SYNTH CITY 9,MN,5559891046,True,,,9.220324797728022,False,True
HCP000160,9207628121,17680619675,FM8187091,STEPHANIE,A,HOWARD,,NP,207Q00000X,Family Medicine,CA678694,CA,91120,1160 MEDICAL PLZ,SYNTH CITY 10,CA,5557115894,True,,,18.041636912425773,False,True
HCP000161,3692488257,30964104627,FA5101259,KENDRA,C,BEASLEY,JR,DO,207RX0202X,Medical Oncology,OR284722,OR,91127,1161 MEDICAL PLZ,SYNTH CITY 11,OR,5553892792,True,,,13.976947040099223,False,True
HCP000162,1244063362,94123321164,AG8432329,TRAVIS,M,WALKER,,PA,207R00000X,Internal Medicine,WA868233,WA,91134,1162 MEDICAL PLZ,SYNTH CITY 12,WA,5551683089,True,,,39.44576077625306,False,True
HCP000163,4625280001,34131470726,PP6611366,HEATHER,D,HARRISON,,PA,207RR0500X,Rheumatology,AZ504232,AZ,91141,1163 MEDICAL PLZ,SYNTH CITY 13,AZ,5553216116,True,,,2.869019790294982,False,True
HCP000164,7210087558,36017542143,GB2142254,CHARLES,R,STEVENS,,MD,207RC0000X,Cardiovascular Disease,CO407228,CO,91148,1164 MEDICAL PLZ,SYNTH CITY 14,CO,5555301377,True,,,6.416117663410026,False,True
HCP000165,5060136749,10730603150,AG9048248,SARAH,K,PETERSON,,NP,208000000X,Pediatrics,TX708189,TX,91155,1165 MEDICAL PLZ,SYNTH CITY 15,TX,5555560874,True,,,5.2049457861529325,False,True
HCP000166,6311931201,57497027573,AP7640766,MITCHELL,S,WRIGHT,,MD,207Q00000X,Family Medicine,FL871733,FL,90126,1166 MEDICAL PLZ,SYNTH CITY 18,WA,5556106047,True,,2024-02-18,6.932204123274472,False,True
HCP000167,7807755740,42831822241,BF2195018,KATHY,E,FRY,,DO,207RX0202X,Medical Oncology,GA854224,GA,91169,1167 MEDICAL PLZ,SYNTH CITY 17,GA,5554586905,True,,,4.135854793735445,False,True
HCP000168,9915609124,94706015417,FR0225415,SARAH,S,BROOKS,,PA,207R00000X,Internal Medicine,NY530641,NY,91176,1168 MEDICAL PLZ,SYNTH CITY 18,NY,5557539715,True,,,8.576263066244943,False,True
HCP000169,0643888825,85755354456,FA2411927,DENNIS,J,LITTLE,,MD,207RR0500X,Rheumatology,NJ454472,NJ,91183,1169 MEDICAL PLZ,SYNTH CITY 19,NJ,5558037362,True,,,15.17410943753669,False,True
HCP000170,7299898396,09593358572,PP8030476,MICHAEL,K,NORTON,,PA,207RC0000X,Cardiovascular Disease,MA891762,MA,91190,1170 MEDICAL PLZ,SYNTH CITY 20,MA,5556276239,True,,,64.4340767669065,False,True
HCP000171,8517900659,55833056279,BM6013131,TRACY,S,MOORE,,DO,208000000X,Pediatrics,PA800910,PA,91197,1171 MEDICAL PLZ,SYNTH CITY 21,PA,5551165749,True,,,3.7174168838981205,False,True
HCP000172,5771923112,75356128099,BF2527398,CHRISTOPHER,R,CHAMBERS,,MD,207Q00000X,Family Medicine,IL160798,IL,91204,1172 MEDICAL PLZ,SYNTH CITY 22,IL,5555554246,True,,,6.313413978877333,False,True
HCP000173,4444675183,07308398066,BF4172986,JOHN,W,THOMAS,JR,DO,207RX0202X,Medical Oncology,OH803131,OH,91211,1173 MEDICAL PLZ,SYNTH CITY 23,OH,5552376654,True,,,6.597264034174305,False,True
HCP000174,8750270778,71351525393,RB0149176,JASON,L,WATSON,,DO,207R00000X,Internal Medicine,MI743168,MI,91218,1174 MEDICAL PLZ,SYNTH CITY 24,MI,5553150304,True,,,114.03433352321807,False,True
HCP000175,8472832525,67492759218,RP4467200,JILL,T,WRIGHT,,DO,207RR0500X,Rheumatology,MN656540,MN,91225,1175 MEDICAL PLZ,SYNTH CITY 25,MN,5555228186,True,,,3.587406446921139,False,True
HCP000176,8373868206,16849928054,FR6111302,FRANKLIN,M,STONE,,PA,207RC0000X,Cardiovascular Disease,CA546447,CA,91232,1176 MEDICAL PLZ,SYNTH CITY 26,CA,5557258383,True,,,23.274387283610483,False,True
HCP000177,3441220548,36473267650,MM4293274,SCOTT,M,DIAZ,,NP,208000000X,Pediatrics,OR237071,OR,91239,1177 MEDICAL PLZ,SYNTH CITY 27,OR,5552506692,True,,,1.5497338068512996,False,True
HCP000178,7975488397,81270001977,FM7585369,CHAD,L,MAY,,PA,207Q00000X,Family Medicine,WA978365,WA,91246,1178 MEDICAL PLZ,SYNTH CITY 28,WA,5557737226,True,,,3.2469020551302337,False,True
HCP000179,0013189184,10489182419,PM7812044,ANDREW,B,GRAY,JR,PA,207RX0202X,Medical Oncology,AZ734907,AZ,91253,1179 MEDICAL PLZ,SYNTH CITY 29,AZ,5558336132,True,,,0.2860251052738059,False,True
HCP000180,1606486086,29182603678,PG3296944,DENISE,L,LEONARD,,MD,207R00000X,Internal Medicine,CO571607,CO,91260,1180 MEDICAL PLZ,SYNTH CITY 30,CO,5552921039,True,,,4.847685125993296,False,True
HCP000181,6033594303,80259358320,RA2173760,CASSANDRA,E,TORRES,JR,DO,207RR0500X,Rheumatology,TX338327,TX,91267,1181 MEDICAL PLZ,SYNTH CITY 31,TX,5551802032,True,,,18.425944492496537,False,True
HCP000182,4403509571,39562910489,PG9441731,JOHN,K,QUINN,,DO,207RC0000X,Cardiovascular Disease,FL422780,FL,91274,1182 MEDICAL PLZ,SYNTH CITY 32,FL,5553971021,True,,,34.972500071600386,False,True
HCP000183,5620366166,51384670937,GM3818280,APRIL,I,DAVIS,,NP,208000000X,Pediatrics,GA339669,GA,91281,1183 MEDICAL PLZ,SYNTH CITY 33,GA,5556381062,True,,,86.21876769332792,False,True
HCP000184,8960531928,85841315293,FR5142757,DAVID,C,JONES,,DO,207Q00000X,Family Medicine,NY281367,NY,91288,1184 MEDICAL PLZ,SYNTH CITY 34,NY,5555764328,True,,,48.804124837613024,False,True
HCP000185,4690374747,48111596886,MB9789318,WILLIAM,L,NELSON,,NP,207RX0202X,Medical Oncology,NJ331477,NJ,91295,1185 MEDICAL PLZ,SYNTH CITY 35,NJ,5554193390,True,,,14.558188933705724,False,True
HCP000186,6000704158,46148673916,GA9720650,JACOB,C,SCHULTZ,,DO,207R00000X,Internal Medicine,MA314593,MA,91302,1186 MEDICAL PLZ,SYNTH CITY 36,MA,5553439410,True,,,10.74542098445496,False,True
HCP000187,4133365195,09741122240,FR8069534,KAREN,K,ALLEN,,PA,207RR0500X,Rheumatology,PA650972,PA,91309,1187 MEDICAL PLZ,SYNTH CITY 37,PA,5554877899,True,,,49.874725117199475,False,True
HCP000188,1213640216,99140457304,FM0647927,MARK,J,GOULD,,DO,207RC0000X,Cardiovascular Disease,IL771443,IL,91316,1188 MEDICAL PLZ,SYNTH CITY 38,IL,5557997580,True,,,6.689764341266113,False,True
HCP000189,6641295624,21352222744,BG9743300,TYLER,R,MCCARTHY,,PA,208000000X,Pediatrics,OH663249,OH,90133,1189 MEDICAL PLZ,SYNTH CITY 19,AZ,5559362689,True,,2024-02-04,0.5571973541153588,False,True
HCP000190,4097371411,77899907711,RR3030630,JENNIFER,B,LAWSON,,PA,207Q00000X,Family Medicine,MI997566,MI,91330,1190 MEDICAL PLZ,SYNTH CITY 40,MI,5551127554,True,,,8.33895638410391,False,True
HCP000191,7906775797,23332617690,FR4507293,SUSAN,R,BLACK,,DO,207RX0202X,Medical Oncology,MN523760,MN,91337,1191 MEDICAL PLZ,SYNTH CITY 41,MN,5559548636,True,,,95.38548021535259,False,True
HCP000192,3220357875,12352923644,RG1772831,JASON,B,HORN,,MD,207R00000X,Internal Medicine,CA522763,CA,91344,1192 MEDICAL PLZ,SYNTH CITY 42,CA,5557606903,True,,,32.45531429987781,False,True
HCP000193,8207799163,00681043995,RB9440114,AARON,G,BATES,,NP,207RR0500X,Rheumatology,OR885281,OR,91351,1193 MEDICAL PLZ,SYNTH CITY 43,OR,5551629656,True,,,34.229636250325306,False,True
HCP000194,9418870025,17179165027,RF1285407,MICHAEL,C,SERRANO,,DO,207RC0000X,Cardiovascular Disease,WA606156,WA,91358,1194 MEDICAL PLZ,SYNTH CITY 44,WA,5559352517,True,,,5.260756413258284,False,True
HCP000195,7265129578,14883971017,BB4136947,LINDA,D,CARPENTER,,NP,208000000X,Pediatrics,AZ962691,AZ,91365,1195 MEDICAL PLZ,SYNTH CITY 45,AZ,5551535031,True,,,2.9680042968203506,False,True
HCP000196,0640930638,64485056310,PA5832760,REBECCA,D,BARRETT,,NP,207Q00000X,Family Medicine,CO373648,CO,91372,1196 MEDICAL PLZ,SYNTH CITY 46,CO,5558501438,True,,,0.6938684617289528,False,True
HCP000197,7456367268,79065670721,GA6550702,RYAN,F,ROWE,,DO,207RX0202X,Medical Oncology,TX834936,TX,91379,1197 MEDICAL PLZ,SYNTH CITY 47,TX,5559409448,True,,,23.498996266788588,False,True
HCP000198,7900619553,59011311843,FR4490475,TAYLOR,M,MILLER,,DO,207R00000X,Internal Medicine,FL835981,FL,91386,1198 MEDICAL PLZ,SYNTH CITY 48,FL,5553195767,True,,,27.95904295067153,True,True
HCP000199,2482512177,35880796166,MG5647736,NANCY,D,MOORE,,NP,207RR0500X,Rheumatology,GA213995,GA,91393,1199 MEDICAL PLZ,SYNTH CITY 49,GA,5554476177,True,,,4.287119852860552,False,True
HCP000200,7730269488,84476549004,AF5422697,RICKY,B,HAYNES,,MD,207RC0000X,Cardiovascular Disease,CA496546,CA,90000,1200 MEDICAL PLZ,SYNTH CITY 0,CA,5553220152,True,,,2.0754198637494476,False,True
HCP000201,6727564976,92572551151,RG7324732,MARIE,H,ROBERTS,,NP,208000000X,Pediatrics,OR573935,OR,90007,1201 MEDICAL PLZ,SYNTH CITY 1,OR,5553294037,True,,,4.037229476031232,False,True
HCP000202,2326846054,52017539383,AA2113922,NATALIE,H,TURNER,,PA,207Q00000X,Family Medicine,WA658787,WA,90014,1202 MEDICAL PLZ,SYNTH CITY 2,WA,5559349106,True,,,9.090060299975962,False,True
HCP000203,5901070933,75876397995,FR9166792,NANCY,M,WILLIAMS,,MD,207RX0202X,Medical Oncology,AZ559905,AZ,90021,1203 MEDICAL PLZ,SYNTH CITY 3,AZ,5552201232,True,,,3.1109326192671567,False,True
HCP000204,9491845605,70617942467,MM6229586,RACHEL,M,MICHAEL,,NP,207R00000X,Internal Medicine,CO267546,CO,90028,1204 MEDICAL PLZ,SYNTH CITY 4,CO,5555158976,True,,,6.010264047426427,False,True
HCP000205,7241208413,88433391898,MP0859095,WILLIAM,N,SANCHEZ,,MD,207RR0500X,Rheumatology,TX174561,TX,90035,1205 MEDICAL PLZ,SYNTH CITY 5,TX,5555785318,True,,,14.72580517087619,False,True
HCP000206,8064934093,48222720198,RB4450502,VICTOR,J,RUIZ,,PA,207RC0000X,Cardiovascular Disease,FL728705,FL,90042,1206 MEDICAL PLZ,SYNTH CITY 6,FL,5554919086,True,,,0.41641083441283916,False,True
HCP000207,5211601617,73261546662,AG0468695,MARIA,S,WILSON,,NP,208000000X,Pediatrics,GA829687,GA,90049,1207 MEDICAL PLZ,SYNTH CITY 7,GA,5553888764,True,,,10.649912789846404,False,True
HCP000208,0063427708,61164160272,AR2589838,JENNIFER,A,HENDRIX,,MD,207Q00000X,Family Medicine,NY575242,NY,90056,1208 MEDICAL PLZ,SYNTH CITY 8,NY,5559024428,True,,,4.027978981984241,False,True
HCP000209,7401926945,83675515712,MR3815945,ALEXANDRA,M,HARRIS,,NP,207RX0202X,Medical Oncology,NJ983233,NJ,90063,1209 MEDICAL PLZ,SYNTH CITY 9,NJ,5552808635,True,,,9.988721003189236,False,True
HCP000210,3864220140,15970177398,PP7179203,NANCY,B,UNDERWOOD,,DO,207R00000X,Internal Medicine,MA695088,MA,90070,1210 MEDICAL PLZ,SYNTH CITY 10,MA,5559837478,True,,,7.235384589067456,False,True
HCP000211,7733630959,66728711889,AR8745405,CASEY,S,MOORE,,MD,207RR0500X,Rheumatology,PA511916,PA,90077,1211 MEDICAL PLZ,SYNTH CITY 11,PA,5551430915,True,,,26.392994584819657,False,True
HCP000212,8560848045,79536337524,PG0872999,SARAH,J,VAZQUEZ,,PA,207RC0000X,Cardiovascular Disease,IL883685,IL,90084,1212 MEDICAL PLZ,SYNTH CITY 12,IL,5555923815,True,,,2.8875815723631795,False,True
HCP000213,2550451159,44145520999,FM1904878,SCOTT,K,KING,,MD,208000000X,Pediatrics,OH237017,OH,90091,1213 MEDICAL PLZ,SYNTH CITY 13,OH,5551517882,True,,,35.56551215300981,False,True
HCP000214,4609533847,01323061290,BG3314759,RANDALL,D,ROBINSON,,DO,207Q00000X,Family Medicine,MI651353,MI,90098,1214 MEDICAL PLZ,SYNTH CITY 14,MI,5556203377,True,,,3.298869010771939,False,True
HCP000215,8476064224,68000789040,FF6980222,JONATHAN,D,NASH,,NP,207RX0202X,Medical Oncology,MN945890,MN,90105,1215 MEDICAL PLZ,SYNTH CITY 15,MN,5557326298,True,,,0.9780681293057318,False,True
HCP000216,2310065604,36262543159,MP8072698,STEPHANIE,S,RIVAS,,NP,207R00000X,Internal Medicine,CA219921,CA,90112,1216 MEDICAL PLZ,SYNTH CITY 16,CA,5553159209,True,,,4.27753047543026,False,True
HCP000217,9808664970,80725840079,FR4059296,JUSTIN,K,ARMSTRONG,,DO,207RR0500X,Rheumatology,OR176553,OR,90119,1217 MEDICAL PLZ,SYNTH CITY 17,OR,5558836866,True,,,5.6740631583660965,False,True
HCP000218,3354711418,86384175367,BA5064253,MICHELLE,K,MORGAN,,NP,207RC0000X,Cardiovascular Disease,WA912647,WA,90126,1218 MEDICAL PLZ,SYNTH CITY 18,WA,5556568120,True,,,4.225730073998911,False,True
HCP000219,8051268018,21430561607,BB1856200,LAUREN,D,SCHROEDER,,DO,208000000X,Pediatrics,AZ809566,AZ,90133,1219 MEDICAL PLZ,SYNTH CITY 19,AZ,5553798045,True,,,23.266587049098554,False,True
HCP000220,6039311074,00878997564,BF4089448,CHARLES,K,REID,,DO,207Q00000X,Family Medicine,CO344017,CO,90140,1220 MEDICAL PLZ,SYNTH CITY 20,CO,5558147389,True,,,4.532271729050999,False,True
HCP000221,9708405144,45945829196,GB5598433,LAURA,E,MORRIS,SR,PA,207RX0202X,Medical Oncology,TX328675,TX,90147,1221 MEDICAL PLZ,SYNTH CITY 21,TX,5554701596,True,,,18.85284493024242,False,True
HCP000222,6415096265,15115520497,AR4503731,JAMES,S,ROBINSON,,PA,207R00000X,Internal Medicine,FL139579,FL,90154,1222 MEDICAL PLZ,SYNTH CITY 22,FL,5559327014,True,,,9.049623864464516,False,True
HCP000223,8723318688,23926196433,BM8275770,DOMINIC,C,BAILEY,,MD,207RR0500X,Rheumatology,GA617263,GA,90161,1223 MEDICAL PLZ,SYNTH CITY 23,GA,5557777755,True,,,14.253239305803818,True,True
HCP000224,5359856973,39023257856,MA7059753,ANNA,P,RUSSELL,,DO,207RC0000X,Cardiovascular Disease,NY196908,NY,90168,1224 MEDICAL PLZ,SYNTH CITY 24,NY,5556240116,True,,,23.192892180240204,False,True
HCP000225,6934335244,78426555700,AB9766027,MICHELLE,K,WILLIAMS,,PA,208000000X,Pediatrics,NJ167679,NJ,90175,1225 MEDICAL PLZ,SYNTH CITY 25,NJ,5558187841,True,,,0.6361062286514849,False,True
HCP000226,6281212020,37698257354,FB0786206,JENNIFER,P,WOOD,,PA,207Q00000X,Family Medicine,MA104004,MA,90182,1226 MEDICAL PLZ,SYNTH CITY 26,MA,5556194857,True,,,5.764709212465242,False,True
HCP000227,9366417217,13247451196,AG0036671,KRISTEN,C,BARNES,,PA,207RX0202X,Medical Oncology,PA750494,PA,90189,1227 MEDICAL PLZ,SYNTH CITY 27,PA,5557023621,True,,,32.351797097950204,False,True
HCP000228,0669157386,71426039359,MP9685863,RICKY,C,SMITH,,DO,207R00000X,Internal Medicine,IL362563,IL,90196,1228 MEDICAL PLZ,SYNTH CITY 28,IL,5555419908,True,,,2.8183691770864976,False,True
HCP000229,3339403719,34072752407,FF1332921,RACHEL,C,YATES,,DO,207RR0500X,Rheumatology,OH752602,OH,90203,1229 MEDICAL PLZ,SYNTH CITY 29,OH,5551704008,True,,,0.35217093648544784,False,True
HCP000230,5399196570,57619283095,BA1191188,SARA,K,GONZALEZ,,NP,207RC0000X,Cardiovascular Disease,MI619174,MI,90210,1230 MEDICAL PLZ,SYNTH CITY 30,MI,5553801928,True,,,9.362203251325298,False,True
HCP000231,7695938960,35902436361,FM4763499,RICHARD,L,TODD,,DO,208000000X,Pediatrics,MN101146,MN,90217,1231 MEDICAL PLZ,SYNTH CITY 31,MN,5556707030,True,,,4.663501907134352,False,True
HCP000232,0884160835,49780498402,MM9032912,CRYSTAL,D,JONES,,NP,207Q00000X,Family Medicine,CA572285,CA,90224,1232 MEDICAL PLZ,SYNTH CITY 32,CA,5556018915,True,,,292.26871778615896,False,True
HCP000233,9516725519,67359261091,MG8568871,SHANE,J,COLEMAN,,NP,207RX0202X,Medical Oncology,OR700411,OR,90231,1233 MEDICAL PLZ,SYNTH CITY 33,OR,5558080077,True,,,18.111514312493163,False,True
HCP000234,1183670896,32497749988,MA2731948,JANET,R,BALL,,DO,207R00000X,Internal Medicine,WA435940,WA,90238,1234 MEDICAL PLZ,SYNTH CITY 34,WA,5554938271,True,,,8.506570809893775,False,True
HCP000235,2400469153,43005230013,BB3201961,BRIANNA,A,ALLEN,,PA,207RR0500X,Rheumatology,AZ891573,AZ,90245,1235 MEDICAL PLZ,SYNTH CITY 35,AZ,5557933842,True,,,1.1324947901247242,False,True
HCP000236,1352237469,90803863816,GB9700044,CHARLES,J,MCKEE,,MD,207RC0000X,Cardiovascular Disease,CO528489,CO,90252,1236 MEDICAL PLZ,SYNTH CITY 36,CO,5558063033,True,,,204.57005314838273,False,True
HCP000237,8430324078,97110533550,AP9894888,CHRISTOPHER,M,LOWE,,DO,208000000X,Pediatrics,TX553349,TX,90259,1237 MEDICAL PLZ,SYNTH CITY 37,TX,5559623259,True,,,21.0130362871761,False,True
HCP000238,3227640570,56583682203,AP0659332,BRIANNA,B,MORSE,,MD,207Q00000X,Family Medicine,FL953722,FL,90266,1238 MEDICAL PLZ,SYNTH CITY 38,FL,5557112456,True,,,10.381224678592872,False,True
HCP000239,1703930465,08768724546,MA5054292,MAKAYLA,C,SAVAGE,,PA,207RX0202X,Medical Oncology,GA108355,GA,90273,1239 MEDICAL PLZ,SYNTH CITY 39,GA,5555435766,True,,,6.6541919610093965,True,True
HCP000240,4172506501,06482766877,PG7876040,BRYAN,A,GEORGE,,DO,207R00000X,Internal Medicine,NY574836,NY,90280,1240 MEDICAL PLZ,SYNTH CITY 40,NY,5559102528,True,,,23.2293790504467,False,True
HCP000241,7876268013,74923022732,FG7908380,SAVANNAH,L,RUIZ,,MD,207RR0500X,Rheumatology,NJ811187,NJ,90287,1241 MEDICAL PLZ,SYNTH CITY 41,NJ,5552028939,True,,,1.2627290115439462,False,True
HCP000242,9461308246,79581910028,FP4142257,JOHNNY,M,GRIFFIN,,NP,207RC0000X,Cardiovascular Disease,MA726864,MA,90294,1242 MEDICAL PLZ,SYNTH CITY 42,MA,5553133591,True,,,7.312329938319821,False,True
HCP000243,8413117143,89662874796,BF1381824,ALEXANDRA,J,KIM,,MD,208000000X,Pediatrics,PA374694,PA,90301,1243 MEDICAL PLZ,SYNTH CITY 43,PA,5551539780,True,,,13.533528543281118,False,True
HCP000244,7804647841,89822546953,RG6154127,CAMERON,A,KRAMER,,MD,207Q00000X,Family Medicine,IL123912,IL,90308,1244 MEDICAL PLZ,SYNTH CITY 44,IL,5554909722,True,,,2.827495900911356,False,True
HCP000245,4270833153,14987582853,BG0723143,JEREMY,S,BAKER,,PA,207RX0202X,Medical Oncology,OH449067,OH,90315,1245 MEDICAL PLZ,SYNTH CITY 45,OH,5551518736,True,,,1.148081165442276,False,True
HCP000246,4169566906,34749709903,RP4505633,JENNIFER,A,JOHNSON,,PA,207R00000X,Internal Medicine,MI437338,MI,90322,1246 MEDICAL PLZ,SYNTH CITY 46,MI,5555430171,True,,,2.156398221595473,False,True
HCP000247,2456743618,68176507287,FG0409628,JESSICA,A,SKINNER,,MD,207RR0500X,Rheumatology,MN149000,MN,90329,1247 MEDICAL PLZ,SYNTH CITY 47,MN,5553200516,True,,,4.7586013042882565,False,True
HCP000248,7532955045,68098470316,PM7191568,LAURA,E,ROLLINS,,PA,207RC0000X,Cardiovascular Disease,CA475419,CA,90336,1248 MEDICAL PLZ,SYNTH CITY 48,CA,5556110317,True,,,20.05523518091022,False,True
HCP000249,1043697857,96595021207,GM9642757,SUSAN,J,JENSEN,,MD,208000000X,Pediatrics,OR713243,OR,90343,1249 MEDICAL PLZ,SYNTH CITY 49,OR,5555664257,True,,,3.121918333195803,False,True
HCP000250,9460903799,10452964441,MP4496208,KRISTINA,J,RODRIGUEZ,,NP,207Q00000X,Family Medicine,WA267522,WA,90350,1250 MEDICAL PLZ,SYNTH CITY 0,WA,5555449336,True,,,1.2902663167730366,False,True
HCP000251,2229599404,30936956068,RA2092546,DEREK,B,WEAVER,,PA,207RX0202X,Medical Oncology,AZ361847,AZ,90357,1251 MEDICAL PLZ,SYNTH CITY 1,AZ,5552778689,True,,,6.919599012206933,False,True
HCP000252,8541937693,91057725803,RB3462723,MARK,M,ADAMS,,NP,207R00000X,Internal Medicine,CO701931,CO,90364,1252 MEDICAL PLZ,SYNTH CITY 2,CO,5558514588,True,,,12.835315879801689,False,True
HCP000253,4447188192,37868286112,AB9269264,DOUGLAS,R,RAMSEY,,NP,207RR0500X,Rheumatology,TX494852,TX,90371,1253 MEDICAL PLZ,SYNTH CITY 3,TX,5558308844,True,,,13.95542971639463,False,True
HCP000254,9268657134,91768757359,AF0570547,MARC,R,NGUYEN,,MD,207RC0000X,Cardiovascular Disease,FL466680,FL,90378,1254 MEDICAL PLZ,SYNTH CITY 4,FL,5555387770,True,,,19.34823416576358,False,True
HCP000255,3625492962,77438347986,AA6516908,BRYAN,M,SCHWARTZ,,DO,208000000X,Pediatrics,GA322190,GA,90385,1255 MEDICAL PLZ,SYNTH CITY 5,GA,5552413642,True,,,5.55048752605386,False,True
HCP000256,2705495929,49762882503,BG5569122,CHAD,M,GONZALEZ,III,MD,207Q00000X,Family Medicine,NY792282,NY,90392,1256 MEDICAL PLZ,SYNTH CITY 6,NY,5556216631,True,,,2.8080062725002413,False,True
HCP000257,9818439520,86624817893,BR4555643,ADAM,P,BALL,,DO,207RX0202X,Medical Oncology,NJ599616,NJ,90399,1257 MEDICAL PLZ,SYNTH CITY 7,NJ,5557097506,True,,,11.966394849082869,False,True
HCP000258,0270278449,51426161961,RM6018469,JASMINE,C,LONG,,DO,207R00000X,Internal Medicine,MA159418,MA,90406,1258 MEDICAL PLZ,SYNTH CITY 8,MA,5555095023,True,,,1.418207593085644,False,True
HCP000259,0028274732,88461439979,RP5281181,DEAN,F,MARTINEZ,,MD,207RR0500X,Rheumatology,PA141021,PA,90413,1259 MEDICAL PLZ,SYNTH CITY 9,PA,5554404264,True,,,4.481990465248612,False,True
HCP000260,4907946451,99416627038,MM6192792,STEVEN,C,WARD,,NP,207RC0000X,Cardiovascular Disease,IL496917,IL,90420,1260 MEDICAL PLZ,SYNTH CITY 10,IL,5551649472,True,,,2.28954230728925,False,True
HCP000261,8593765885,75613945832,AB5734285,ANDREW,P,TORRES,,MD,208000000X,Pediatrics,OH878624,OH,90427,1261 MEDICAL PLZ,SYNTH CITY 11,OH,5553412898,True,,,11.637138634926186,False,True
HCP000262,7414613753,94296528011,MA7167820,ASHLEY,R,OSBORNE,,PA,207Q00000X,Family Medicine,MI269323,MI,90434,1262 MEDICAL PLZ,SYNTH CITY 12,MI,5556168457,True,,,4.99433798539138,False,True
HCP000263,6044644857,89655286874,FR7855007,BRITTANY,W,BRADFORD,,MD,207RX0202X,Medical Oncology,MN658476,MN,90441,1263 MEDICAL PLZ,SYNTH CITY 13,MN,5552000388,True,,,3.4612005679502276,False,True
HCP000264,3818077422,17105597556,GM1884448,MATTHEW,V,BROWN,,MD,207R00000X,Internal Medicine,CA724071,CA,90448,1264 MEDICAL PLZ,SYNTH CITY 14,CA,5553661821,True,,,3.9953042646319523,False,True
HCP000265,0035014279,04969070637,AR4550379,PETER,K,GRAY,,PA,207RR0500X,Rheumatology,OR529814,OR,90455,1265 MEDICAL PLZ,SYNTH CITY 15,OR,5555171189,True,,,4.991693365904254,False,True
HCP000266,0763699754,08795143874,FB0322965,HEATHER,T,KENNEDY,,MD,207RC0000X,Cardiovascular Disease,WA563332,WA,90462,1266 MEDICAL PLZ,SYNTH CITY 16,WA,5555193702,True,,,4.059926597379265,False,True
HCP000267,6939619634,20612525458,BP2043148,JIMMY,M,ROBERTS,,NP,208000000X,Pediatrics,AZ168245,AZ,90469,1267 MEDICAL PLZ,SYNTH CITY 17,AZ,5554017546,True,,,0.6522477884300012,False,True
HCP000268,3724847652,27701008109,BP9599113,RYAN,J,CRAWFORD,,NP,207Q00000X,Family Medicine,CO274061,CO,90476,1268 MEDICAL PLZ,SYNTH CITY 18,CO,5553757857,True,,,41.06972237402687,False,True
HCP000269,0182051041,50232526963,GM7307616,ASHLEE,S,HARRISON,,MD,207RX0202X,Medical Oncology,TX113967,TX,90483,1269 MEDICAL PLZ,SYNTH CITY 19,TX,5557540010,True,,,19.069672672409876,False,True
HCP000270,9991115475,26635969407,GA1316630,PAULA,R,HANNA,,MD,207R00000X,Internal Medicine,FL196562,FL,90490,1270 MEDICAL PLZ,SYNTH CITY 20,FL,5557403452,True,,,8.757885798133074,False,True
HCP000271,2746127804,26730774524,BF1627582,BRITTANY,J,PENNINGTON,,DO,207RR0500X,Rheumatology,GA196167,GA,90497,1271 MEDICAL PLZ,SYNTH CITY 21,GA,5557177082,True,,,14.75775884386659,False,True
HCP000272,5347833241,52000267954,RB6852692,DANA,T,FLORES,,NP,207RC0000X,Cardiovascular Disease,NY790366,NY,90504,1272 MEDICAL PLZ,SYNTH CITY 22,NY,5555464042,True,,,5.021465902151993,False,True
HCP000273,9128877831,80578137072,AB7804267,JOSEPH,L,FOSTER,,PA,208000000X,Pediatrics,NJ378851,NJ,90511,1273 MEDICAL PLZ,SYNTH CITY 23,NJ,5557850795,True,,,1.284849956688558,False,True
HCP000274,9153643496,27660789927,FM3696991,MATTHEW,K,WILLIAMS,,PA,207Q00000X,Family Medicine,MA640070,MA,90518,1274 MEDICAL PLZ,SYNTH CITY 24,MA,5556553711,True,,,20.037582678788326,False,True
HCP000275,5861743727,35692883126,PM7158381,LISA,N,CALDWELL,,NP,207RX0202X,Medical Oncology,PA655717,PA,90525,1275 MEDICAL PLZ,SYNTH CITY 25,PA,5559426946,True,,,4.206034108916708,False,True
HCP000276,3299454496,69684422039,RM3570989,DENISE,J,ROBERTS,,NP,207R00000X,Internal Medicine,IL599551,IL,90532,1276 MEDICAL PLZ,SYNTH CITY 26,IL,5552615741,True,,,3.5752389524435544,False,True
HCP000277,4919936755,55598644052,RP9944642,JULIE,K,SAWYER,,PA,207RR0500X,Rheumatology,OH297894,OH,90539,1277 MEDICAL PLZ,SYNTH CITY 27,OH,5554994141,True,,,6.820496250564581,False,True
HCP000278,5823171371,31493238567,PM5514808,LAURA,L,JOHNSON,,MD,207RC0000X,Cardiovascular Disease,MI787464,MI,90546,1278 MEDICAL PLZ,SYNTH CITY 28,MI,5551006378,True,,,1.9047217955297793,False,True
HCP000279,5507829773,48567308655,PP6727925,JOSEPH,K,PALMER,,PA,208000000X,Pediatrics,MN463158,MN,90553,1279 MEDICAL PLZ,SYNTH CITY 29,MN,5552960647,True,,,1.2229099025081127,False,True
HCP000280,1496987524,50983419234,BM9851829,TERRENCE,R,RIVERA,,DO,207Q00000X,Family Medicine,CA510142,CA,90560,1280 MEDICAL PLZ,SYNTH CITY 30,CA,5552484812,True,,,16.486967313613277,False,True
HCP000281,5230702966,78641372610,FB8344397,KRISTINA,K,FRANCIS,,MD,207RX0202X,Medical Oncology,OR330657,OR,90567,1281 MEDICAL PLZ,SYNTH CITY 31,OR,5556909166,True,,,4.982895470140605,False,True
HCP000282,9251252323,38842463794,AA8436943,BRANDON,J,WILSON,,PA,207R00000X,Internal Medicine,WA568037,WA,90574,1282 MEDICAL PLZ,SYNTH CITY 32,WA,5551181435,True,,,2.976189980050804,False,True
HCP000283,2967167133,17555845658,BR6934098,AARON,D,PEREZ,III,NP,207RR0500X,Rheumatology,AZ574907,AZ,90581,1283 MEDICAL PLZ,SYNTH CITY 33,AZ,5552410487,True,,,36.88687304560462,False,True
HCP000284,5086869828,12474030375,MA7426144,JERRY,M,DORSEY,,MD,207RC0000X,Cardiovascular Disease,CO136691,CO,90588,1284 MEDICAL PLZ,SYNTH CITY 34,CO,5554986654,True,,,9.426114703677683,False,True
HCP000285,0536801943,30210979222,GB2937296,AARON,K,TORRES,,PA,208000000X,Pediatrics,TX426387,TX,90595,1285 MEDICAL PLZ,SYNTH CITY 35,TX,5555311305,True,,,0.2337693855054404,False,True
HCP000286,1237007145,67021566131,FB7782008,JASON,B,BLACK,,PA,207Q00000X,Family Medicine,FL576769,FL,90602,1286 MEDICAL PLZ,SYNTH CITY 36,FL,5552663370,True,,,0.949087210261022,False,True
HCP000287,1732895887,50817476037,RP8985357,KATHERINE,K,GLOVER,,DO,207RX0202X,Medical Oncology,GA288385,GA,90609,1287 MEDICAL PLZ,SYNTH CITY 37,GA,5559287390,True,,,8.064406954581626,False,True
HCP000288,8046285036,33552530451,PM3536160,BRENDA,J,MIDDLETON,,MD,207R00000X,Internal Medicine,NY541646,NY,90616,1288 MEDICAL PLZ,SYNTH CITY 38,NY,5552490147,True,,,4.502263643366116,False,True
HCP000289,2186813145,19678912687,PF3031903,VALERIE,W,COHEN,,PA,207RR0500X,Rheumatology,NJ518876,NJ,90623,1289 MEDICAL PLZ,SYNTH CITY 39,NJ,5555710136,True,,,7.766091734961402,False,True
HCP000290,3680741030,28726472039,GA9857159,CHRISTOPHER,M,JOHNSON,,DO,207RC0000X,Cardiovascular Disease,MA757085,MA,90630,1290 MEDICAL PLZ,SYNTH CITY 40,MA,5557658719,True,,,5.550228372962647,False,True
HCP000291,8055369812,48452955407,FB7164707,STEPHEN,G,JOHNSON,,MD,208000000X,Pediatrics,PA106291,PA,90637,1291 MEDICAL PLZ,SYNTH CITY 41,PA,5555388666,True,,,67.07277458283282,False,True
HCP000292,7845027037,16620313373,BR0230837,TERESA,E,COOPER,,MD,207Q00000X,Family Medicine,IL308480,IL,90644,1292 MEDICAL PLZ,SYNTH CITY 42,IL,5554667055,True,,,2.5666012391250974,False,True
HCP000293,2645606874,27994122823,PB6594589,JASMINE,J,BERRY,,NP,207RX0202X,Medical Oncology,OH981753,OH,90651,1293 MEDICAL PLZ,SYNTH CITY 43,OH,5557612325,True,,,4.271688670852399,False,True
HCP000294,4959881721,59850129405,RG4181921,ABIGAIL,T,MONTGOMERY,SR,MD,207R00000X,Internal Medicine,MI723209,MI,90658,1294 MEDICAL PLZ,SYNTH CITY 44,MI,5558330206,True,,,6.183185043482513,False,True
HCP000295,2855861136,40489996996,FR4115012,SARAH,M,KING,,NP,207RR0500X,Rheumatology,MN556913,MN,90665,1295 MEDICAL PLZ,SYNTH CITY 45,MN,5559947543,True,,,12.0534003535921,False,True
HCP000296,2032126858,10543900548,AF1047185,DONNA,M,LE,,DO,207RC0000X,Cardiovascular Disease,CA280366,CA,90672,1296 MEDICAL PLZ,SYNTH CITY 46,CA,5558076484,True,,,41.17937740963428,False,True
HCP000297,1681346692,18465821748,AB9808018,CHRISTINE,J,PADILLA,,MD,208000000X,Pediatrics,OR637317,OR,90679,1297 MEDICAL PLZ,SYNTH CITY 47,OR,5551514667,True,,,19.81274381922304,False,True
HCP000298,2443533726,67614273447,MP4885698,NICOLE,B,PEREZ,,DO,207Q00000X,Family Medicine,WA233768,WA,90686,1298 MEDICAL PLZ,SYNTH CITY 48,WA,5554346085,True,,,11.831156054562182,False,True
HCP000299,9712196945,53350101100,PB5092767,MELISSA,Z,HUNTER,,PA,207RX0202X,Medical Oncology,AZ833907,AZ,90693,1299 MEDICAL PLZ,SYNTH CITY 49,AZ,5554419348,True,,,2.9768558526856976,False,True
HCP000300,9569180364,91207861104,PB8256543,MARY,J,LIN,,DO,207R00000X,Internal Medicine,CO779708,CO,90700,1300 MEDICAL PLZ,SYNTH CITY 0,CO,5558943351,True,,,1.1744390763501298,False,True
HCP000301,8527042401,82464538697,FF0673082,ANTONIO,D,MYERS,JR,PA,207RR0500X,Rheumatology,TX705243,TX,90707,1301 MEDICAL PLZ,SYNTH CITY 1,TX,5551047673,True,,,5.318340319218933,False,True
HCP000302,8662680783,41837336380,AA2030719,WILLIAM,J,STEELE,,PA,207RC0000X,Cardiovascular Disease,FL797488,FL,90714,1302 MEDICAL PLZ,SYNTH CITY 2,FL,5558610163,True,,,2.198578008358017,False,True
HCP000303,3196727507,94207816070,RB4683904,DANIEL,L,BARNES,,PA,208000000X,Pediatrics,GA500098,GA,90721,1303 MEDICAL PLZ,SYNTH CITY 3,GA,5554544921,True,,,1.5765475508273599,False,True
HCP000304,9476882334,48863823995,BA9263495,LINDSEY,M,GARCIA,,DO,207Q00000X,Family Medicine,NY600842,NY,90728,1304 MEDICAL PLZ,SYNTH CITY 4,NY,5556127578,True,,,7.964865807117198,False,True
HCP000305,8605807808,97565570207,PA1225431,AMANDA,J,WALKER,,NP,207RX0202X,Medical Oncology,NJ826639,NJ,90735,1305 MEDICAL PLZ,SYNTH CITY 5,NJ,5559225550,True,,,10.153631359042048,False,True
HCP000306,8786376755,32263108459,AR7647239,MATTHEW,J,LEWIS,,PA,207R00000X,Internal Medicine,MA633693,MA,90742,1306 MEDICAL PLZ,SYNTH CITY 6,MA,5553679020,True,,,36.68834894579883,False,True
HCP000307,8414164748,14752819731,RG8806392,JOHN,C,FLYNN,,NP,207RR0500X,Rheumatology,PA599768,PA,90749,1307 MEDICAL PLZ,SYNTH CITY 7,PA,5553369784,True,,,28.764810672740033,False,True
HCP000308,4839819677,91827422397,MM4929334,ALLISON,M,TURNER,,PA,207RC0000X,Cardiovascular Disease,IL180407,IL,90756,1308 MEDICAL PLZ,SYNTH CITY 8,IL,5552449533,True,,,127.75850159136206,False,True
HCP000309,8996171368,70306025228,PA8419331,JAMES,M,RAMIREZ,,NP,208000000X,Pediatrics,OH315283,OH,90763,1309 MEDICAL PLZ,SYNTH CITY 9,OH,5559059466,True,,,10.319942197779632,False,True
HCP000310,7960813427,13365605227,AA4751737,MARK,K,WARNER,,DO,207Q00000X,Family Medicine,MI973773,MI,90770,1310 MEDICAL PLZ,SYNTH CITY 10,MI,5554395301,True,,,0.6945300532095463,False,True
HCP000311,7161521357,33485475952,GP2258356,JOSEPH,V,PARKER,,DO,207RX0202X,Medical Oncology,MN994703,MN,90777,1311 MEDICAL PLZ,SYNTH CITY 11,MN,5558996775,True,,,44.580326585477586,False,True
HCP000312,7831776878,34564416144,PG0523219,JACOB,B,JOHNSON,,PA,207R00000X,Internal Medicine,CA427916,CA,90784,1312 MEDICAL PLZ,SYNTH CITY 12,CA,5559435627,True,,,9.200657074566598,False,True
HCP000313,4891838912,35466207116,BB3589785,PATRICK,C,KELLY,,DO,207RR0500X,Rheumatology,OR831634,OR,90791,1313 MEDICAL PLZ,SYNTH CITY 13,OR,5559983775,True,,,8.53480167320417,False,True
HCP000314,3950174151,34760690906,FP8888347,MELISSA,B,PETTY,,NP,207RC0000X,Cardiovascular Disease,WA985079,WA,90798,1314 MEDICAL PLZ,SYNTH CITY 14,WA,5551447468,True,,,19.014525204361856,False,True
HCP000315,0234070643,47114883295,AB8890818,TIFFANY,S,WILLIAMS,,MD,208000000X,Pediatrics,AZ742008,AZ,90805,1315 MEDICAL PLZ,SYNTH CITY 15,AZ,5551615966,True,,,14.811337066320313,False,True
HCP000316,5428419928,53670801769,GF6763933,STEPHANIE,K,YOUNG,,MD,207Q00000X,Family Medicine,CO623102,CO,90812,1316 MEDICAL PLZ,SYNTH CITY 16,CO,5557558850,True,,,11.943456517691297,False,True
HCP000317,9119504501,76273254386,GB5080637,ERIC,D,OLSEN,,DO,207RX0202X,Medical Oncology,TX789392,TX,90819,1317 MEDICAL PLZ,SYNTH CITY 17,TX,5551403026,True,,,6.4217376936185,False,True
HCP000318,0646300661,31147969681,AM9734136,CARRIE,B,THOMAS,,MD,207R00000X,Internal Medicine,FL541730,FL,90826,1318 MEDICAL PLZ,SYNTH CITY 18,FL,5557874454,True,,,14.747801214875185,False,True
HCP000319,9756367618,57859848919,AG9726229,JAMES,J,KELLY,,MD,207RR0500X,Rheumatology,GA158279,GA,90833,1319 MEDICAL PLZ,SYNTH CITY 19,GA,5558084844,True,,,1.9878951165739516,False,True
HCP000320,3606728467,10192850442,MR8589067,DAWN,R,JONES,,MD,207RC0000X,Cardiovascular Disease,NY341396,NY,90840,1320 MEDICAL PLZ,SYNTH CITY 20,NY,5558717169,True,,,4.301047028123485,False,True
HCP000321,4454873520,18132237812,GF7245367,WILLIE,J,ROSS,,NP,208000000X,Pediatrics,NJ983596,NJ,90847,1321 MEDICAL PLZ,SYNTH CITY 21,NJ,5559958401,True,,,4.513402867651337,False,True
HCP000322,7375837789,19026564065,GF8710107,KEITH,P,NICHOLS,,NP,207Q00000X,Family Medicine,MA827507,MA,90854,1322 MEDICAL PLZ,SYNTH CITY 22,MA,5558479809,True,,,1.9710200398759996,False,True
HCP000323,7383798122,72411355790,MB3372838,SARAH,S,LEWIS,,PA,207RX0202X,Medical Oncology,PA731268,PA,90861,1323 MEDICAL PLZ,SYNTH CITY 23,PA,5554809538,True,,,8.386525584321861,False,True
HCP000324,9247268805,43818391239,PP5766895,MARY,K,MCCLAIN,,DO,207R00000X,Internal Medicine,IL987702,IL,90868,1324 MEDICAL PLZ,SYNTH CITY 24,IL,5557289300,True,,,1.3106458093372633,False,True
HCP000325,8193734752,74725514688,FM1889437,KIMBERLY,R,SANTANA,,NP,207RR0500X,Rheumatology,OH679420,OH,90875,1325 MEDICAL PLZ,SYNTH CITY 25,OH,5555094745,True,,,4.509957516603939,False,True
HCP000326,3136318458,57894304928,PM5701174,JACQUELINE,J,RIVERA,,MD,207RC0000X,Cardiovascular Disease,MI458789,MI,90882,1326 MEDICAL PLZ,SYNTH CITY 26,MI,5552601844,True,,,5.576438556045848,False,True
HCP000327,4241979283,58772690301,RB1094726,DOUGLAS,A,SPENCER,,PA,208000000X,Pediatrics,MN289483,MN,90889,1327 MEDICAL PLZ,SYNTH CITY 27,MN,5553100315,True,,,70.51461758339453,False,True
HCP000328,4153215163,98962586311,FP5094383,CHRISTOPHER,D,SMITH,,NP,207Q00000X,Family Medicine,CA652699,CA,90896,1328 MEDICAL PLZ,SYNTH CITY 28,CA,5554182704,True,,,14.54868972037427,False,True
HCP000329,4142523909,76920785053,GA3909559,STEPHANIE,F,BOYLE,,MD,207RX0202X,Medical Oncology,OR414179,OR,90903,1329 MEDICAL PLZ,SYNTH CITY 29,OR,5555045889,True,,,1.446096915000816,False,True
HCP000330,6567924538,51464711338,RG5257795,JULIE,J,FLOYD,III,PA,207R00000X,Internal Medicine,WA597165,WA,90910,1330 MEDICAL PLZ,SYNTH CITY 30,WA,5559305523,True,,,9.313401895268234,False,True
HCP000331,0746736558,75120149975,BF7993450,DARREN,T,JOSEPH,,MD,207RR0500X,Rheumatology,AZ301913,AZ,90917,1331 MEDICAL PLZ,SYNTH CITY 31,AZ,5557302725,True,,,6.627796929424704,False,True
HCP000332,2451690095,67153800599,MG2911534,MARK,M,WHITEHEAD,,PA,207RC0000X,Cardiovascular Disease,CO290584,CO,90924,1332 MEDICAL PLZ,SYNTH CITY 32,CO,5553912323,True,,,2.616304186820876,False,True
HCP000333,1716711076,67262233423,MF6118467,TAMMY,T,RICHARDSON,,MD,208000000X,Pediatrics,TX900739,TX,90931,1333 MEDICAL PLZ,SYNTH CITY 33,TX,5554750442,True,,,7.41940645068268,False,True
HCP000334,9606012307,01467219693,AF3770536,MATTHEW,K,PIERCE,,DO,207Q00000X,Family Medicine,FL364049,FL,90938,1334 MEDICAL PLZ,SYNTH CITY 34,FL,5552793019,True,,,20.28130769327932,False,True
HCP000335,1892168067,80143082815,PG4708674,ISAIAH,T,WEBER,,DO,207RX0202X,Medical Oncology,GA932674,GA,90462,1335 MEDICAL PLZ,SYNTH CITY 16,WA,5558716238,True,,2024-02-17,10.23798294150341,False,True
HCP000336,5014778125,54818456761,FP0751190,JESSICA,T,SMITH,,MD,207R00000X,Internal Medicine,NY933754,NY,90952,1336 MEDICAL PLZ,SYNTH CITY 36,NY,5552545794,True,,,9.94021375429245,False,True
HCP000337,0148962364,78022519934,GA8735323,DAVID,J,HILL,,NP,207RR0500X,Rheumatology,NJ937347,NJ,90959,1337 MEDICAL PLZ,SYNTH CITY 37,NJ,5551059101,True,,,8.060968117693191,False,True
HCP000338,6104111219,21507342215,BM2556758,TRICIA,D,SCOTT,,DO,207RC0000X,Cardiovascular Disease,MA665391,MA,90966,1338 MEDICAL PLZ,SYNTH CITY 38,MA,5555427976,False,2024-03-02,,5.536566763498382,False,True
HCP000339,9040343318,40069844107,FG3398637,HAYLEY,A,MARTIN,,MD,208000000X,Pediatrics,PA738472,PA,90973,1339 MEDICAL PLZ,SYNTH CITY 39,PA,5551544408,True,,,5.285244628387907,False,True
HCP000340,7407538660,79616039893,MM2991746,ALEXANDER,S,LAWSON,,MD,207Q00000X,Family Medicine,IL561779,IL,90980,1340 MEDICAL PLZ,SYNTH CITY 40,IL,5558534969,True,,,7.411392769556755,False,True
HCP000341,8355645648,81879020497,MP0736764,CHRISTOPHER,A,SNYDER,,NP,207RX0202X,Medical Oncology,OH512918,OH,90987,1341 MEDICAL PLZ,SYNTH CITY 41,OH,5554546498,True,,,15.811594813473125,False,True
HCP000342,2157130016,41921137343,RM6458680,HOLLY,M,SIMMONS,,NP,207R00000X,Internal Medicine,MI960785,MI,90994,1342 MEDICAL PLZ,SYNTH CITY 42,MI,5556109649,True,,,1.5660487466092343,False,True
HCP000343,2251719631,07528616474,RR0424151,JEFFREY,E,BROWN,,PA,207RR0500X,Rheumatology,MN890682,MN,91001,1343 MEDICAL PLZ,SYNTH CITY 43,MN,5556401947,True,,,23.53313788853581,False,True
HCP000344,4930896632,84310456831,PP5046854,ANDREW,T,GRIFFITH,,MD,207RC0000X,Cardiovascular Disease,CA193344,CA,91008,1344 MEDICAL PLZ,SYNTH CITY 44,CA,5557806336,True,,,4.8529609746036435,False,True
HCP000345,3158152751,26361310241,AR5771684,TERRENCE,J,CRANE,,NP,208000000X,Pediatrics,OR191572,OR,91015,1345 MEDICAL PLZ,SYNTH CITY 45,OR,5556557165,True,,,6.9007979856997315,False,True
HCP000346,8914169924,85147632644,RA2993920,LISA,B,CLAYTON,,MD,207Q00000X,Family Medicine,WA254637,WA,91022,1346 MEDICAL PLZ,SYNTH CITY 46,WA,5558118121,True,,,30.766498345479636,False,True
HCP000347,6397225528,71714061211,AG8375207,KAREN,C,MILLER,,MD,207RX0202X,Medical Oncology,AZ797967,AZ,91029,1347 MEDICAL PLZ,SYNTH CITY 47,AZ,5559908423,True,,,4.479500019528919,False,True
HCP000348,3312577570,35371040130,BG3807566,SAVANNAH,R,KNOX,,DO,207R00000X,Internal Medicine,CO685469,CO,91036,1348 MEDICAL PLZ,SYNTH CITY 48,CO,5553645580,True,,,1.531803375255201,False,True
HCP000349,3559296652,07799906995,RR0865192,CASSANDRA,D,COLEMAN,,PA,207RR0500X,Rheumatology,TX534816,TX,91043,1349 MEDICAL PLZ,SYNTH CITY 49,TX,5552026213,True,,,9.579451997450231,False,True
HCP000350,8628295403,21119970590,PA8584783,COLTON,I,NASH,,NP,207RC0000X,Cardiovascular Disease,FL819760,FL,91050,1350 MEDICAL PLZ,SYNTH CITY 0,FL,5553034063,True,,,2.243690960375849,False,True
HCP000351,3646588442,25647759812,RF3761087,JONATHAN,J,LEE,,DO,208000000X,Pediatrics,GA882129,GA,91057,1351 MEDICAL PLZ,SYNTH CITY 1,GA,5551712345,True,,,3.667906993014429,False,True
HCP000352,3221227218,77270553636,BG7934489,ANGELA,J,RAMIREZ,,NP,207Q00000X,Family Medicine,NY783347,NY,91064,1352 MEDICAL PLZ,SYNTH CITY 2,NY,5558290795,True,,,1.259464016078855,False,True
HCP000353,8164888249,06498761904,FF9252974,DWAYNE,D,GREENE,,MD,207RX0202X,Medical Oncology,NJ465660,NJ,91071,1353 MEDICAL PLZ,SYNTH CITY 3,NJ,5558973056,True,,,7.785731750514625,False,True
HCP000354,7953826907,42174547951,FG1229485,ANDRE,A,MORENO,,NP,207R00000X,Internal Medicine,MA315747,MA,91078,1354 MEDICAL PLZ,SYNTH CITY 4,MA,5553534827,True,,,26.601825985885323,False,True
HCP000355,6407671810,23046359221,GB8261315,ROGER,M,MCKEE,,NP,207RR0500X,Rheumatology,PA591117,PA,91085,1355 MEDICAL PLZ,SYNTH CITY 5,PA,5553967456,True,,,37.96496987704989,False,True
HCP000356,4214063354,96554994903,FM6425243,JAMES,R,HENRY,,MD,207RC0000X,Cardiovascular Disease,IL946118,IL,91092,1356 MEDICAL PLZ,SYNTH CITY 6,IL,5556929035,False,2024-02-19,,7.608977270479621,False,True
HCP000357,3733994065,96127644741,RF2049121,JENNA,K,BLACKBURN,,DO,208000000X,Pediatrics,OH775913,OH,91099,1357 MEDICAL PLZ,SYNTH CITY 7,OH,5554605789,True,,,11.051538429180253,False,True
HCP000358,4445770694,88386777984,GM8337991,JOE,R,NEWMAN,,PA,207Q00000X,Family Medicine,MI105891,MI,90308,1358 MEDICAL PLZ,SYNTH CITY 44,IL,5552836869,True,,2024-02-12,4.407802220664413,False,True
HCP000359,4913285696,17781971584,FB5967774,SPENCER,S,COLON,,PA,207RX0202X,Medical Oncology,MN372207,MN,91113,1359 MEDICAL PLZ,SYNTH CITY 9,MN,5559457288,True,,,7.502918200348535,False,True
HCP000360,7282177360,78420566077,PG0465555,TAMMY,B,GONZALEZ,,DO,207R00000X,Internal Medicine,CA542329,CA,91120,1360 MEDICAL PLZ,SYNTH CITY 10,CA,5554737676,True,,,19.199024500224443,False,True
HCP000361,6301942168,73612041117,GR3229536,KRISTIE,H,JOHNSON,,NP,207RR0500X,Rheumatology,OR207268,OR,91127,1361 MEDICAL PLZ,SYNTH CITY 11,OR,5552793417,True,,,0.40064947108065674,False,True
HCP000362,6243872598,26930140068,BG5698390,JEFFERY,C,SMITH,,MD,207RC0000X,Cardiovascular Disease,WA207389,WA,90938,1362 MEDICAL PLZ,SYNTH CITY 34,FL,5552098128,True,,2024-02-09,9.036527741786875,False,True
HCP000363,4117623957,12650826378,PR5054726,MARTIN,J,COLE,,DO,208000000X,Pediatrics,AZ443920,AZ,91141,1363 MEDICAL PLZ,SYNTH CITY 13,AZ,5552928375,True,,,1.05484774243642,False,True
HCP000364,8932216426,45618205873,FM2822060,LINDSEY,D,TORRES,,MD,207Q00000X,Family Medicine,CO186768,CO,91148,1364 MEDICAL PLZ,SYNTH CITY 14,CO,5559410567,True,,,12.50027433577137,False,True
HCP000365,1349639504,68079963194,FP7888112,PATRICIA,R,HAWKINS,,PA,207RX0202X,Medical Oncology,TX859441,TX,90945,1365 MEDICAL PLZ,SYNTH CITY 35,GA,5558320330,True,,2024-03-14,45.95735491732665,False,True
HCP000366,0741329110,51490712825,FM4485584,PETER,L,ROBINSON,,PA,207R00000X,Internal Medicine,FL512077,FL,91162,1366 MEDICAL PLZ,SYNTH CITY 16,FL,5556027965,True,,,2.5206785778415273,False,True
HCP000367,1263155123,20247083302,GM7513765,JENNIFER,G,WILLIAMS,,PA,207RR0500X,Rheumatology,GA639534,GA,91169,1367 MEDICAL PLZ,SYNTH CITY 17,GA,5556373890,True,,,20.296750567606306,False,True
HCP000368,3670226711,90812678004,GB6291651,TIMOTHY,K,GILL,,NP,207RC0000X,Cardiovascular Disease,NY672187,NY,91176,1368 MEDICAL PLZ,SYNTH CITY 18,NY,5551649583,True,,,1.0064947164671332,False,True
HCP000369,2598257063,82825389787,FR5317260,JAMES,C,OCONNELL,,NP,208000000X,Pediatrics,NJ691228,NJ,91183,1369 MEDICAL PLZ,SYNTH CITY 19,NJ,5559944047,True,,,14.15943250322677,False,True
HCP000370,8375143756,21826149627,GB9950459,JOSEPH,K,HALL,,NP,207Q00000X,Family Medicine,MA261550,MA,91190,1370 MEDICAL PLZ,SYNTH CITY 20,MA,5555264563,True,,,3.8226903020451757,False,True
HCP000371,5507667199,22992620208,PB5258882,BARBARA,A,RILEY,,MD,207RX0202X,Medical Oncology,PA652424,PA,91197,1371 MEDICAL PLZ,SYNTH CITY 21,PA,5556925992,True,,,4.697864117140894,False,True
HCP000372,8414159110,97433387215,MP3414633,JESSICA,J,PARKER,,NP,207R00000X,Internal Medicine,IL927131,IL,91204,1372 MEDICAL PLZ,SYNTH CITY 22,IL,5551555036,True,,,5.452546838763507,False,True
HCP000373,8985477487,01168542151,PF3020747,JOHN,T,MORRISON,,PA,207RR0500X,Rheumatology,OH232827,OH,91211,1373 MEDICAL PLZ,SYNTH CITY 23,OH,5552049476,True,,,6.073945912473106,False,True
HCP000374,8235035226,99612905588,BG6951951,TYLER,G,RICE,,NP,207RC0000X,Cardiovascular Disease,MI954067,MI,91218,1374 MEDICAL PLZ,SYNTH CITY 24,MI,5554972267,True,,,2.848374931483063,False,True
HCP000375,9065553536,41902333347,PF2604260,JENNIFER,T,THOMAS,,PA,208000000X,Pediatrics,MN615015,MN,91225,1375 MEDICAL PLZ,SYNTH CITY 25,MN,5555276558,True,,,2.54785020161574,False,True
HCP000376,2248933154,22983123489,PP1196271,HEATHER,A,REYES,,PA,207Q00000X,Family Medicine,CA690735,CA,91232,1376 MEDICAL PLZ,SYNTH CITY 26,CA,5557586481,True,,,5.226774554214239,False,True
HCP000377,3063703300,88080868411,AP5210278,NICOLE,W,WEISS,,NP,207RX0202X,Medical Oncology,OR399261,OR,91239,1377 MEDICAL PLZ,SYNTH CITY 27,OR,5557234535,True,,,167.73223922444575,False,True
HCP000378,6727464433,18438823486,GB3079734,BRANDI,A,MITCHELL,,PA,207R00000X,Internal Medicine,WA619676,WA,91246,1378 MEDICAL PLZ,SYNTH CITY 28,WA,5555490364,True,,,22.417928825303107,False,True
HCP000379,5638496898,82718654633,BB8748651,BRANDON,M,GUTIERREZ,,NP,207RR0500X,Rheumatology,AZ160619,AZ,91253,1379 MEDICAL PLZ,SYNTH CITY 29,AZ,5555628188,True,,,9.005075446180388,False,True
HCP000380,3834033714,60868986806,RF9543187,SHELBY,R,DICKERSON,,MD,207RC0000X,Cardiovascular Disease,CO800828,CO,91260,1380 MEDICAL PLZ,SYNTH CITY 30,CO,5555069871,True,,,7.0771584455618,False,True
HCP000381,6300128116,62428025840,GB3992559,JOSEPH,E,RICHARDSON,,MD,208000000X,Pediatrics,TX102060,TX,91267,1381 MEDICAL PLZ,SYNTH CITY 31,TX,5551041814,True,,,8.409777162712741,False,True
HCP000382,1606817595,27804779799,RG4492760,DENNIS,A,SIMMONS,,DO,207Q00000X,Family Medicine,FL502609,FL,91274,1382 MEDICAL PLZ,SYNTH CITY 32,FL,5554208604,True,,,10.317361257282728,False,True
HCP000383,2853469437,74510615723,RA7194071,MARIA,C,THOMAS,,DO,207RX0202X,Medical Oncology,GA477042,GA,91281,1383 MEDICAL PLZ,SYNTH CITY 33,GA,5558722544,True,,,8.942981168752473,False,True
HCP000384,6174309099,04855193586,PB4513898,ROBERT,M,SMITH,,PA,207R00000X,Internal Medicine,NY869956,NY,90721,1384 MEDICAL PLZ,SYNTH CITY 3,GA,5556581177,True,,2024-03-02,20.26498338733719,False,True
HCP000385,7156471394,55901321268,FM8081678,ERIC,M,MARQUEZ,SR,DO,207RR0500X,Rheumatology,NJ967524,NJ,91295,1385 MEDICAL PLZ,SYNTH CITY 35,NJ,5552426767,True,,,53.27420421411345,False,True
HCP000386,1173743265,48444448700,AM2381102,STEVEN,R,THOMAS,,NP,207RC0000X,Cardiovascular Disease,MA265818,MA,90763,1386 MEDICAL PLZ,SYNTH CITY 9,OH,5555718917,True,,2024-03-09,10.956037682472472,False,True
HCP000387,3790128144,01059322996,GB9016115,MARCUS,E,GRIMES,,NP,208000000X,Pediatrics,PA266443,PA,91309,1387 MEDICAL PLZ,SYNTH CITY 37,PA,5557833939,True,,,6.960771904646009,False,True
HCP000388,0722971039,48403498105,GP2843493,JARED,D,KELLER,,MD,207Q00000X,Family Medicine,IL582816,IL,91316,1388 MEDICAL PLZ,SYNTH CITY 38,IL,5557375046,True,,,40.45022586053519,False,True
HCP000389,9746318218,65366565863,MB2850396,BLAKE,A,MORRIS,,MD,207RX0202X,Medical Oncology,OH261711,OH,91323,1389 MEDICAL PLZ,SYNTH CITY 39,OH,5551829086,True,,,3.1592321512567403,False,True
HCP000390,7764637923,36223161339,RA1726919,ALICIA,K,COLLINS,,NP,207R00000X,Internal Medicine,MI892406,MI,91330,1390 MEDICAL PLZ,SYNTH CITY 40,MI,5555984974,True,,,30.81676975335577,False,True
HCP000391,5402970037,41068136182,GF6105867,GREGORY,B,PETERSON,,DO,207RR0500X,Rheumatology,MN988745,MN,91337,1391 MEDICAL PLZ,SYNTH CITY 41,MN,5558035294,True,,,13.036563462199124,False,True
HCP000392,6862268961,50335230049,FB2966191,JACOB,D,KANE,,PA,207RC0000X,Cardiovascular Disease,CA881361,CA,91344,1392 MEDICAL PLZ,SYNTH CITY 42,CA,5559997221,True,,,1.0742788741456741,False,True
HCP000393,3621209279,48546864889,AR1662098,SHANNON,C,FREEMAN,,MD,208000000X,Pediatrics,OR609888,OR,91351,1393 MEDICAL PLZ,SYNTH CITY 43,OR,5553858123,True,,,4.7930211353070336,False,True
HCP000394,4057410274,34760018007,MR2615194,JAMES,D,BROWN,JR,PA,207Q00000X,Family Medicine,WA558972,WA,91358,1394 MEDICAL PLZ,SYNTH CITY 44,WA,5557188454,True,,,16.659749741538835,False,True
HCP000395,2231443914,07208120108,AP1986827,JOHN,G,NELSON,,PA,207RX0202X,Medical Oncology,AZ751143,AZ,91365,1395 MEDICAL PLZ,SYNTH CITY 45,AZ,5553426362,True,,,99.93723892659037,False,True
HCP000396,7771815322,44406180034,RG3828433,DANIEL,R,GARCIA,,NP,207R00000X,Internal Medicine,CO671019,CO,91372,1396 MEDICAL PLZ,SYNTH CITY 46,CO,5556866428,True,,,2.733896710145374,False,True
HCP000397,7639698290,74812346270,FM2462989,ADAM,R,GRAY,,DO,207RR0500X,Rheumatology,TX755641,TX,91379,1397 MEDICAL PLZ,SYNTH CITY 47,TX,5558140219,True,,,5.530747883006416,False,True
HCP000398,8100690147,39202141316,GA0451364,BONNIE,J,WILSON,,MD,207RC0000X,Cardiovascular Disease,FL934061,FL,91386,1398 MEDICAL PLZ,SYNTH CITY 48,FL,5558235000,True,,,72.6882047944787,False,True
HCP000399,9262920892,32563771915,FG1309142,HEATHER,M,RAMIREZ,,MD,208000000X,Pediatrics,GA530370,GA,91393,1399 MEDICAL PLZ,SYNTH CITY 49,GA,5559647938,True,,,0.5699339980777457,False,True
HCP000400,5658146381,36117212308,AF2209911,AMY,M,MENDOZA,III,MD,207Q00000X,Family Medicine,CA472176,CA,90000,1400 MEDICAL PLZ,SYNTH CITY 0,CA,5556021460,True,,,12.133763615753212,False,True
HCP000401,6328541076,04201445622,MB0821751,JULIE,M,WARD,,NP,207RX0202X,Medical Oncology,OR685769,OR,90007,1401 MEDICAL PLZ,SYNTH CITY 1,OR,5558466814,False,2024-02-11,,1.6203762608506016,False,True
HCP000402,7242504364,19335182918,FM8139115,RHONDA,D,WALLACE,,PA,207R00000X,Internal Medicine,WA269362,WA,90014,1402 MEDICAL PLZ,SYNTH CITY 2,WA,5552554283,True,,,8.180637220684266,False,True
HCP000403,7266422543,87986365920,AB6113742,TRACY,S,PHILLIPS,,DO,207RR0500X,Rheumatology,AZ431653,AZ,90021,1403 MEDICAL PLZ,SYNTH CITY 3,AZ,5557961229,True,,,5.085592888200072,False,True
HCP000404,3621823517,95568805529,BP1675116,FRED,E,SMITH,,MD,207RC0000X,Cardiovascular Disease,CO806952,CO,90028,1404 MEDICAL PLZ,SYNTH CITY 4,CO,5555132668,True,,,14.957425488513454,False,True
HCP000405,0150417091,89018941126,AM8199213,LAURA,J,ANDREWS,,PA,208000000X,Pediatrics,TX239345,TX,90035,1405 MEDICAL PLZ,SYNTH CITY 5,TX,5553853185,True,,,6.573503744815895,False,True
HCP000406,7898145199,27106027432,MR7341123,AMANDA,K,WHITE,,MD,207Q00000X,Family Medicine,FL397976,FL,90042,1406 MEDICAL PLZ,SYNTH CITY 6,FL,5551506888,True,,,48.16175484476925,False,True
HCP000407,0358884092,42133296267,GR9442796,JENNIFER,L,FRANCIS,,PA,207RX0202X,Medical Oncology,GA137885,GA,90049,1407 MEDICAL PLZ,SYNTH CITY 7,GA,5556311858,True,,,35.325042392039634,False,True
HCP000408,6578493481,56961094221,BP6506993,ANDREW,R,CASTRO,,PA,207R00000X,Internal Medicine,NY927976,NY,90056,1408 MEDICAL PLZ,SYNTH CITY 8,NY,5553008475,True,,,3.9430475078490557,False,True
HCP000409,4981180498,97366597299,AF6875308,JOSE,E,WILLIAMS,,PA,207RR0500X,Rheumatology,NJ248030,NJ,90063,1409 MEDICAL PLZ,SYNTH CITY 9,NJ,5553285763,True,,,6.067320419930241,False,True
HCP000410,8474200127,51013704410,BB7967780,SUSAN,M,CHAVEZ,,NP,207RC0000X,Cardiovascular Disease,MA817394,MA,90070,1410 MEDICAL PLZ,SYNTH CITY 10,MA,5555444083,True,,,0.7778192990247684,False,True
HCP000411,2735159347,31960599149,PG3755936,RACHEL,D,BROOKS,,NP,208000000X,Pediatrics,PA888385,PA,90077,1411 MEDICAL PLZ,SYNTH CITY 11,PA,5553996246,True,,,0.6344168323471745,False,True
HCP000412,9358964630,80112110371,FR1957333,PAMELA,D,LE,,PA,207Q00000X,Family Medicine,IL103585,IL,90084,1412 MEDICAL PLZ,SYNTH CITY 12,IL,5556148909,True,,,2.3315725065553816,False,True
HCP000413,6911331638,00082350657,AA7305499,LARRY,T,BARRON,,NP,207RX0202X,Medical Oncology,OH281231,OH,90091,1413 MEDICAL PLZ,SYNTH CITY 13,OH,5558541903,True,,,0.740914937522461,False,True
HCP000414,6162116928,10650216670,PB9847670,ERICA,C,RAMIREZ,,PA,207R00000X,Internal Medicine,MI654168,MI,90098,1414 MEDICAL PLZ,SYNTH CITY 14,MI,5553811164,True,,,2.0565744270417223,False,True
HCP000415,4380865335,06956556978,GP8286471,AMANDA,K,JACKSON,,PA,207RR0500X,Rheumatology,MN658664,MN,90105,1415 MEDICAL PLZ,SYNTH CITY 15,MN,5555731357,True,,,2.9803064211505514,False,True
HCP000416,5521889340,04642592432,MF6061383,REBECCA,S,SANDOVAL,,PA,207RC0000X,Cardiovascular Disease,CA956057,CA,90112,1416 MEDICAL PLZ,SYNTH CITY 16,CA,5559181120,True,,,21.710720907668037,False,True
HCP000417,3787324581,35232957502,PG7755221,REBECCA,T,WHITEHEAD,,PA,208000000X,Pediatrics,OR495945,OR,90119,1417 MEDICAL PLZ,SYNTH CITY 17,OR,5556418097,True,,,6.353282882992982,False,True
HCP000418,8225620730,36137731056,MF0204306,TROY,H,LEWIS,,DO,207Q00000X,Family Medicine,WA181705,WA,90126,1418 MEDICAL PLZ,SYNTH CITY 18,WA,5557345678,False,2024-02-17,,11.433434739173805,False,True
HCP000419,7757975488,08290963081,AP6136634,REBECCA,J,ROBINSON,III,MD,207RX0202X,Medical Oncology,AZ934396,AZ,90133,1419 MEDICAL PLZ,SYNTH CITY 19,AZ,5551381476,True,,,9.251434566386571,False,True
HCP000420,3737987313,58195070657,FA3792383,RICHARD,E,BRADY,,MD,207R00000X,Internal Medicine,CO624950,CO,90140,1420 MEDICAL PLZ,SYNTH CITY 20,CO,5555385396,True,,,7.9666676944106305,False,True
HCP000421,5105199322,51418148411,MA3638618,KATHERINE,R,KIRBY,,PA,207RR0500X,Rheumatology,TX455722,TX,90147,1421 MEDICAL PLZ,SYNTH CITY 21,TX,5554827314,True,,,172.71936373597927,False,True
HCP000422,3512519216,71681446355,AG5958369,NICHOLAS,C,RUIZ,,MD,207RC0000X,Cardiovascular Disease,FL600401,FL,90154,1422 MEDICAL PLZ,SYNTH CITY 22,FL,5559033273,True,,,101.15312655821249,False,True
HCP000423,2127434381,36306565590,AR8454947,CHRISTOPHER,T,SCOTT,,DO,208000000X,Pediatrics,GA459197,GA,90161,1423 MEDICAL PLZ,SYNTH CITY 23,GA,5551125259,True,,,3.9854960908454173,False,True
HCP000424,9946702559,36745446976,AG9353173,KATHERINE,J,COOPER,,NP,207Q00000X,Family Medicine,NY944287,NY,90168,1424 MEDICAL PLZ,SYNTH CITY 24,NY,5555982045,True,,,2.7750795966967003,False,True
HCP000425,5744484358,67743575200,FP7870898,ALLISON,K,DAVIS,,DO,207RX0202X,Medical Oncology,NJ266669,NJ,90175,1425 MEDICAL PLZ,SYNTH CITY 25,NJ,5558093569,True,,,9.376973595371936,False,True
HCP000426,8936822336,73952683468,GR7446022,ANDREW,M,CARR,,PA,207R00000X,Internal Medicine,MA194818,MA,90182,1426 MEDICAL PLZ,SYNTH CITY 26,MA,5553657211,True,,,10.414625119555135,False,True
HCP000427,8188124977,99512183729,PF4019886,AMY,J,ROBERTS,,MD,207RR0500X,Rheumatology,PA398563,PA,90189,1427 MEDICAL PLZ,SYNTH CITY 27,PA,5551006211,True,,,11.198449378436157,False,True
HCP000428,9372627403,22597369220,PP4869993,JASON,M,GILBERT,,NP,207RC0000X,Cardiovascular Disease,IL386216,IL,90196,1428 MEDICAL PLZ,SYNTH CITY 28,IL,5555032075,True,,,52.02845562664586,False,True
HCP000429,7754936244,37702278335,RF2597570,GREGORY,J,HILL,,PA,208000000X,Pediatrics,OH414901,OH,90203,1429 MEDICAL PLZ,SYNTH CITY 29,OH,5557214458,True,,,23.887410342947774,False,True
HCP000430,7566697315,81558775898,FB0979741,AUDREY,Z,RODRIGUEZ,,MD,207Q00000X,Family Medicine,MI441362,MI,90210,1430 MEDICAL PLZ,SYNTH CITY 30,MI,5558525371,True,,,3.061463935535405,False,True
HCP000431,1310953322,13192375354,FM3947265,PATTY,C,GRAVES,,NP,207RX0202X,Medical Oncology,MN152728,MN,90217,1431 MEDICAL PLZ,SYNTH CITY 31,MN,5557212242,True,,,69.12194048655873,False,True
HCP000432,7403925374,45421636387,FF7000342,JAMIE,J,WOLFE,,MD,207R00000X,Internal Medicine,CA367666,CA,90224,1432 MEDICAL PLZ,SYNTH CITY 32,CA,5556167847,True,,,32.748434664035884,False,True
HCP000433,5063270271,99042495958,BF2752131,HEATHER,E,ELLIOTT,,NP,207RR0500X,Rheumatology,OR312129,OR,90231,1433 MEDICAL PLZ,SYNTH CITY 33,OR,5554952784,True,,,5.357223465461572,False,True
HCP000434,1400585083,68412243536,GR8305394,NICOLE,M,PALMER,,DO,207RC0000X,Cardiovascular Disease,WA201276,WA,90238,1434 MEDICAL PLZ,SYNTH CITY 34,WA,5559617994,True,,,5.366663242810591,False,True
HCP000435,2764454908,23501960745,PP1329760,TARA,A,GONZALEZ,,PA,208000000X,Pediatrics,AZ498443,AZ,90245,1435 MEDICAL PLZ,SYNTH CITY 35,AZ,5555015154,True,,,13.532293173115765,False,True
HCP000436,4775768474,14566857816,FR5672577,DEREK,J,HOLLAND,,MD,207Q00000X,Family Medicine,CO338615,CO,90252,1436 MEDICAL PLZ,SYNTH CITY 36,CO,5558709601,True,,,3.4784087886978985,False,True
HCP000437,6248578844,04784583195,BB3248798,DIANE,G,BLANKENSHIP,JR,PA,207RX0202X,Medical Oncology,TX406275,TX,90259,1437 MEDICAL PLZ,SYNTH CITY 37,TX,5557484755,True,,,9.228518655229317,False,True
HCP000438,2751231921,56998471811,PP1910922,ERIC,T,GENTRY,,PA,207R00000X,Internal Medicine,FL989244,FL,90266,1438 MEDICAL PLZ,SYNTH CITY 38,FL,5551779565,True,,,10.860601553922907,False,True
HCP000439,2358168799,05328290469,PA7387138,JOSEPH,S,MIRANDA,,PA,207RR0500X,Rheumatology,GA450626,GA,90273,1439 MEDICAL PLZ,SYNTH CITY 39,GA,5558160999,True,,,15.751902003530086,False,True
HCP000440,4459653695,02058926336,MM0420041,KATHRYN,B,MARTIN,,NP,207RC0000X,Cardiovascular Disease,NY987111,NY,90280,1440 MEDICAL PLZ,SYNTH CITY 40,NY,5557375221,True,,,2.7441578051444044,True,True
HCP000441,7980846472,82642704696,RP2836256,KENNETH,O,GREEN,,PA,208000000X,Pediatrics,NJ602840,NJ,91344,1441 MEDICAL PLZ,SYNTH CITY 42,CA,5558941824,True,,2024-02-18,2.3835932977321623,False,True
HCP000442,9786619665,41167269591,FG3143234,BONNIE,E,HORNE,,PA,207Q00000X,Family Medicine,MA450292,MA,90294,1442 MEDICAL PLZ,SYNTH CITY 42,MA,5556386228,True,,,21.558500322059196,False,True
HCP000443,0841137017,57636523954,PB2984936,ROBERT,A,RIOS,,MD,207RX0202X,Medical Oncology,PA317231,PA,90301,1443 MEDICAL PLZ,SYNTH CITY 43,PA,5558282721,True,,,3.202857481629181,False,True
HCP000444,4026379667,59678339476,AF3179914,JOSHUA,M,MILLER,,MD,207R00000X,Internal Medicine,IL873681,IL,90308,1444 MEDICAL PLZ,SYNTH CITY 44,IL,5551696314,True,,,4.702862536248844,False,True
HCP000445,1445893948,73541343936,AF8890820,OLIVIA,S,MCGUIRE,,NP,207RR0500X,Rheumatology,OH615789,OH,90315,1445 MEDICAL PLZ,SYNTH CITY 45,OH,5558937982,True,,,2.1986152601298388,False,True
HCP000446,0515911341,91293542570,RB9996986,CHRISTINE,S,JONES,,PA,207RC0000X,Cardiovascular Disease,MI933009,MI,90322,1446 MEDICAL PLZ,SYNTH CITY 46,MI,5556716856,True,,,11.2675322129822,False,True
HCP000447,1821619040,84775190367,GF4938066,KATHERINE,L,SNYDER,,NP,208000000X,Pediatrics,MN500740,MN,90329,1447 MEDICAL PLZ,SYNTH CITY 47,MN,5556342891,True,,,2.1236223156576903,False,True
HCP000448,8566171475,62883729287,FP6632603,JON,L,PATTON,JR,MD,207Q00000X,Family Medicine,CA945726,CA,90336,1448 MEDICAL PLZ,SYNTH CITY 48,CA,5557939110,True,,,7.503090290299515,False,True
HCP000449,7827644213,96429928471,GA8326937,PAUL,D,HAAS,,NP,207RX0202X,Medical Oncology,OR215162,OR,90343,1449 MEDICAL PLZ,SYNTH CITY 49,OR,5558898200,True,,,2.3697655685620886,False,True
HCP000450,8176939725,21181268367,MM2607770,PHILLIP,D,HORN,,PA,207R00000X,Internal Medicine,WA581015,WA,90350,1450 MEDICAL PLZ,SYNTH CITY 0,WA,5556143940,True,,,4.373518742631072,False,True
HCP000451,6212953387,69642079641,MB6389239,VINCENT,J,MARSHALL,,MD,207RR0500X,Rheumatology,AZ489628,AZ,90357,1451 MEDICAL PLZ,SYNTH CITY 1,AZ,5551289546,True,,,29.25866116240474,False,True
HCP000452,5448806476,72872253641,FP8370970,ANDRE,D,REYES,,NP,207RC0000X,Cardiovascular Disease,CO315975,CO,90364,1452 MEDICAL PLZ,SYNTH CITY 2,CO,5559028671,True,,,3.8098629471812915,False,True
HCP000453,2912540921,10498168667,GA6689390,JENNIFER,A,HUFFMAN,,PA,208000000X,Pediatrics,TX714892,TX,90371,1453 MEDICAL PLZ,SYNTH CITY 3,TX,5556699580,True,,,2.6851718222769954,False,True
HCP000454,2630603688,35158095669,MR2261122,TRACY,K,ADAMS,,MD,207Q00000X,Family Medicine,FL280298,FL,90378,1454 MEDICAL PLZ,SYNTH CITY 4,FL,5553543850,True,,,13.019498256960247,False,True
HCP000455,3359598778,79678109575,GA2040827,DAWN,S,CASTILLO,,MD,207RX0202X,Medical Oncology,GA809238,GA,90385,1455 MEDICAL PLZ,SYNTH CITY 5,GA,5558314716,True,,,33.36104802044757,False,True
HCP000456,7048416359,56907470506,BB0299095,RICKY,P,KANE,,DO,207R00000X,Internal Medicine,NY263524,NY,90392,1456 MEDICAL PLZ,SYNTH CITY 6,NY,5553065662,True,,,2.0171650026952688,False,True
HCP000457,3680619285,73446474337,AF3614694,MORGAN,L,PARKER,,PA,207RR0500X,Rheumatology,NJ318615,NJ,90399,1457 MEDICAL PLZ,SYNTH CITY 7,NJ,5559239178,True,,,2.705831460666005,False,True
HCP000458,6182655798,73519987872,BG4779703,BRIAN,M,BURTON,,DO,207RC0000X,Cardiovascular Disease,MA980653,MA,90406,1458 MEDICAL PLZ,SYNTH CITY 8,MA,5553596810,True,,,42.64782486188611,False,True
HCP000459,3675451165,09378911678,GB7646280,CHAD,B,THOMPSON,,NP,208000000X,Pediatrics,PA833326,PA,90413,1459 MEDICAL PLZ,SYNTH CITY 9,PA,5559215747,True,,,5.318260824515477,False,True
HCP000460,1551348869,46472129023,PF8963561,EMILY,D,DUNLAP,,PA,207Q00000X,Family Medicine,IL650479,IL,90420,1460 MEDICAL PLZ,SYNTH CITY 10,IL,5558747398,True,,,1.5893801650017718,False,True
HCP000461,0932382563,67151064209,PR1021461,DYLAN,M,SOLOMON,,DO,207RX0202X,Medical Oncology,OH514628,OH,90427,1461 MEDICAL PLZ,SYNTH CITY 11,OH,5556312595,True,,,1.6536560370579179,False,True
HCP000462,9479186584,59474339828,MA7184940,MARK,L,GARNER,,DO,207R00000X,Internal Medicine,MI283693,MI,90434,1462 MEDICAL PLZ,SYNTH CITY 12,MI,5558774270,True,,,3.2118458615955388,False,True
HCP000463,7689415694,55006160834,FF5669186,JULIA,C,SAVAGE,,NP,207RR0500X,Rheumatology,MN266506,MN,90441,1463 MEDICAL PLZ,SYNTH CITY 13,MN,5552573165,True,,,5.072651263844391,False,True
HCP000464,6979073585,27860177854,AP9043772,REBECCA,E,REESE,,PA,207RC0000X,Cardiovascular Disease,CA767175,CA,90448,1464 MEDICAL PLZ,SYNTH CITY 14,CA,5552460841,True,,,1.9753743330235134,False,True
HCP000465,6857357464,87356988733,GF9886112,MEGAN,N,JIMENEZ,,NP,208000000X,Pediatrics,OR891863,OR,90455,1465 MEDICAL PLZ,SYNTH CITY 15,OR,5554009528,True,,,6.251577784523804,False,True
HCP000466,9985004834,32629870947,BP3729744,LISA,M,MOODY,,PA,207Q00000X,Family Medicine,WA848215,WA,90462,1466 MEDICAL PLZ,SYNTH CITY 16,WA,5559997246,True,,,6.87013406052732,False,True
HCP000467,0298085867,78510448080,GF5071758,AUSTIN,J,PRUITT,,DO,207RX0202X,Medical Oncology,AZ472980,AZ,90469,1467 MEDICAL PLZ,SYNTH CITY 17,AZ,5556966785,True,,,1.355930214563842,False,True
HCP000468,6189630067,10663785207,MF0894268,LINDA,C,CAMERON,JR,MD,207R00000X,Internal Medicine,CO470096,CO,90476,1468 MEDICAL PLZ,SYNTH CITY 18,CO,5555062674,True,,,3.0131149355337286,False,True
HCP000469,2523804559,32437880034,AR8475680,TRICIA,T,COHEN,,MD,207RR0500X,Rheumatology,TX632719,TX,90483,1469 MEDICAL PLZ,SYNTH CITY 19,TX,5554573255,True,,,4.923581136828589,False,True
HCP000470,9510304485,36001729492,FA8507868,RANDALL,D,FRAZIER,,DO,207RC0000X,Cardiovascular Disease,FL647322,FL,90490,1470 MEDICAL PLZ,SYNTH CITY 20,FL,5556506399,True,,,19.709959911112303,False,True
HCP000471,7264623613,35171546055,BF7559489,CINDY,P,BELL,,NP,208000000X,Pediatrics,GA141913,GA,90497,1471 MEDICAL PLZ,SYNTH CITY 21,GA,5557285263,True,,,12.897747887774017,False,True
HCP000472,1067203756,07746052848,GG9943613,PATRICK,S,CLARK,,PA,207Q00000X,Family Medicine,NY451273,NY,90504,1472 MEDICAL PLZ,SYNTH CITY 22,NY,5558870495,True,,,29.550361185538293,False,True
HCP000473,8036689429,08376763104,RM6244163,NICHOLAS,T,COLE,SR,PA,207RX0202X,Medical Oncology,NJ300354,NJ,90511,1473 MEDICAL PLZ,SYNTH CITY 23,NJ,5557112783,True,,,1.3601488968081252,False,True
HCP000474,7648487131,01064478546,FG2116840,MICHAEL,S,OCHOA,,NP,207R00000X,Internal Medicine,MA124218,MA,90518,1474 MEDICAL PLZ,SYNTH CITY 24,MA,5551737677,True,,,30.466676061451498,False,True
HCP000475,5020519067,27042044380,GB7571403,DEANNA,D,DECKER,,MD,207RR0500X,Rheumatology,PA432026,PA,90525,1475 MEDICAL PLZ,SYNTH CITY 25,PA,5558837386,False,2024-02-12,,2.6197907056073335,False,True
HCP000476,1620241806,35079713774,RB7475488,LAURA,J,CHAMBERS,,DO,207RC0000X,Cardiovascular Disease,IL774714,IL,90532,1476 MEDICAL PLZ,SYNTH CITY 26,IL,5558800923,True,,,3.336878808688486,False,True
HCP000477,3462047390,88787813840,PM9015153,JENNIFER,A,SANCHEZ,,MD,208000000X,Pediatrics,OH887482,OH,90539,1477 MEDICAL PLZ,SYNTH CITY 27,OH,5552384055,True,,,8.440049969677936,False,True
HCP000478,5782381136,54819329643,GP1134827,KRISTEN,M,JACKSON,,PA,207Q00000X,Family Medicine,MI904286,MI,90007,1478 MEDICAL PLZ,SYNTH CITY 1,OR,5558174785,True,,2024-03-21,1.6937435183622904,False,True
HCP000479,7398199720,64732642635,FR8471928,ANGELICA,K,WRIGHT,III,NP,207RX0202X,Medical Oncology,MN882216,MN,90553,1479 MEDICAL PLZ,SYNTH CITY 29,MN,5557447265,True,,,2.3718949976704846,False,True
HCP000480,0743811057,18406326994,PB8955508,ROBERT,A,CORTEZ,,MD,207R00000X,Internal Medicine,CA822046,CA,90560,1480 MEDICAL PLZ,SYNTH CITY 30,CA,5554264917,True,,,13.123078497821302,False,True
HCP000481,8325965811,26888840946,AR8918615,REBECCA,D,JORDAN,,MD,207RR0500X,Rheumatology,OR607074,OR,90567,1481 MEDICAL PLZ,SYNTH CITY 31,OR,5557097275,True,,,7.212486023143359,False,True
HCP000482,7735593379,38813711154,FA6826755,KENNETH,T,FARLEY,,PA,207RC0000X,Cardiovascular Disease,WA740592,WA,90574,1482 MEDICAL PLZ,SYNTH CITY 32,WA,5559124651,True,,,20.8296531051645,False,True
HCP000483,6262347506,16249284988,BP3996950,IVAN,D,FOX,,MD,208000000X,Pediatrics,AZ158871,AZ,90581,1483 MEDICAL PLZ,SYNTH CITY 33,AZ,5557509202,True,,,2.0137028682651943,False,True
HCP000484,9321521277,55487181043,PM0477565,LYDIA,J,CLAYTON,,NP,207Q00000X,Family Medicine,CO150550,CO,90588,1484 MEDICAL PLZ,SYNTH CITY 34,CO,5557257372,True,,,1.2538110507833018,False,True
HCP000485,2656960244,11193933495,AB9189255,VICTORIA,C,MYERS,,MD,207RX0202X,Medical Oncology,TX387368,TX,90595,1485 MEDICAL PLZ,SYNTH CITY 35,TX,5559460851,True,,,3.5441719551211435,False,True
HCP000486,3718217136,41210641362,FP6734880,MONICA,M,WARD,,PA,207R00000X,Internal Medicine,FL341794,FL,90602,1486 MEDICAL PLZ,SYNTH CITY 36,FL,5555511782,True,,,8.04110040232315,False,True
HCP000487,0241867965,54409862912,AF3739355,MARY,A,KELLY,,PA,207RR0500X,Rheumatology,GA943989,GA,90609,1487 MEDICAL PLZ,SYNTH CITY 37,GA,5552057147,True,,,33.4338254810304,False,True
HCP000488,0209386677,96263853673,PB2860632,MARY,M,WARD,,PA,207RC0000X,Cardiovascular Disease,NY492199,NY,90616,1488 MEDICAL PLZ,SYNTH CITY 38,NY,5553670087,True,,,39.23677628729832,True,True
HCP000489,7514666958,33637791374,MP8224590,MARIE,M,LAWSON,,NP,208000000X,Pediatrics,NJ707851,NJ,90623,1489 MEDICAL PLZ,SYNTH CITY 39,NJ,5553247269,True,,,9.75229913692969,False,True
HCP000490,6668800397,09088235712,PP1888261,ALEJANDRA,S,TOWNSEND,SR,NP,207Q00000X,Family Medicine,MA278879,MA,90630,1490 MEDICAL PLZ,SYNTH CITY 40,MA,5552675833,True,,,11.008529647558492,False,True
HCP000491,2329245247,14331901193,GP0016968,AARON,R,PAYNE,,PA,207RX0202X,Medical Oncology,PA244132,PA,90637,1491 MEDICAL PLZ,SYNTH CITY 41,PA,5558148408,True,,,5.592388732767173,False,True
HCP000492,8881792831,24911974497,RA5705096,TRAVIS,J,SCHWARTZ,,MD,207R00000X,Internal Medicine,IL823470,IL,90644,1492 MEDICAL PLZ,SYNTH CITY 42,IL,5552765982,True,,,24.897188359429016,False,True
HCP000493,3162586226,25308661235,PR5347347,STEVEN,R,MORRIS,,NP,207RR0500X,Rheumatology,OH359765,OH,90651,1493 MEDICAL PLZ,SYNTH CITY 43,OH,5551544746,True,,,2.775646881518584,False,True
HCP000494,9726433094,99281359248,GM4025029,ANGEL,J,SUAREZ,,MD,207RC0000X,Cardiovascular Disease,MI606764,MI,90658,1494 MEDICAL PLZ,SYNTH CITY 44,MI,5552844229,True,,,2.253680681082369,False,True
HCP000495,0209756192,50404247201,PM9817007,MICHAEL,R,FORD,SR,NP,208000000X,Pediatrics,MN377146,MN,90665,1495 MEDICAL PLZ,SYNTH CITY 45,MN,5559868725,True,,,1.0222446341148017,False,True
HCP000496,6749608066,78658252184,AP9638723,BRIAN,M,HARRINGTON,,NP,207Q00000X,Family Medicine,CA132826,CA,90672,1496 MEDICAL PLZ,SYNTH CITY 46,CA,5553066559,True,,,6.727650658722259,False,True
HCP000497,3122808611,02325611642,BA8853239,KATHERINE,M,LAWSON,,DO,207RX0202X,Medical Oncology,OR338762,OR,90679,1497 MEDICAL PLZ,SYNTH CITY 47,OR,5558287943,True,,,2.862523060354403,False,True
HCP000498,9130156257,52711331096,PA7374221,ERNEST,S,MITCHELL,,PA,207R00000X,Internal Medicine,WA846116,WA,90686,1498 MEDICAL PLZ,SYNTH CITY 48,WA,5552502950,True,,,9.44500452119904,True,True
HCP000499,3425520459,08470007279,MR9786213,JUAN,K,YANG,,MD,207RR0500X,Rheumatology,AZ554416,AZ,90693,1499 MEDICAL PLZ,SYNTH CITY 49,AZ,5555487484,True,,,6.311207829108392,False,True
HCP000500,9991742492,45743932335,MA8216279,MELISSA,W,CASTANEDA,,DO,207RC0000X,Cardiovascular Disease,CO411462,CO,90700,1500 MEDICAL PLZ,SYNTH CITY 0,CO,5556519161,True,,,59.74398966912049,False,True
HCP000501,3157720186,58201121625,FM6581535,KYLIE,A,GREEN,,PA,208000000X,Pediatrics,TX820611,TX,90707,1501 MEDICAL PLZ,SYNTH CITY 1,TX,5554834482,True,,,2.953238093616985,False,True
HCP000502,1220591014,31063328377,AB8841296,APRIL,A,RIVERA,,MD,207Q00000X,Family Medicine,FL372925,FL,90714,1502 MEDICAL PLZ,SYNTH CITY 2,FL,5555334669,True,,,17.13964261110166,False,True
HCP000503,3394409817,49561153907,MR9836142,LISA,C,NGUYEN,,MD,207RX0202X,Medical Oncology,GA612065,GA,90721,1503 MEDICAL PLZ,SYNTH CITY 3,GA,5554608230,True,,,12.120615823117982,False,True
HCP000504,2566401362,34073542191,RA0998741,ANGELA,T,ORTIZ,,NP,207R00000X,Internal Medicine,NY131456,NY,90728,1504 MEDICAL PLZ,SYNTH CITY 4,NY,5551695973,True,,,3.447549539126205,False,True
HCP000505,5456235881,45939767766,FF5869645,AARON,I,WOODS,,DO,207RR0500X,Rheumatology,NJ323918,NJ,90735,1505 MEDICAL PLZ,SYNTH CITY 5,NJ,5552816855,True,,,0.914756050702245,False,True
HCP000506,3906495577,88573306289,RB6755435,CARMEN,B,MCGUIRE,III,MD,207RC0000X,Cardiovascular Disease,MA623868,MA,90742,1506 MEDICAL PLZ,SYNTH CITY 6,MA,5553429767,True,,,37.90857317332135,False,True
HCP000507,4461108068,52516705607,GF4667070,KRISTEN,L,JONES,,MD,208000000X,Pediatrics,PA719683,PA,90749,1507 MEDICAL PLZ,SYNTH CITY 7,PA,5555973294,True,,,1.5223083519737715,False,True
HCP000508,6869055841,85922551641,GM0962789,KRISTI,M,PATEL,,MD,207Q00000X,Family Medicine,IL287825,IL,90756,1508 MEDICAL PLZ,SYNTH CITY 8,IL,5558880227,True,,,58.84953159807931,False,True
HCP000509,3235720653,76774356553,AF8777927,LAUREN,C,CRAWFORD,,MD,207RX0202X,Medical Oncology,OH487473,OH,90763,1509 MEDICAL PLZ,SYNTH CITY 9,OH,5552266539,True,,,41.65013777186146,False,True
HCP000510,3434048112,27365176276,PP3903652,JAMES,D,HART,,PA,207R00000X,Internal Medicine,MI711892,MI,90770,1510 MEDICAL PLZ,SYNTH CITY 10,MI,5555771930,True,,,7.310053001798981,False,True
HCP000511,7392611472,59329328808,MB5211158,PAMELA,K,WILLIAMS,SR,NP,207RR0500X,Rheumatology,MN851750,MN,90777,1511 MEDICAL PLZ,SYNTH CITY 11,MN,5557594004,True,,,30.84424510729965,False,True
HCP000512,5008215290,98229608164,AP6867995,JOSE,J,GOOD,,MD,207RC0000X,Cardiovascular Disease,CA198644,CA,90784,1512 MEDICAL PLZ,SYNTH CITY 12,CA,5552047115,True,,,1.8122800207597356,False,True
HCP000513,8328769137,65320590464,MM9673101,ELAINE,J,JOHNSON,,PA,208000000X,Pediatrics,OR652030,OR,90791,1513 MEDICAL PLZ,SYNTH CITY 13,OR,5557052267,True,,,26.08979490890038,False,True
HCP000514,8973922734,19192425015,MR8977399,TIFFANY,C,LOZANO,,MD,207Q00000X,Family Medicine,WA544572,WA,90798,1514 MEDICAL PLZ,SYNTH CITY 14,WA,5556713574,True,,,10.22545758137411,False,True
HCP000515,5865061357,25333017141,GM4725250,JESSICA,C,HOFFMAN,,PA,207RX0202X,Medical Oncology,AZ344685,AZ,90805,1515 MEDICAL PLZ,SYNTH CITY 15,AZ,5553323731,True,,,14.747181268790012,False,True
HCP000516,2455392409,94176950968,AG4281029,WILLIAM,J,WILSON,,MD,207R00000X,Internal Medicine,CO455493,CO,90812,1516 MEDICAL PLZ,SYNTH CITY 16,CO,5555966598,True,,,31.325242438566047,False,True
HCP000517,0621470398,74370738791,BR3864007,COURTNEY,S,COLLINS,JR,PA,207RR0500X,Rheumatology,TX663849,TX,90819,1517 MEDICAL PLZ,SYNTH CITY 17,TX,5557463524,True,,,26.594014938237027,False,True
HCP000518,5987886806,03196067389,RA4744346,TRACY,J,WERNER,,MD,207RC0000X,Cardiovascular Disease,FL224785,FL,90826,1518 MEDICAL PLZ,SYNTH CITY 18,FL,5557944178,True,,,3.6939938960071097,False,True
HCP000519,2663465492,88157037996,AA8711187,SIERRA,J,DAVIS,,PA,208000000X,Pediatrics,GA931319,GA,90833,1519 MEDICAL PLZ,SYNTH CITY 19,GA,5555795854,True,,,1.178867388672791,False,True
HCP000520,2059036311,14963921854,MR2997101,CARLOS,P,WHITNEY,,NP,207Q00000X,Family Medicine,NY105651,NY,90840,1520 MEDICAL PLZ,SYNTH CITY 20,NY,5554359632,True,,,0.7296250801173472,False,True
HCP000521,8996104450,01932498066,RR7638999,BRIAN,Z,PRUITT,,NP,207RX0202X,Medical Oncology,NJ316173,NJ,90847,1521 MEDICAL PLZ,SYNTH CITY 21,NJ,5551287866,True,,,5.990598928845443,False,True
HCP000522,3856364948,08193869366,BP1811410,JOSHUA,M,HARRIS,,MD,207R00000X,Internal Medicine,MA139627,MA,90854,1522 MEDICAL PLZ,SYNTH CITY 22,MA,5552237802,True,,,21.01576143937407,False,True
HCP000523,0968408506,14489668256,BR2038328,BRENT,K,CAMPBELL,,MD,207RR0500X,Rheumatology,PA389194,PA,90861,1523 MEDICAL PLZ,SYNTH CITY 23,PA,5551016645,True,,,7.346038131252767,False,True
HCP000524,2666380896,64126544089,BF6019158,MICHAEL,S,ROSS,,NP,207RC0000X,Cardiovascular Disease,IL746097,IL,90868,1524 MEDICAL PLZ,SYNTH CITY 24,IL,5554641450,True,,,6.429849184836497,False,True
HCP000525,7772226081,24715016562,BF1827162,DERRICK,R,SCHROEDER,,DO,208000000X,Pediatrics,OH212172,OH,90875,1525 MEDICAL PLZ,SYNTH CITY 25,OH,5557776540,True,,,1.2980785573117433,False,True
HCP000526,6963284586,20652260794,GG0634083,DERRICK,G,HOWARD,,MD,207Q00000X,Family Medicine,MI567964,MI,90882,1526 MEDICAL PLZ,SYNTH CITY 26,MI,5551301058,True,,,5.022291823824244,False,True
HCP000527,3062819727,58492793135,MG9569932,JOSHUA,M,HENSLEY,,NP,207RX0202X,Medical Oncology,MN728493,MN,90889,1527 MEDICAL PLZ,SYNTH CITY 27,MN,5556946853,True,,,20.11208715532651,False,True
HCP000528,9071898743,28773446712,AG6270866,LAUREN,C,THOMAS,,NP,207R00000X,Internal Medicine,CA771913,CA,90896,1528 MEDICAL PLZ,SYNTH CITY 28,CA,5552629138,True,,,13.058562151195728,False,True
HCP000529,2669592828,90419389173,AB5862237,BOBBY,R,HURST,SR,MD,207RR0500X,Rheumatology,OR965105,OR,90903,1529 MEDICAL PLZ,SYNTH CITY 29,OR,5555542045,True,,,7.542064872095484,False,True
HCP000530,4278694235,67273469575,FR9384757,KIMBERLY,T,CARTER,,NP,207RC0000X,Cardiovascular Disease,WA556614,WA,90910,1530 MEDICAL PLZ,SYNTH CITY 30,WA,5558191581,True,,,10.611722428514586,False,True
HCP000531,1730941287,40508424131,MR4008321,DAVID,T,ALLEN,III,MD,208000000X,Pediatrics,AZ162143,AZ,90917,1531 MEDICAL PLZ,SYNTH CITY 31,AZ,5557305178,True,,,3.9842359919695074,False,True
HCP000532,3795336015,66299019049,MF0350543,CHARLOTTE,D,ROSS,,PA,207Q00000X,Family Medicine,CO631779,CO,90924,1532 MEDICAL PLZ,SYNTH CITY 32,CO,5555264423,True,,,12.509833064505848,False,True
HCP000533,4632711659,86815974930,PF0209891,NICHOLAS,M,WILLIAMS,,PA,207RX0202X,Medical Oncology,TX701988,TX,90931,1533 MEDICAL PLZ,SYNTH CITY 33,TX,5559568919,True,,,10.758652575959394,False,True
HCP000534,1677881371,34068836164,RM0872213,MICHELLE,T,FLEMING,,PA,207R00000X,Internal Medicine,FL425981,FL,90938,1534 MEDICAL PLZ,SYNTH CITY 34,FL,5554291947,True,,,3.067021156368508,False,True
HCP000535,8782900160,26251936454,AP6208397,CARRIE,K,WALKER,,PA,207RR0500X,Rheumatology,GA131890,GA,90945,1535 MEDICAL PLZ,SYNTH CITY 35,GA,5553211760,True,,,33.63408485277877,False,True
HCP000536,6040367859,29770542029,RP1616021,HEATHER,M,NOBLE,,PA,207RC0000X,Cardiovascular Disease,NY118269,NY,90952,1536 MEDICAL PLZ,SYNTH CITY 36,NY,5557655398,True,,,3.452212299914436,False,True
HCP000537,0315567798,12609917547,MF5129152,ASHLEY,M,TAYLOR,,NP,208000000X,Pediatrics,NJ601774,NJ,90959,1537 MEDICAL PLZ,SYNTH CITY 37,NJ,5556558611,True,,,13.85566760796234,False,True
HCP000538,3255933764,77955240577,MP6746655,LESLIE,D,JONES,,DO,207Q00000X,Family Medicine,MA566890,MA,90966,1538 MEDICAL PLZ,SYNTH CITY 38,MA,5556808595,True,,,7.402190644371845,False,True
HCP000539,5841938520,91986154196,AF8441199,JACQUELINE,K,RICHARDSON,,NP,207RX0202X,Medical Oncology,PA892576,PA,90973,1539 MEDICAL PLZ,SYNTH CITY 39,PA,5556036975,True,,,13.593929050777207,True,True
HCP000540,8734590531,91777430015,AM6305838,KATHERINE,R,AVILA,,NP,207R00000X,Internal Medicine,IL899376,IL,90980,1540 MEDICAL PLZ,SYNTH CITY 40,IL,5558952677,True,,,30.50157350804413,False,True
HCP000541,9923691981,69290046123,AB1996610,MICHAEL,K,SMITH,,DO,207RR0500X,Rheumatology,OH827030,OH,90987,1541 MEDICAL PLZ,SYNTH CITY 41,OH,5554328670,True,,,60.38628660312306,False,True
HCP000542,3768435307,53726296547,FP1892294,SELENA,S,SMITH,,DO,207RC0000X,Cardiovascular Disease,MI732827,MI,90994,1542 MEDICAL PLZ,SYNTH CITY 42,MI,5559053605,True,,,7.445849688690258,False,True
HCP000543,4871554992,87375879404,RM7650403,LEROY,N,POWELL,,MD,208000000X,Pediatrics,MN688990,MN,91001,1543 MEDICAL PLZ,SYNTH CITY 43,MN,5553038285,True,,,9.90816019418561,False,True
HCP000544,2041546211,02862977879,FP1381531,CHRISTOPHER,B,GONZALEZ,,NP,207Q00000X,Family Medicine,CA707868,CA,91008,1544 MEDICAL PLZ,SYNTH CITY 44,CA,5552183279,True,,,35.25463914873184,True,True
HCP000545,3302438593,00946208675,FF7233599,AMY,D,CHAPMAN,,PA,207RX0202X,Medical Oncology,OR381751,OR,91015,1545 MEDICAL PLZ,SYNTH CITY 45,OR,5554206949,True,,,15.593809959525693,False,True
HCP000546,8609465447,33268896461,PG1433003,WILLIAM,J,TAPIA,,DO,207R00000X,Internal Medicine,WA396380,WA,91022,1546 MEDICAL PLZ,SYNTH CITY 46,WA,5559236882,True,,,4.086024590301498,False,True
HCP000547,8530263168,98090499002,BB4358535,AMANDA,S,THOMAS,,PA,207RR0500X,Rheumatology,AZ349808,AZ,91029,1547 MEDICAL PLZ,SYNTH CITY 47,AZ,5559264378,True,,,42.30178499521415,False,True
HCP000548,8025303578,11179639456,MG4366471,BILLY,B,DIAZ,,NP,207RC0000X,Cardiovascular Disease,CO748326,CO,91036,1548 MEDICAL PLZ,SYNTH CITY 48,CO,5558769013,True,,,21.709679556734123,False,True
HCP000549,6518331213,27824879411,MA4399453,SEAN,J,GALLOWAY,,NP,208000000X,Pediatrics,TX913258,TX,91043,1549 MEDICAL PLZ,SYNTH CITY 49,TX,5552545213,True,,,5.288977886401429,False,True
HCP000550,2369401015,37475294808,PB7782873,DIAMOND,A,AGUIRRE,,DO,207Q00000X,Family Medicine,FL906929,FL,91050,1550 MEDICAL PLZ,SYNTH CITY 0,FL,5558539214,True,,,5.523365111279666,False,True
HCP000551,1771679739,83975219858,PF8740733,MOLLY,B,LANE,,MD,207RX0202X,Medical Oncology,GA841511,GA,91057,1551 MEDICAL PLZ,SYNTH CITY 1,GA,5553636013,True,,,10.409117434856483,False,True
HCP000552,5393659557,44705576413,BB7471942,TANYA,J,MAXWELL,,NP,207R00000X,Internal Medicine,NY254892,NY,91064,1552 MEDICAL PLZ,SYNTH CITY 2,NY,5559911137,True,,,7.356074264160823,False,True
HCP000553,1979282856,82519377512,MG5250406,GREGORY,R,BULLOCK,,DO,207RR0500X,Rheumatology,NJ245832,NJ,91071,1553 MEDICAL PLZ,SYNTH CITY 3,NJ,5553117024,True,,,0.5382789199133209,False,True
HCP000554,8259180700,85619848120,BP4687331,TODD,R,POTTS,,NP,207RC0000X,Cardiovascular Disease,MA549707,MA,91078,1554 MEDICAL PLZ,SYNTH CITY 4,MA,5558635348,True,,,2.8088471844102854,False,True
HCP000555,3144394822,52362749284,AM2157260,JOHN,G,ROMERO,,MD,208000000X,Pediatrics,PA421994,PA,91085,1555 MEDICAL PLZ,SYNTH CITY 5,PA,5555570620,True,,,31.654886146072307,False,True
HCP000556,0560105898,66575741094,FF0902430,CHRISTOPHER,K,TERRY,,DO,207Q00000X,Family Medicine,IL879240,IL,91092,1556 MEDICAL PLZ,SYNTH CITY 6,IL,5554241696,True,,,21.53446180753043,False,True
HCP000557,0703709176,88773282453,FM3913847,CAROLYN,A,DODSON,,NP,207RX0202X,Medical Oncology,OH313900,OH,91099,1557 MEDICAL PLZ,SYNTH CITY 7,OH,5557748056,True,,,8.068236130432549,False,True
HCP000558,1011952201,53033166932,PF6783617,EMILY,B,MILLER,,MD,207R00000X,Internal Medicine,MI516332,MI,91106,1558 MEDICAL PLZ,SYNTH CITY 8,MI,5551687014,True,,,1.2921200031164797,False,True
HCP000559,5662752133,00130618504,AR5831247,JOHNATHAN,C,BROWN,,DO,207RR0500X,Rheumatology,MN309916,MN,91113,1559 MEDICAL PLZ,SYNTH CITY 9,MN,5555460307,True,,,5.877962607811139,False,True
HCP000560,3367928892,96728748067,AF5286241,JASON,D,RUSSELL,,MD,207RC0000X,Cardiovascular Disease,CA349119,CA,91120,1560 MEDICAL PLZ,SYNTH CITY 10,CA,5553201956,True,,,11.209704022566378,False,True
HCP000561,2147562476,50971239529,AP8308931,CHARLES,P,REYES,,DO,208000000X,Pediatrics,OR566731,OR,91127,1561 MEDICAL PLZ,SYNTH CITY 11,OR,5554203115,True,,,1.9058740044587252,False,True
HCP000562,8789024576,76775017884,MB5177097,RICHARD,K,TURNER,SR,PA,207Q00000X,Family Medicine,WA190740,WA,91134,1562 MEDICAL PLZ,SYNTH CITY 12,WA,5559301829,True,,,4.717608892074816,False,True
HCP000563,6339446554,94945591518,GR2161332,MARK,D,LUCAS,,PA,207RX0202X,Medical Oncology,AZ454516,AZ,91141,1563 MEDICAL PLZ,SYNTH CITY 13,AZ,5553529287,True,,,4.414005746316407,False,True
HCP000564,1699148684,65261443699,MF9988877,KIMBERLY,K,HARRIS,,DO,207R00000X,Internal Medicine,CO898174,CO,91148,1564 MEDICAL PLZ,SYNTH CITY 14,CO,5556711865,True,,,53.27091505876165,False,True
HCP000565,6912966457,55337646245,BB5949878,ERICA,K,TRAN,,MD,207RR0500X,Rheumatology,TX387675,TX,91155,1565 MEDICAL PLZ,SYNTH CITY 15,TX,5556099593,True,,,1.8394195410524319,False,True
HCP000566,0017694510,59395134082,MR4657036,MICHAEL,L,RAMSEY,,NP,207RC0000X,Cardiovascular Disease,FL102514,FL,91162,1566 MEDICAL PLZ,SYNTH CITY 16,FL,5551109415,True,,,46.08452464507243,False,True
HCP000567,1430067227,55047586855,GB4141494,CHAD,J,LYONS,,PA,208000000X,Pediatrics,GA289332,GA,91169,1567 MEDICAL PLZ,SYNTH CITY 17,GA,5558508692,True,,,9.350479173539627,False,True
HCP000568,7265056235,09880539760,RG1894663,BRANDON,J,SHANNON,,PA,207Q00000X,Family Medicine,NY718194,NY,91176,1568 MEDICAL PLZ,SYNTH CITY 18,NY,5554242417,True,,,2.458180265166684,True,True
HCP000569,9575017667,36513858549,GA4634843,SHELBY,J,JACKSON,,PA,207RX0202X,Medical Oncology,NJ369924,NJ,91183,1569 MEDICAL PLZ,SYNTH CITY 19,NJ,5555235683,True,,,8.380902945442985,False,True
HCP000570,6623171348,65100677830,BP7507828,JAMES,C,IRWIN,,NP,207R00000X,Internal Medicine,MA180531,MA,91190,1570 MEDICAL PLZ,SYNTH CITY 20,MA,5556822748,True,,,12.836990096130815,False,True
HCP000571,1232540660,76244946509,MB0930602,JOHN,D,WARD,III,NP,207RR0500X,Rheumatology,PA375357,PA,91197,1571 MEDICAL PLZ,SYNTH CITY 21,PA,5553572715,True,,,2.2589693125058017,False,True
HCP000572,5608902784,12362501737,PR1984115,CHRISTOPHER,M,HARRIS,,MD,207RC0000X,Cardiovascular Disease,IL606863,IL,91204,1572 MEDICAL PLZ,SYNTH CITY 22,IL,5558745096,True,,,23.093757641149878,False,True
HCP000573,2498946724,44407979402,PA5031115,JOSEPH,K,PERKINS,,NP,208000000X,Pediatrics,OH452776,OH,91211,1573 MEDICAL PLZ,SYNTH CITY 23,OH,5557632510,True,,,69.15475730178997,False,True
HCP000574,5972914175,82315065597,BM8860480,SAMUEL,J,HUBBARD,,NP,207Q00000X,Family Medicine,MI409684,MI,91218,1574 MEDICAL PLZ,SYNTH CITY 24,MI,5559799687,True,,,35.96592894577977,False,True
HCP000575,6933021134,88958468101,PG2701497,LAUREN,A,GEORGE,,NP,207RX0202X,Medical Oncology,MN503074,MN,91225,1575 MEDICAL PLZ,SYNTH CITY 25,MN,5558971835,True,,,2.5468164778288327,False,True
HCP000576,3363501594,72840096190,FP0969882,ANNA,C,STRONG,,MD,207R00000X,Internal Medicine,CA697869,CA,91232,1576 MEDICAL PLZ,SYNTH CITY 26,CA,5551530716,True,,,5.460804206304361,False,True
HCP000577,2194553733,46606829019,PP6245050,PAUL,M,SAUNDERS,,MD,207RR0500X,Rheumatology,OR173849,OR,91239,1577 MEDICAL PLZ,SYNTH CITY 27,OR,5559610357,True,,,2.3260569431669627,False,True
HCP000578,9774064239,08906085077,RG9653267,DAVID,E,WHITE,JR,DO,207RC0000X,Cardiovascular Disease,WA818951,WA,91246,1578 MEDICAL PLZ,SYNTH CITY 28,WA,5557216952,True,,,5.473372029227524,True,True
HCP000579,1021558972,95253347190,BM1774497,DEBBIE,D,CROSS,,NP,208000000X,Pediatrics,AZ135871,AZ,91253,1579 MEDICAL PLZ,SYNTH CITY 29,AZ,5553266331,True,,,22.560380552860764,False,True
HCP000580,6881390051,76126422584,RM4747971,WESLEY,C,DAVILA,,PA,207Q00000X,Family Medicine,CO610550,CO,91260,1580 MEDICAL PLZ,SYNTH CITY 30,CO,5553204875,True,,,12.21510724646721,False,True
HCP000581,8236031695,50425465909,PM8020733,KATHERINE,M,WAGNER,,NP,207RX0202X,Medical Oncology,TX942748,TX,91267,1581 MEDICAL PLZ,SYNTH CITY 31,TX,5553988649,True,,,53.24671301703655,False,True
HCP000582,8128556106,17901817732,GG8592226,KATHERINE,E,GILBERT,,PA,207R00000X,Internal Medicine,FL989349,FL,90672,1582 MEDICAL PLZ,SYNTH CITY 46,CA,5559626123,True,,2024-03-17,12.744952930219055,False,True
HCP000583,0508445950,60578258541,AM9676352,VERONICA,R,MARTIN,,NP,207RR0500X,Rheumatology,GA988564,GA,91281,1583 MEDICAL PLZ,SYNTH CITY 33,GA,5553125786,True,,,28.972534627639405,False,True
HCP000584,2974350193,89818209260,BR5918890,ASHLEY,P,AGUILAR,,MD,207RC0000X,Cardiovascular Disease,NY157125,NY,91288,1584 MEDICAL PLZ,SYNTH CITY 34,NY,5558302596,True,,,4.63871929054701,False,True
HCP000585,6032271887,56334905350,RG9156706,MATTHEW,T,HARTMAN,,MD,208000000X,Pediatrics,NJ151583,NJ,91295,1585 MEDICAL PLZ,SYNTH CITY 35,NJ,5557896875,True,,,42.92528682765669,False,True
HCP000586,7721751569,53228373564,PR8907743,CHARLES,C,JOHNSON,,PA,207Q00000X,Family Medicine,MA168145,MA,91302,1586 MEDICAL PLZ,SYNTH CITY 36,MA,5556239260,True,,,66.35656875353195,False,True
HCP000587,5794121363,92836128555,BR3090820,ERIC,A,HOWELL,,NP,207RX0202X,Medical Oncology,PA237673,PA,91309,1587 MEDICAL PLZ,SYNTH CITY 37,PA,5553701599,True,,,5.247225605795682,False,True
HCP000588,2403887377,55995245630,PR0347733,JESSE,K,LEONARD,,DO,207R00000X,Internal Medicine,IL336293,IL,91316,1588 MEDICAL PLZ,SYNTH CITY 38,IL,5551542154,True,,,2.5676616029669503,False,True
HCP000589,7054937314,28677560671,GG3002226,LYNN,B,JOHNSON,,MD,207RR0500X,Rheumatology,OH689876,OH,91323,1589 MEDICAL PLZ,SYNTH CITY 39,OH,5559410931,True,,,6.875756365519007,False,True
HCP000590,8111308762,09721684044,FR3266653,LYNN,S,BENNETT,,MD,207RC0000X,Cardiovascular Disease,MI620416,MI,91330,1590 MEDICAL PLZ,SYNTH CITY 40,MI,5554655055,True,,,72.38805164748632,False,True
HCP000591,2207372014,49671465943,RF5010490,DANIELLE,K,DUARTE,III,MD,208000000X,Pediatrics,MN910610,MN,91337,1591 MEDICAL PLZ,SYNTH CITY 41,MN,5556267544,True,,,39.23938778317013,False,True
HCP000592,1231596614,70290433227,AA2830564,MARIA,A,WARD,,PA,207Q00000X,Family Medicine,CA920195,CA,91344,1592 MEDICAL PLZ,SYNTH CITY 42,CA,5559675400,True,,,11.793515440355382,False,True
HCP000593,3690781711,05383712937,RR0279971,ALEXIS,J,BARRON,,PA,207RX0202X,Medical Oncology,OR592311,OR,91351,1593 MEDICAL PLZ,SYNTH CITY 43,OR,5552654884,True,,,12.748268003175792,False,True
HCP000594,2123435234,83819264671,FG2382150,THERESA,R,SANCHEZ,,MD,207R00000X,Internal Medicine,WA208430,WA,91358,1594 MEDICAL PLZ,SYNTH CITY 44,WA,5556904377,True,,,10.607617221608951,False,True
HCP000595,8042653526,17526985910,FB9157105,THOMAS,T,HARRIS,III,PA,207RR0500X,Rheumatology,AZ642291,AZ,91365,1595 MEDICAL PLZ,SYNTH CITY 45,AZ,5557312593,True,,,48.55670017206508,False,True
HCP000596,2978474676,17770499248,RF8810017,MARTHA,M,SMITH,,MD,207RC0000X,Cardiovascular Disease,CO641879,CO,91372,1596 MEDICAL PLZ,SYNTH CITY 46,CO,5557705795,True,,,14.350692187644375,False,True
HCP000597,9658025595,48884128370,GR2020612,COREY,A,HAYES,,NP,208000000X,Pediatrics,TX937753,TX,91379,1597 MEDICAL PLZ,SYNTH CITY 47,TX,5559381535,True,,,7.12563819824237,False,True
HCP000598,7506256040,27407515269,FP0480904,KRISTEN,J,DANIEL,SR,NP,207Q00000X,Family Medicine,FL750139,FL,91386,1598 MEDICAL PLZ,SYNTH CITY 48,FL,5553843368,True,,,53.62799844736349,False,True
HCP000599,8163929846,44138907266,RM8864333,GREGORY,L,LEWIS,,DO,207RX0202X,Medical Oncology,GA343155,GA,91393,1599 MEDICAL PLZ,SYNTH CITY 49,GA,5554137720,True,,,34.13480186309728,False,True
HCP000600,9605239877,96509832994,BP6955163,TRAVIS,J,RAMIREZ,,DO,207R00000X,Internal Medicine,CA291329,CA,90000,1600 MEDICAL PLZ,SYNTH CITY 0,CA,5559645075,True,,,1.5482947071154984,False,True
HCP000601,9667466772,95565490812,MM9202532,JOEL,V,MELENDEZ,,NP,207RR0500X,Rheumatology,OR774690,OR,90007,1601 MEDICAL PLZ,SYNTH CITY 1,OR,5554682505,True,,,0.270813077751979,False,True
HCP000602,7204542295,21028469019,GM3862602,JERMAINE,B,MARSH,,NP,207RC0000X,Cardiovascular Disease,WA182136,WA,90014,1602 MEDICAL PLZ,SYNTH CITY 2,WA,5559158097,True,,,4.424706267065525,False,True
HCP000603,8631672655,33888434766,GM8648978,KATHLEEN,J,HUYNH,,MD,208000000X,Pediatrics,AZ429220,AZ,90021,1603 MEDICAL PLZ,SYNTH CITY 3,AZ,5557601436,True,,,7.800045768666414,False,True
HCP000604,6529117270,55078901836,FB6215117,SUSAN,A,BOOKER,,MD,207Q00000X,Family Medicine,CO244347,CO,90028,1604 MEDICAL PLZ,SYNTH CITY 4,CO,5554516633,True,,,4.0070745000078505,False,True
HCP000605,3844160788,60267068085,MA6437204,ERIC,M,NGUYEN,,PA,207RX0202X,Medical Oncology,TX705001,TX,90035,1605 MEDICAL PLZ,SYNTH CITY 5,TX,5559406580,True,,,10.26314125259582,False,True
HCP000606,4777505882,46240109840,FG1698880,VERONICA,D,SIMPSON,,MD,207R00000X,Internal Medicine,FL232660,FL,90042,1606 MEDICAL PLZ,SYNTH CITY 6,FL,5556086897,True,,,5.96497272818948,False,True
HCP000607,7557913804,01649562311,AR0550851,ALAN,J,SULLIVAN,,NP,207RR0500X,Rheumatology,GA471358,GA,90049,1607 MEDICAL PLZ,SYNTH CITY 7,GA,5554646406,True,,,15.234503851678337,False,True
HCP000608,0362326098,79021071386,MA9076488,JOSEPH,A,WANG,,MD,207RC0000X,Cardiovascular Disease,NY812488,NY,90056,1608 MEDICAL PLZ,SYNTH CITY 8,NY,5558386693,True,,,21.427312530905397,False,True
HCP000609,5492916619,39086729250,RM1614593,JACOB,B,HOLMES,,PA,208000000X,Pediatrics,NJ818376,NJ,90063,1609 MEDICAL PLZ,SYNTH CITY 9,NJ,5551531656,True,,,5.018323581767781,False,True
HCP000610,0281247854,02207352516,PF2721394,KATHRYN,J,CLINE,,DO,207Q00000X,Family Medicine,MA698090,MA,90070,1610 MEDICAL PLZ,SYNTH CITY 10,MA,5554949606,True,,,5.75016783569838,False,True
HCP000611,5928753487,76151934841,RM6044252,JESSICA,S,JOHNSON,,NP,207RX0202X,Medical Oncology,PA351519,PA,90077,1611 MEDICAL PLZ,SYNTH CITY 11,PA,5552867789,True,,,2.098506828534008,True,True
HCP000612,0857469031,87640789326,AA8945512,MORGAN,N,GILBERT,,DO,207R00000X,Internal Medicine,IL749084,IL,90084,1612 MEDICAL PLZ,SYNTH CITY 12,IL,5552750048,True,,,11.55494197172954,False,True
HCP000613,9852636841,82936710976,FA2563229,MIKE,R,HILL,,MD,207RR0500X,Rheumatology,OH512289,OH,90091,1613 MEDICAL PLZ,SYNTH CITY 13,OH,5555116538,True,,,2.3822364130175058,False,True
HCP000614,4413949114,94253107615,RP4065957,MARK,A,FRAZIER,,DO,207RC0000X,Cardiovascular Disease,MI462409,MI,90098,1614 MEDICAL PLZ,SYNTH CITY 14,MI,5553663370,True,,,1.4419247171395237,False,True
HCP000615,4124437433,92004605396,FM1431365,NANCY,J,REED,,NP,208000000X,Pediatrics,MN595281,MN,90105,1615 MEDICAL PLZ,SYNTH CITY 15,MN,5558864440,True,,,6.179484360960203,False,True
HCP000616,9828802253,10435228821,RM4624371,RONALD,J,LYONS,,MD,207Q00000X,Family Medicine,CA207972,CA,90112,1616 MEDICAL PLZ,SYNTH CITY 16,CA,5558390938,True,,,3.284083121891813,False,True
HCP000617,8518665293,90173558645,PF1491198,MICHELE,P,MELTON,,NP,207RX0202X,Medical Oncology,OR804256,OR,90357,1617 MEDICAL PLZ,SYNTH CITY 1,AZ,5557605552,True,,2024-02-03,1.5142912030343307,False,True
HCP000618,8646895069,84736681544,PA5382204,BRANDON,B,HINES,,MD,207R00000X,Internal Medicine,WA460510,WA,90126,1618 MEDICAL PLZ,SYNTH CITY 18,WA,5556446619,True,,,211.96458571296145,False,True
HCP000619,6810698509,44571004574,GR7631950,STEPHANIE,W,COOKE,,PA,207RR0500X,Rheumatology,AZ575636,AZ,90322,1619 MEDICAL PLZ,SYNTH CITY 46,MI,5558064721,True,,2024-02-03,37.7510564095454,False,True
HCP000620,4726712175,40872878100,GP9956201,SHANNON,N,OROZCO,,NP,207RC0000X,Cardiovascular Disease,CO794127,CO,90140,1620 MEDICAL PLZ,SYNTH CITY 20,CO,5552332746,True,,,10.918674075667521,False,True
HCP000621,9661160108,41545453953,AM3244857,JESSICA,A,LOWE,,MD,208000000X,Pediatrics,TX438668,TX,90147,1621 MEDICAL PLZ,SYNTH CITY 21,TX,5557438623,True,,,5.613099292517698,False,True
HCP000622,1127149999,17148494395,BM7801676,MARIA,M,SMITH,,NP,207Q00000X,Family Medicine,FL933365,FL,90154,1622 MEDICAL PLZ,SYNTH CITY 22,FL,5554309074,True,,,4.440201102451653,False,True
HCP000623,7090404857,05030209796,GB9942339,KIMBERLY,J,BARRON,,PA,207RX0202X,Medical Oncology,GA786264,GA,90161,1623 MEDICAL PLZ,SYNTH CITY 23,GA,5552738836,True,,,5.411435617070205,False,True
HCP000624,4094274311,63679521105,BB7381305,JAMES,M,WILLIAMS,,NP,207R00000X,Internal Medicine,NY892398,NY,90168,1624 MEDICAL PLZ,SYNTH CITY 24,NY,5555908928,True,,,4.867946715008869,False,True
HCP000625,9246902263,77461529334,RR4978935,MICHAEL,J,MASON,,DO,207RR0500X,Rheumatology,NJ145887,NJ,90175,1625 MEDICAL PLZ,SYNTH CITY 25,NJ,5552936465,True,,,2.0723637780500854,False,True
HCP000626,8488968362,38516945994,PM6733082,LISA,C,ROBERTS,,NP,207RC0000X,Cardiovascular Disease,MA876802,MA,90182,1626 MEDICAL PLZ,SYNTH CITY 26,MA,5558810853,True,,,30.723082621102357,False,True
HCP000627,0029120165,28335137697,FP8675924,DEBRA,L,BARNETT,,NP,208000000X,Pediatrics,PA206520,PA,91267,1627 MEDICAL PLZ,SYNTH CITY 31,TX,5553035334,True,,2024-02-17,47.55449328388125,False,True
HCP000628,7007085492,46852858419,MF8095501,JOHN,A,EWING,,MD,207Q00000X,Family Medicine,IL699236,IL,90196,1628 MEDICAL PLZ,SYNTH CITY 28,IL,5557717798,True,,,4.519105448573549,False,True
HCP000629,2994480350,38659079653,BG8414095,MARISA,J,MANN,,NP,207RX0202X,Medical Oncology,OH559862,OH,90203,1629 MEDICAL PLZ,SYNTH CITY 29,OH,5556327894,True,,,7.772487611741329,False,True
HCP000630,9605101200,58881790888,FB7672195,RICHARD,J,GONZALES,,DO,207R00000X,Internal Medicine,MI336743,MI,90210,1630 MEDICAL PLZ,SYNTH CITY 30,MI,5559062662,True,,,22.874956066272922,False,True
HCP000631,7034418443,82897876796,MA9712238,PAMELA,S,HARRIS,,PA,207RR0500X,Rheumatology,MN434041,MN,90217,1631 MEDICAL PLZ,SYNTH CITY 31,MN,5558972476,True,,,1.7027665661986617,False,True
HCP000632,7931451729,17040396513,FM2963154,JENNIFER,T,GARZA,,NP,207RC0000X,Cardiovascular Disease,CA850307,CA,90224,1632 MEDICAL PLZ,SYNTH CITY 32,CA,5555726590,True,,,5.323546944912246,False,True
HCP000633,7931220520,23977683050,BP5655322,JOHN,M,HAMILTON,,MD,208000000X,Pediatrics,OR583410,OR,90231,1633 MEDICAL PLZ,SYNTH CITY 33,OR,5555233722,True,,,8.086885519837779,True,True
HCP000634,5036961337,64434694193,AG7222898,KATRINA,C,DAVIS,,DO,207Q00000X,Family Medicine,WA880025,WA,90238,1634 MEDICAL PLZ,SYNTH CITY 34,WA,5559922536,True,,,18.178177537412296,False,True
HCP000635,6394730728,73477174967,FB7059974,TROY,R,TAYLOR,,PA,207RX0202X,Medical Oncology,AZ270976,AZ,90245,1635 MEDICAL PLZ,SYNTH CITY 35,AZ,5557621849,True,,,22.80428640721371,False,True
HCP000636,7913400074,40824939508,AM4153050,JAY,J,KELLER,,NP,207R00000X,Internal Medicine,CO955230,CO,90252,1636 MEDICAL PLZ,SYNTH CITY 36,CO,5559389544,True,,,26.733060759013988,False,True
HCP000637,0342141047,09148538391,MA9308994,ROBERT,D,RANDALL,JR,MD,207RR0500X,Rheumatology,TX242920,TX,90259,1637 MEDICAL PLZ,SYNTH CITY 37,TX,5556068447,True,,,30.753710257974028,False,True
HCP000638,7481826213,52968771580,GB7908390,KEVIN,D,GRAHAM,,PA,207RC0000X,Cardiovascular Disease,FL171505,FL,90266,1638 MEDICAL PLZ,SYNTH CITY 38,FL,5552440629,True,,,8.013523552371051,False,True
HCP000639,3465646669,80448024846,BR7071579,ERICA,T,HAWKINS,,NP,208000000X,Pediatrics,GA335828,GA,90273,1639 MEDICAL PLZ,SYNTH CITY 39,GA,5557413388,True,,,1.971480844919272,False,True
HCP000640,1880354257,27566776442,GM7737431,KIMBERLY,J,HENRY,,MD,207Q00000X,Family Medicine,NY169232,NY,90280,1640 MEDICAL PLZ,SYNTH CITY 40,NY,5553447640,True,,,27.821821705545982,False,True
HCP000641,9924223271,42814339538,PB4443890,CURTIS,J,SNYDER,,DO,207RX0202X,Medical Oncology,NJ536687,NJ,90287,1641 MEDICAL PLZ,SYNTH CITY 41,NJ,5551918630,True,,,24.113603743632687,False,True
HCP000642,3498932532,01976122653,PP7162294,JEFFERY,T,SIMON,,PA,207R00000X,Internal Medicine,MA349315,MA,90294,1642 MEDICAL PLZ,SYNTH CITY 42,MA,5552637720,True,,,15.79743649730354,False,True
HCP000643,3704640192,80086538643,FM6842552,JULIE,K,GREEN,,MD,207RR0500X,Rheumatology,PA173971,PA,90301,1643 MEDICAL PLZ,SYNTH CITY 43,PA,5559693333,True,,,2.0587273139337467,False,True
HCP000644,7426413168,34030791654,PM2763761,MACKENZIE,M,ROJAS,,MD,207RC0000X,Cardiovascular Disease,IL465675,IL,90308,1644 MEDICAL PLZ,SYNTH CITY 44,IL,5555153934,True,,,16.819302111793096,False,True
HCP000645,7934040925,21364680455,BB3693530,SAMANTHA,R,REYNOLDS,,MD,208000000X,Pediatrics,OH703807,OH,90315,1645 MEDICAL PLZ,SYNTH CITY 45,OH,5553326432,True,,,0.49614120056212696,False,True
HCP000646,2803546748,49611023064,MG2693358,TASHA,B,OLIVER,,MD,207Q00000X,Family Medicine,MI188591,MI,90322,1646 MEDICAL PLZ,SYNTH CITY 46,MI,5554656871,False,2024-03-11,,2.4585806668225607,False,True
HCP000647,2739824946,64873401908,BG7939481,JERRY,J,CORTEZ,,NP,207RX0202X,Medical Oncology,MN823102,MN,90329,1647 MEDICAL PLZ,SYNTH CITY 47,MN,5554221306,True,,,6.124799043486789,False,True
HCP000648,5015223634,71920363306,BA7969453,JENNIFER,S,DIXON,,NP,207R00000X,Internal Medicine,CA124044,CA,90336,1648 MEDICAL PLZ,SYNTH CITY 48,CA,5556220619,True,,,1.4146058126171979,False,True
HCP000649,8896218905,20902917558,AA1490441,ADAM,D,MALONE,,DO,207RR0500X,Rheumatology,OR569103,OR,90343,1649 MEDICAL PLZ,SYNTH CITY 49,OR,5559379188,True,,,9.632766580989006,False,True
HCP000650,8989974356,80253430447,AG8230584,ANTONIO,J,PARK,,DO,207RC0000X,Cardiovascular Disease,WA458796,WA,90350,1650 MEDICAL PLZ,SYNTH CITY 0,WA,5557873493,True,,,5.750920223953731,False,True
HCP000651,2642790572,75623544697,AF0862850,JENNIFER,L,TURNER,,MD,208000000X,Pediatrics,AZ572079,AZ,90357,1651 MEDICAL PLZ,SYNTH CITY 1,AZ,5559058702,True,,,0.23422139346793638,True,True
HCP000652,5306005658,93317771176,AM9723747,GREGORY,B,COWAN,,PA,207Q00000X,Family Medicine,CO540783,CO,90364,1652 MEDICAL PLZ,SYNTH CITY 2,CO,5555576544,True,,,3.9473565705934655,False,True
HCP000653,5387370955,66360197125,AF3122062,BRIAN,C,GRIFFIN,,MD,207RX0202X,Medical Oncology,TX206449,TX,90371,1653 MEDICAL PLZ,SYNTH CITY 3,TX,5559181859,True,,,11.947869233050808,False,True
HCP000654,0370138873,69727779508,AM7178632,ANGELA,M,HAMILTON,,NP,207R00000X,Internal Medicine,FL252623,FL,90378,1654 MEDICAL PLZ,SYNTH CITY 4,FL,5554023212,True,,,44.43464672068838,False,True
HCP000655,0878663224,35477932016,PM9682386,YOLANDA,J,WEBB,,DO,207RR0500X,Rheumatology,GA365857,GA,90385,1655 MEDICAL PLZ,SYNTH CITY 5,GA,5556499840,True,,,7.129811927634771,False,True
HCP000656,0565269061,92237129924,FF1060601,KATHRYN,J,WOODS,,MD,207RC0000X,Cardiovascular Disease,NY399034,NY,90392,1656 MEDICAL PLZ,SYNTH CITY 6,NY,5553794089,False,2024-03-05,,17.318622158384173,False,True
HCP000657,4020011373,14942218624,GA9757196,LORI,A,MCDONALD,,PA,208000000X,Pediatrics,NJ359510,NJ,90399,1657 MEDICAL PLZ,SYNTH CITY 7,NJ,5557174190,True,,,2.5757591685908454,False,True
HCP000658,1573303595,51158207563,AF4482315,JENNIFER,K,JACKSON,,PA,207Q00000X,Family Medicine,MA486805,MA,90406,1658 MEDICAL PLZ,SYNTH CITY 8,MA,5557632747,True,,,9.731893576887755,False,True
HCP000659,8676748055,31707762163,FB3883101,AMBER,G,WADE,,NP,207RX0202X,Medical Oncology,PA804340,PA,90413,1659 MEDICAL PLZ,SYNTH CITY 9,PA,5553992428,True,,,3.1962928111466886,False,True
HCP000660,8567820138,15702506730,GR2882505,JONATHAN,C,HERNANDEZ,,MD,207R00000X,Internal Medicine,IL698437,IL,90420,1660 MEDICAL PLZ,SYNTH CITY 10,IL,5551594106,True,,,4.912874305634454,False,True
HCP000661,2700681580,99869005696,BR0079510,DEREK,B,DIAZ,,NP,207RR0500X,Rheumatology,OH394073,OH,90427,1661 MEDICAL PLZ,SYNTH CITY 11,OH,5552930905,True,,,9.828305017987407,False,True
HCP000662,6587226633,35168942416,GA5724877,KEITH,H,BURNS,,DO,207RC0000X,Cardiovascular Disease,MI505057,MI,90434,1662 MEDICAL PLZ,SYNTH CITY 12,MI,5552298265,True,,,4.263762768481365,False,True
HCP000663,0484551110,29373878203,MM7924416,MATTHEW,J,SHANNON,,MD,208000000X,Pediatrics,MN199382,MN,90441,1663 MEDICAL PLZ,SYNTH CITY 13,MN,5552562299,True,,,14.294058785500766,False,True
HCP000664,8404226135,77507429844,RB4533123,AMBER,J,GATES,,MD,207Q00000X,Family Medicine,CA861895,CA,90448,1664 MEDICAL PLZ,SYNTH CITY 14,CA,5554166229,True,,,20.75745745431651,False,True
HCP000665,9063442427,15504703940,GF2088608,BRIAN,M,HUDSON,,PA,207RX0202X,Medical Oncology,OR489213,OR,90455,1665 MEDICAL PLZ,SYNTH CITY 15,OR,5553125826,True,,,1.129909306148779,False,True
HCP000666,2249192206,45695170827,BF6600958,COLLEEN,I,HUBER,,NP,207R00000X,Internal Medicine,WA928847,WA,90462,1666 MEDICAL PLZ,SYNTH CITY 16,WA,5557395308,True,,,20.19804856270435,False,True
HCP000667,6798183292,02502193340,GR8207895,AMY,L,COLEMAN,,NP,207RR0500X,Rheumatology,AZ781280,AZ,90469,1667 MEDICAL PLZ,SYNTH CITY 17,AZ,5553559310,True,,,0.9293242320326385,False,True
HCP000668,9598710165,12360805916,GP5841694,CHRISTINA,T,BLACK,,NP,207RC0000X,Cardiovascular Disease,CO812462,CO,90476,1668 MEDICAL PLZ,SYNTH CITY 18,CO,5556066992,True,,,3.075764096837078,False,True
HCP000669,8570005305,06949401033,GG8082911,MAURICE,S,GREEN,,PA,208000000X,Pediatrics,TX516621,TX,90483,1669 MEDICAL PLZ,SYNTH CITY 19,TX,5552487177,True,,,5.61977774526538,False,True
HCP000670,6146599827,27212998272,AB1660141,DANIEL,F,COLEMAN,,DO,207Q00000X,Family Medicine,FL104840,FL,90490,1670 MEDICAL PLZ,SYNTH CITY 20,FL,5557313426,True,,,21.224962811229886,False,True
HCP000671,3510200470,40623957397,GM6126475,MICHAEL,S,HORTON,,MD,207RX0202X,Medical Oncology,GA428208,GA,90497,1671 MEDICAL PLZ,SYNTH CITY 21,GA,5558113866,False,2024-02-04,,23.365650783444117,False,True
HCP000672,3437688930,57282980338,PA8231150,LYNN,T,AUSTIN,,MD,207R00000X,Internal Medicine,NY683414,NY,90504,1672 MEDICAL PLZ,SYNTH CITY 22,NY,5559876205,True,,,2.8631393539111127,False,True
HCP000673,3123767097,47049617131,MR0627132,GEORGE,S,JORDAN,,PA,207RR0500X,Rheumatology,NJ208394,NJ,90511,1673 MEDICAL PLZ,SYNTH CITY 23,NJ,5556398513,True,,,12.225602418576983,False,True
HCP000674,2691381257,97133452398,RM5215470,BRYAN,B,HAWKINS,,PA,207RC0000X,Cardiovascular Disease,MA420600,MA,90518,1674 MEDICAL PLZ,SYNTH CITY 24,MA,5559320181,True,,,8.937776921594528,False,True
HCP000675,0704105648,30107615419,RP8585118,TIMOTHY,K,KHAN,,DO,208000000X,Pediatrics,PA503051,PA,90525,1675 MEDICAL PLZ,SYNTH CITY 25,PA,5551752238,True,,,15.039484439003198,False,True
HCP000676,0161587114,74540002894,AA8385818,CHRISTOPHER,K,VANG,,NP,207Q00000X,Family Medicine,IL394453,IL,90532,1676 MEDICAL PLZ,SYNTH CITY 26,IL,5556425515,True,,,10.040478688770479,False,True
HCP000677,7804741644,66969821567,GR8550768,SANDRA,F,GRAY,,MD,207RX0202X,Medical Oncology,OH540347,OH,90539,1677 MEDICAL PLZ,SYNTH CITY 27,OH,5556286847,True,,,9.064845041828061,False,True
HCP000678,7456730192,22436555855,RA8130583,KEVIN,C,CROSBY,,NP,207R00000X,Internal Medicine,MI998776,MI,90546,1678 MEDICAL PLZ,SYNTH CITY 28,MI,5557435181,True,,,37.614697337802035,False,True
HCP000679,8662413532,73357144228,GM0223859,DANIELLE,P,GARCIA,,DO,207RR0500X,Rheumatology,MN833782,MN,90553,1679 MEDICAL PLZ,SYNTH CITY 29,MN,5556494228,True,,,3.6718715335050507,False,True
HCP000680,5650373835,08149923562,GP7888594,ANDREA,G,BLACKWELL,,MD,207RC0000X,Cardiovascular Disease,CA940292,CA,90560,1680 MEDICAL PLZ,SYNTH CITY 30,CA,5558396799,True,,,2.2609939483156754,False,True
HCP000681,6447809370,51732083335,GG2284987,JUSTIN,A,ASHLEY,SR,DO,208000000X,Pediatrics,OR741728,OR,90567,1681 MEDICAL PLZ,SYNTH CITY 31,OR,5551973476,True,,,1.3253132762737037,False,True
HCP000682,1048072007,46067061468,GG8224103,LINDSAY,L,MILLER,,NP,207Q00000X,Family Medicine,WA537370,WA,90574,1682 MEDICAL PLZ,SYNTH CITY 32,WA,5555466718,True,,,2.434789903384206,False,True
HCP000683,0922692831,29307118319,BM2567468,SANDRA,D,TRAN,,DO,207RX0202X,Medical Oncology,AZ577990,AZ,90581,1683 MEDICAL PLZ,SYNTH CITY 33,AZ,5559708527,True,,,19.80921649055792,False,True
HCP000684,2486086277,32079638265,PR3017318,JENNIFER,J,ARROYO,,NP,207R00000X,Internal Medicine,CO674150,CO,90588,1684 MEDICAL PLZ,SYNTH CITY 34,CO,5559862845,True,,,14.008175759415236,False,True
HCP000685,9579114254,82717674181,GB8553727,PATRICIA,S,JOHNSON,,NP,207RR0500X,Rheumatology,TX378458,TX,90595,1685 MEDICAL PLZ,SYNTH CITY 35,TX,5559367491,True,,,17.139025213470354,False,True
HCP000686,8918742650,02343826399,PP6550995,NICOLAS,R,GILLESPIE,,MD,207RC0000X,Cardiovascular Disease,FL851043,FL,90602,1686 MEDICAL PLZ,SYNTH CITY 36,FL,5555584904,True,,,25.62607184910524,False,True
HCP000687,9961783674,53267317103,PP3597702,MICHAEL,J,WILKERSON,,DO,208000000X,Pediatrics,GA549622,GA,90609,1687 MEDICAL PLZ,SYNTH CITY 37,GA,5555964234,True,,,12.780743440547504,False,True
HCP000688,5767933620,83062345104,FM7619707,TERRY,K,KING,,PA,207Q00000X,Family Medicine,NY897477,NY,90616,1688 MEDICAL PLZ,SYNTH CITY 38,NY,5559676609,True,,,15.581053797419528,False,True
HCP000689,9529476878,07572521500,GR7014402,MARK,C,MONTGOMERY,,NP,207RX0202X,Medical Oncology,NJ451452,NJ,90623,1689 MEDICAL PLZ,SYNTH CITY 39,NJ,5556143721,True,,,2.1215806342405763,True,True
HCP000690,2456952557,86532059098,GF5804060,SUSAN,C,ROWLAND,,PA,207R00000X,Internal Medicine,MA304510,MA,90630,1690 MEDICAL PLZ,SYNTH CITY 40,MA,5555616776,True,,,2.4231338582277053,True,True
HCP000691,6425156430,40202784634,PB3120884,CAROLYN,G,HURLEY,SR,NP,207RR0500X,Rheumatology,PA242728,PA,90637,1691 MEDICAL PLZ,SYNTH CITY 41,PA,5558634448,True,,,7.654236125048629,False,True
HCP000692,2132857592,89697312512,MF6906817,ZACHARY,B,BARKER,,MD,207RC0000X,Cardiovascular Disease,IL492050,IL,90644,1692 MEDICAL PLZ,SYNTH CITY 42,IL,5554302491,True,,,17.448703397847662,False,True
HCP000693,1766362747,03294009102,BA9078617,DAWN,E,HARRIS,,DO,208000000X,Pediatrics,OH805787,OH,90651,1693 MEDICAL PLZ,SYNTH CITY 43,OH,5556218758,True,,,2.3815201837553577,False,True
HCP000694,1185736257,48662447105,PP8326087,LISA,C,LOZANO,,DO,207Q00000X,Family Medicine,MI996418,MI,90658,1694 MEDICAL PLZ,SYNTH CITY 44,MI,5551130927,True,,,4.450910743551158,False,True
HCP000695,7725687918,62098124888,PM2649471,AMANDA,S,BAILEY,,NP,207RX0202X,Medical Oncology,MN779270,MN,91169,1695 MEDICAL PLZ,SYNTH CITY 17,GA,5555355985,True,,2024-03-22,0.9888339079114024,False,True
HCP000696,6627509808,41098766463,AF2341441,REGINALD,N,MILLER,,DO,207R00000X,Internal Medicine,CA102245,CA,90672,1696 MEDICAL PLZ,SYNTH CITY 46,CA,5557327847,True,,,1.5768083171279408,False,True
HCP000697,0834660926,71528788106,MR6831040,DEBORAH,J,THOMAS,,NP,207RR0500X,Rheumatology,OR632013,OR,90679,1697 MEDICAL PLZ,SYNTH CITY 47,OR,5557115493,True,,,12.114509464441273,False,True
HCP000698,7328386884,90430887663,MR2319552,TOM,A,SCHROEDER,,MD,207RC0000X,Cardiovascular Disease,WA406970,WA,90686,1698 MEDICAL PLZ,SYNTH CITY 48,WA,5557859907,True,,,12.771886347917883,False,True
HCP000699,1232909188,34145920229,BR1840678,CINDY,M,LEE,,MD,208000000X,Pediatrics,AZ498253,AZ,90693,1699 MEDICAL PLZ,SYNTH CITY 49,AZ,5559043421,True,,,9.85804793081228,False,True
HCP000700,8703008812,43179424916,AF4317644,JASON,M,GUZMAN,,MD,207Q00000X,Family Medicine,CO370973,CO,90700,1700 MEDICAL PLZ,SYNTH CITY 0,CO,5558743103,True,,,24.616781120172448,False,True
HCP000701,0284679053,95378169651,GR7438928,CHARLES,J,FARRELL,,DO,207RX0202X,Medical Oncology,TX696941,TX,90707,1701 MEDICAL PLZ,SYNTH CITY 1,TX,5555469938,True,,,1.3046914440904551,False,True
HCP000702,6258691065,51905862692,RM0383943,JONATHAN,V,RODRIGUEZ,,PA,207R00000X,Internal Medicine,FL802870,FL,90714,1702 MEDICAL PLZ,SYNTH CITY 2,FL,5553257124,True,,,100.17453728345316,True,True
HCP000703,6964815933,08837116786,AM4238150,JASON,G,WRIGHT,,NP,207RR0500X,Rheumatology,GA893805,GA,90721,1703 MEDICAL PLZ,SYNTH CITY 3,GA,5558699474,True,,,15.192150845827596,False,True
HCP000704,1035804727,71188455575,AA8710255,NICHOLAS,T,PATTERSON,,MD,207RC0000X,Cardiovascular Disease,NY498838,NY,90728,1704 MEDICAL PLZ,SYNTH CITY 4,NY,5553099288,True,,,3.0570910257941213,True,True
HCP000705,3850207762,01135094109,MR7987882,SHEILA,J,MORSE,,NP,208000000X,Pediatrics,NJ194735,NJ,90735,1705 MEDICAL PLZ,SYNTH CITY 5,NJ,5552003610,True,,,1.23753965739814,False,True
HCP000706,1072023488,14235511283,MG3049935,STEPHANIE,M,SPARKS,,DO,207Q00000X,Family Medicine,MA928086,MA,90742,1706 MEDICAL PLZ,SYNTH CITY 6,MA,5558686288,True,,,4.829531954558789,False,True
HCP000707,8524847935,97075694952,MB8148045,TREVOR,C,BAKER,,DO,207RX0202X,Medical Oncology,PA436958,PA,90749,1707 MEDICAL PLZ,SYNTH CITY 7,PA,5553478718,True,,,26.129718455331513,False,True
HCP000708,2297966766,84000075923,GP9759142,ANGELA,A,STEVENSON,,MD,207R00000X,Internal Medicine,IL387957,IL,90756,1708 MEDICAL PLZ,SYNTH CITY 8,IL,5558369368,True,,,1.314628666753423,False,True
HCP000709,2376224400,23066285314,RA0492751,DOUGLAS,D,COWAN,,PA,207RR0500X,Rheumatology,OH696413,OH,90763,1709 MEDICAL PLZ,SYNTH CITY 9,OH,5557079793,True,,,5.348075354314956,False,True
HCP000710,3331047894,44263495367,MA2193499,WENDY,J,BLAKE,,MD,207RC0000X,Cardiovascular Disease,MI652602,MI,90770,1710 MEDICAL PLZ,SYNTH CITY 10,MI,5552507720,True,,,11.802386495364845,False,True
HCP000711,2612419848,59490147481,PG2679073,SEAN,J,BENNETT,,NP,208000000X,Pediatrics,MN458596,MN,90777,1711 MEDICAL PLZ,SYNTH CITY 11,MN,5553519417,True,,,2.4927779255629883,False,True
HCP000712,0668176668,83169728835,PB3401622,VINCENT,K,HUERTA,,NP,207Q00000X,Family Medicine,CA332521,CA,90784,1712 MEDICAL PLZ,SYNTH CITY 12,CA,5556864871,True,,,27.96699572655569,False,True
HCP000713,8339478439,42957633902,PG6025349,JENNIFER,K,MONROE,,MD,207RX0202X,Medical Oncology,OR635929,OR,90791,1713 MEDICAL PLZ,SYNTH CITY 13,OR,5559640372,True,,,6.786705255699304,False,True
HCP000714,6227388611,52064643028,PG0970219,MATTHEW,L,ROBINSON,,MD,207R00000X,Internal Medicine,WA678066,WA,90798,1714 MEDICAL PLZ,SYNTH CITY 14,WA,5553453177,True,,,1.5488662576498424,False,True
HCP000715,1355775853,74384373472,AF1305526,TARA,C,COOPER,SR,MD,207RR0500X,Rheumatology,AZ870367,AZ,90805,1715 MEDICAL PLZ,SYNTH CITY 15,AZ,5553722871,True,,,40.86525082154714,False,True
HCP000716,9138470270,25383898754,AA3609900,MATTHEW,C,JACKSON,,PA,207RC0000X,Cardiovascular Disease,CO268498,CO,90812,1716 MEDICAL PLZ,SYNTH CITY 16,CO,5557311527,True,,,1.0223131985661067,False,True
HCP000717,9225462693,69761566104,PF6986700,GINA,M,SANTIAGO,,NP,208000000X,Pediatrics,TX633163,TX,90819,1717 MEDICAL PLZ,SYNTH CITY 17,TX,5553575352,True,,,62.60680934949697,False,True
HCP000718,8919516046,81519312378,PM2996734,MEAGAN,D,SANCHEZ,,PA,207Q00000X,Family Medicine,FL873882,FL,90826,1718 MEDICAL PLZ,SYNTH CITY 18,FL,5559402569,True,,,4.596931850498486,False,True
HCP000719,7322791907,57368262757,MM0813586,ZACHARY,J,JONES,,MD,207RX0202X,Medical Oncology,GA631876,GA,90833,1719 MEDICAL PLZ,SYNTH CITY 19,GA,5557456088,True,,,1.6122183488638522,False,True
HCP000720,9230256858,98488321945,BF4517320,SHEILA,M,RAMIREZ,,MD,207R00000X,Internal Medicine,NY869345,NY,90840,1720 MEDICAL PLZ,SYNTH CITY 20,NY,5559572219,True,,,15.05832286874082,False,True
HCP000721,5671732027,45083767211,BG6798349,DONNA,M,HAHN,,NP,207RR0500X,Rheumatology,NJ222548,NJ,90847,1721 MEDICAL PLZ,SYNTH CITY 21,NJ,5557056002,True,,,23.032880082317195,False,True
HCP000722,2933369326,49469299431,AR4623862,AMY,J,WHITE,,MD,207RC0000X,Cardiovascular Disease,MA132553,MA,90854,1722 MEDICAL PLZ,SYNTH CITY 22,MA,5553702490,True,,,8.58182060405405,False,True
HCP000723,9600888454,26464596996,RB5001147,LUIS,V,HAYES,,MD,208000000X,Pediatrics,PA492449,PA,90861,1723 MEDICAL PLZ,SYNTH CITY 23,PA,5554882472,True,,,5.412674464212412,False,True
HCP000724,0393691536,66567003599,PF5140947,LAURIE,K,BELL,,NP,207Q00000X,Family Medicine,IL164426,IL,90868,1724 MEDICAL PLZ,SYNTH CITY 24,IL,5554317060,False,2024-02-10,,3.6809209061290047,False,True
HCP000725,2660109796,56764096821,RP8492741,SARAH,D,SANTANA,,MD,207RX0202X,Medical Oncology,OH738037,OH,90875,1725 MEDICAL PLZ,SYNTH CITY 25,OH,5557946271,True,,,30.85406518366702,False,True
HCP000726,3919566554,74477645541,GG0961258,KARA,D,CHOI,,MD,207R00000X,Internal Medicine,MI575158,MI,90882,1726 MEDICAL PLZ,SYNTH CITY 26,MI,5558446314,True,,,8.781127998092767,False,True
HCP000727,8972990021,54460527104,GG8637520,SUSAN,L,SIMS,,PA,207RR0500X,Rheumatology,MN517289,MN,90889,1727 MEDICAL PLZ,SYNTH CITY 27,MN,5555065792,True,,,85.6138048006313,False,True
HCP000728,3983822305,73331196628,BR5374267,JOANN,C,SMITH,,DO,207RC0000X,Cardiovascular Disease,CA463395,CA,90896,1728 MEDICAL PLZ,SYNTH CITY 28,CA,5558869376,True,,,101.34522748473202,False,True
HCP000729,3083169912,86788171961,FR6287028,MICHAEL,P,JAMES,SR,PA,208000000X,Pediatrics,OR600789,OR,90903,1729 MEDICAL PLZ,SYNTH CITY 29,OR,5559780562,True,,,46.47863598108379,False,True
HCP000730,5810708060,45674307249,PF4361992,JEFFREY,B,SAUNDERS,,MD,207Q00000X,Family Medicine,WA679246,WA,90910,1730 MEDICAL PLZ,SYNTH CITY 30,WA,5551378427,True,,,16.16303008990524,False,True
HCP000731,8616021936,59134732747,FG0001301,WILLIAM,S,JAMES,,PA,207RX0202X,Medical Oncology,AZ951825,AZ,90917,1731 MEDICAL PLZ,SYNTH CITY 31,AZ,5552061303,True,,,18.233610909223483,False,True
HCP000732,9237926057,66668089935,FP4360323,JACK,K,LEE,III,DO,207R00000X,Internal Medicine,CO422928,CO,90924,1732 MEDICAL PLZ,SYNTH CITY 32,CO,5552345306,True,,,16.688104315277396,False,True
HCP000733,4926978907,24051438668,BB7702206,SARAH,C,JOSEPH,,MD,207RR0500X,Rheumatology,TX785556,TX,90931,1733 MEDICAL PLZ,SYNTH CITY 33,TX,5555474327,True,,,2.657343339447581,False,True
HCP000734,5189087369,60992423286,PP7187107,JAMES,V,PETERS,,DO,207RC0000X,Cardiovascular Disease,FL880744,FL,90938,1734 MEDICAL PLZ,SYNTH CITY 34,FL,5554273271,True,,,2.7045394157794935,False,True
HCP000735,3074537408,55435689060,FP5899668,KATHRYN,A,GILBERT,,DO,208000000X,Pediatrics,GA769888,GA,91274,1735 MEDICAL PLZ,SYNTH CITY 32,FL,5554160833,True,,2024-02-06,28.285190150531204,False,True
HCP000736,1792138913,86040376760,MG5276400,ALEXANDER,G,MILLS,,PA,207Q00000X,Family Medicine,NY751109,NY,90952,1736 MEDICAL PLZ,SYNTH CITY 36,NY,5555368497,True,,,38.92256453829206,False,True
HCP000737,2085697193,62669936806,RA7048977,SHARON,J,HOWARD,,NP,207RX0202X,Medical Oncology,NJ948848,NJ,90959,1737 MEDICAL PLZ,SYNTH CITY 37,NJ,5556425816,True,,,1.6848274809817654,False,True
HCP000738,0188868471,12248178661,MB2869439,TIMOTHY,A,WATKINS,,MD,207R00000X,Internal Medicine,MA573384,MA,90966,1738 MEDICAL PLZ,SYNTH CITY 38,MA,5558352439,True,,,4.038405343542899,False,True
HCP000739,8861770021,80648469132,BM0316744,CARRIE,R,FERNANDEZ,,DO,207RR0500X,Rheumatology,PA939723,PA,90973,1739 MEDICAL PLZ,SYNTH CITY 39,PA,5551370390,True,,,9.814350917431167,False,True
HCP000740,7389619801,00634757102,BF7112311,BRIAN,L,SANCHEZ,,MD,207RC0000X,Cardiovascular Disease,IL852962,IL,90980,1740 MEDICAL PLZ,SYNTH CITY 40,IL,5551163874,True,,,4.988177137407509,False,True
HCP000741,0603663887,97533826534,AM0025289,PAUL,R,JOHNSON,,MD,208000000X,Pediatrics,OH229306,OH,90987,1741 MEDICAL PLZ,SYNTH CITY 41,OH,5554126275,True,,,16.656324875675253,False,True
HCP000742,9994765128,69628072645,FG9849865,TIMOTHY,D,PRESTON,,MD,207Q00000X,Family Medicine,MI244175,MI,90994,1742 MEDICAL PLZ,SYNTH CITY 42,MI,5558725134,True,,,28.4588798805105,False,True
HCP000743,2749938116,57389042642,BF1169591,THOMAS,N,LESTER,,NP,207RX0202X,Medical Oncology,MN155813,MN,91001,1743 MEDICAL PLZ,SYNTH CITY 43,MN,5556436610,True,,,16.012189969890567,False,True
HCP000744,3722868767,22103884339,AA0809159,CLINTON,H,HAMILTON,,NP,207R00000X,Internal Medicine,CA835341,CA,91008,1744 MEDICAL PLZ,SYNTH CITY 44,CA,5559165965,True,,,2.7459433644610463,False,True
HCP000745,0914268319,39246621120,GM6926807,KEVIN,N,SMITH,,PA,207RR0500X,Rheumatology,OR513289,OR,91015,1745 MEDICAL PLZ,SYNTH CITY 45,OR,5556037823,True,,,4.40912354638952,False,True
HCP000746,6483479294,83255508315,MA9696029,STEPHANIE,D,COLE,,MD,207RC0000X,Cardiovascular Disease,WA583254,WA,91022,1746 MEDICAL PLZ,SYNTH CITY 46,WA,5556347175,True,,,11.015924036851704,False,True
HCP000747,0253096529,72390216419,GB9618093,CALVIN,R,FRENCH,,DO,208000000X,Pediatrics,AZ603668,AZ,91029,1747 MEDICAL PLZ,SYNTH CITY 47,AZ,5556471839,True,,,3.1184747148873035,False,True
HCP000748,5288269710,85072885608,MF0598070,JOSEPH,C,WOOD,SR,MD,207Q00000X,Family Medicine,CO892304,CO,91036,1748 MEDICAL PLZ,SYNTH CITY 48,CO,5556664619,True,,,117.96469916291082,False,True
HCP000749,7724481123,23286470633,BA6892717,KATHY,C,SMITH,,MD,207RX0202X,Medical Oncology,TX798997,TX,91043,1749 MEDICAL PLZ,SYNTH CITY 49,TX,5555203850,True,,,0.6860973229792315,False,True
HCP000750,5407757223,80570973598,PR7990634,SHERI,J,CUNNINGHAM,,PA,207R00000X,Internal Medicine,FL470641,FL,91050,1750 MEDICAL PLZ,SYNTH CITY 0,FL,5557284003,True,,,16.190004166693615,False,True
HCP000751,3580969525,95413533098,BA8885772,DEBORAH,W,MCCALL,,PA,207RR0500X,Rheumatology,GA974005,GA,91057,1751 MEDICAL PLZ,SYNTH CITY 1,GA,5551688811,True,,,2.7883707234633426,False,True
HCP000752,0575761149,33518086829,RG2115959,JAMES,H,JOHNSON,,NP,207RC0000X,Cardiovascular Disease,NY935546,NY,91064,1752 MEDICAL PLZ,SYNTH CITY 2,NY,5558722727,True,,,2.068363414920389,False,True
HCP000753,1849738103,19052223637,GP4356495,RAYMOND,J,JOHNSON,SR,MD,208000000X,Pediatrics,NJ132188,NJ,91071,1753 MEDICAL PLZ,SYNTH CITY 3,NJ,5554340295,True,,,10.382347595740116,False,True
HCP000754,5184461460,69005852591,GM3067666,SUSAN,A,MALDONADO,,DO,207Q00000X,Family Medicine,MA284035,MA,91078,1754 MEDICAL PLZ,SYNTH CITY 4,MA,5558459004,True,,,1.1617496081448118,False,True
HCP000755,5871951567,62480447773,GA8346707,ASHLEY,M,FERGUSON,,DO,207RX0202X,Medical Oncology,PA745113,PA,91085,1755 MEDICAL PLZ,SYNTH CITY 5,PA,5555283356,True,,,4.091315448787469,False,True
HCP000756,5691218593,01433053974,PM4954577,JOAN,K,FERGUSON,,NP,207R00000X,Internal Medicine,IL487576,IL,91092,1756 MEDICAL PLZ,SYNTH CITY 6,IL,5559392521,True,,,2.7263710216538346,True,True
HCP000757,9426849284,07648121253,FB3429880,KYLE,L,PEREZ,,DO,207RR0500X,Rheumatology,OH308423,OH,91099,1757 MEDICAL PLZ,SYNTH CITY 7,OH,5556505189,True,,,26.751993698450487,False,True
HCP000758,6550909975,75365331962,PM1121818,ALEXIS,S,MILLER,,NP,207RC0000X,Cardiovascular Disease,MI256148,MI,91106,1758 MEDICAL PLZ,SYNTH CITY 8,MI,5559993516,True,,,24.218634562831916,False,True
HCP000759,8720285740,57233697685,BG9733909,CARLOS,S,SIMMONS,,NP,208000000X,Pediatrics,MN683653,MN,91113,1759 MEDICAL PLZ,SYNTH CITY 9,MN,5553930335,True,,,4.383426459324545,False,True
HCP000760,1998999977,35620698055,FM4996459,MATTHEW,H,RICE,,DO,207Q00000X,Family Medicine,CA157183,CA,90847,1760 MEDICAL PLZ,SYNTH CITY 21,NJ,5557747312,True,,2024-02-20,7.855963450462813,False,True
HCP000761,6083091317,68981226836,BG7314796,KEVIN,J,HENRY,,NP,207RX0202X,Medical Oncology,OR882935,OR,91127,1761 MEDICAL PLZ,SYNTH CITY 11,OR,5559749674,True,,,6.568189786373653,False,True
HCP000762,6618368131,95854045677,GA2497891,ROBERT,B,GONZALES,,MD,207R00000X,Internal Medicine,WA881944,WA,91134,1762 MEDICAL PLZ,SYNTH CITY 12,WA,5555183636,True,,,4.391546477871282,False,True
HCP000763,5860473599,67824888623,MB6543743,SAMANTHA,T,MORALES,,NP,207RR0500X,Rheumatology,AZ991135,AZ,91141,1763 MEDICAL PLZ,SYNTH CITY 13,AZ,5554064198,True,,,1.6632575648994383,False,True
HCP000764,1391161068,95695026864,FM8254240,WENDY,J,KEITH,,DO,207RC0000X,Cardiovascular Disease,CO907595,CO,91148,1764 MEDICAL PLZ,SYNTH CITY 14,CO,5552311606,True,,,6.47927898923717,False,True
HCP000765,2295801205,30127859970,RR5575367,TAYLOR,S,CURTIS,,MD,208000000X,Pediatrics,TX617346,TX,91155,1765 MEDICAL PLZ,SYNTH CITY 15,TX,5551970849,True,,,15.52983428689857,False,True
HCP000766,9157243194,36152877104,FP7313523,REGINA,D,HUGHES,SR,PA,207Q00000X,Family Medicine,FL956728,FL,91162,1766 MEDICAL PLZ,SYNTH CITY 16,FL,5559364280,True,,,6.035343308415341,False,True
HCP000767,7996193075,19911830569,GP5946984,CINDY,A,QUINN,,NP,207RX0202X,Medical Oncology,GA310093,GA,91169,1767 MEDICAL PLZ,SYNTH CITY 17,GA,5557386016,True,,,3.822844334325732,False,True
HCP000768,8277985379,94131746057,MP1548690,CARLOS,F,WILSON,,DO,207R00000X,Internal Medicine,NY686137,NY,91337,1768 MEDICAL PLZ,SYNTH CITY 41,MN,5553081376,True,,2024-03-23,20.81532053223384,False,True
HCP000769,3666760194,29846569615,PA3271609,BRYCE,M,BENNETT,,DO,207RR0500X,Rheumatology,NJ441669,NJ,91183,1769 MEDICAL PLZ,SYNTH CITY 19,NJ,5552036186,True,,,6.889295067817993,False,True
HCP000770,6292601286,93234620524,MR5927927,COURTNEY,K,THOMPSON,,DO,207RC0000X,Cardiovascular Disease,MA964498,MA,91190,1770 MEDICAL PLZ,SYNTH CITY 20,MA,5558184496,True,,,1.469656004310886,False,True
HCP000771,4384439327,65270981416,FG9686400,MICHAEL,B,WILLIAMS,,NP,208000000X,Pediatrics,PA860899,PA,91197,1771 MEDICAL PLZ,SYNTH CITY 21,PA,5551862357,True,,,26.69423063798095,False,True
HCP000772,4018686285,67704978313,MP6051645,WILLIAM,S,BARRETT,SR,PA,207Q00000X,Family Medicine,IL617632,IL,91204,1772 MEDICAL PLZ,SYNTH CITY 22,IL,5555564412,True,,,6.849024435241336,False,True
HCP000773,3640584611,48486954369,BR9758268,TIFFANY,M,WOODS,,DO,207RX0202X,Medical Oncology,OH954706,OH,91211,1773 MEDICAL PLZ,SYNTH CITY 23,OH,5557063532,True,,,12.87059190039811,False,True
HCP000774,7852731307,29791092593,AP4035825,JOSE,A,JOHNSON,,DO,207R00000X,Internal Medicine,MI571870,MI,91218,1774 MEDICAL PLZ,SYNTH CITY 24,MI,5556971984,True,,,1.307335986726284,False,True
HCP000775,1069452203,14847369576,AB6344799,JASMINE,S,WILSON,,NP,207RR0500X,Rheumatology,MN878435,MN,91225,1775 MEDICAL PLZ,SYNTH CITY 25,MN,5554840813,True,,,14.2039409595652,False,True
HCP000776,5078225815,88011893168,RG7984233,DENISE,J,HAHN,,PA,207RC0000X,Cardiovascular Disease,CA799510,CA,91232,1776 MEDICAL PLZ,SYNTH CITY 26,CA,5555287720,True,,,45.929814658492575,False,True
HCP000777,7129915972,39088258430,GB8832246,DEBBIE,T,FRANKLIN,,NP,208000000X,Pediatrics,OR217951,OR,91239,1777 MEDICAL PLZ,SYNTH CITY 27,OR,5553832666,True,,,34.94379562104808,False,True
HCP000778,7674527677,88300786705,MB7316455,LAURA,S,HOFFMAN,,PA,207Q00000X,Family Medicine,WA888403,WA,91246,1778 MEDICAL PLZ,SYNTH CITY 28,WA,5555353950,True,,,2.26551207239562,False,True
HCP000779,1641561810,72383630532,RP2570059,BRANDON,K,BROWN,,NP,207RX0202X,Medical Oncology,AZ542408,AZ,91253,1779 MEDICAL PLZ,SYNTH CITY 29,AZ,5559142045,True,,,14.856938420226378,False,True
HCP000780,5708191866,30083800916,FG1275594,JESSICA,V,HARRIS,,DO,207R00000X,Internal Medicine,CO363605,CO,91260,1780 MEDICAL PLZ,SYNTH CITY 30,CO,5554186607,True,,,6.9853765230130245,False,True
HCP000781,8958279944,89057715101,RB4288681,ANTHONY,J,SULLIVAN,,DO,207RR0500X,Rheumatology,TX276263,TX,91267,1781 MEDICAL PLZ,SYNTH CITY 31,TX,5558893555,True,,,9.751901877623245,False,True
HCP000782,7934146276,02326651284,GF9277202,WENDY,J,WALKER,,DO,207RC0000X,Cardiovascular Disease,FL487369,FL,91274,1782 MEDICAL PLZ,SYNTH CITY 32,FL,5555285313,True,,,2.4698669340581545,False,True
HCP000783,3795640036,85346878561,BR6149048,TINA,M,MCCLURE,,PA,208000000X,Pediatrics,GA744427,GA,91281,1783 MEDICAL PLZ,SYNTH CITY 33,GA,5554656404,True,,,18.511885889534334,False,True
HCP000784,7073760069,52812556122,GR4922123,MELVIN,R,SMITH,,DO,207Q00000X,Family Medicine,NY717613,NY,91288,1784 MEDICAL PLZ,SYNTH CITY 34,NY,5551803237,True,,,15.573650788752207,False,True
HCP000785,6218872565,49178506921,BP5058152,JANET,K,FISHER,,MD,207RX0202X,Medical Oncology,NJ702077,NJ,91295,1785 MEDICAL PLZ,SYNTH CITY 35,NJ,5551914015,True,,,1.900445933837522,False,True
HCP000786,4758145757,93354028492,RP3696911,JACQUELINE,D,BUTLER,,MD,207R00000X,Internal Medicine,MA967530,MA,91302,1786 MEDICAL PLZ,SYNTH CITY 36,MA,5555880757,True,,,29.745301705894246,False,True
HCP000787,0266476080,69200264722,FP5704403,ANNETTE,A,PAGE,,DO,207RR0500X,Rheumatology,PA342656,PA,91309,1787 MEDICAL PLZ,SYNTH CITY 37,PA,5559629363,True,,,22.92654083974242,False,True
HCP000788,5227093312,83045495731,GG4790025,DARYL,B,ADAMS,,DO,207RC0000X,Cardiovascular Disease,IL437893,IL,91316,1788 MEDICAL PLZ,SYNTH CITY 38,IL,5558618045,True,,,30.038916721615347,False,True
HCP000789,5848227729,58142511604,RR1931543,BRIDGET,J,HOLLOWAY,,DO,208000000X,Pediatrics,OH277222,OH,90105,1789 MEDICAL PLZ,SYNTH CITY 15,MN,5559389642,True,,2024-03-09,6.297317834749372,False,True
HCP000790,4633992332,88338328408,FF5286524,KAREN,T,DIAZ,,PA,207Q00000X,Family Medicine,MI204769,MI,91330,1790 MEDICAL PLZ,SYNTH CITY 40,MI,5555752334,True,,,13.496545357969646,False,True
HCP000791,7552245483,20403636248,BG7336024,MARY,M,HARTMAN,,NP,207RX0202X,Medical Oncology,MN969064,MN,91337,1791 MEDICAL PLZ,SYNTH CITY 41,MN,5556415597,True,,,1.1066540391282937,False,True
HCP000792,5122933893,78003847238,GP6199744,JACOB,G,BURKE,,DO,207R00000X,Internal Medicine,CA267283,CA,91344,1792 MEDICAL PLZ,SYNTH CITY 42,CA,5551546215,True,,,6.702524922716635,False,True
HCP000793,4878503877,69790818955,GG8229852,WILLIAM,J,GRIFFIN,,DO,207RR0500X,Rheumatology,OR586976,OR,91351,1793 MEDICAL PLZ,SYNTH CITY 43,OR,5554774559,True,,,61.36748923910869,False,True
HCP000794,8494432205,96061060482,MF1101188,MICHAEL,K,DONALDSON,,MD,207RC0000X,Cardiovascular Disease,WA674787,WA,91358,1794 MEDICAL PLZ,SYNTH CITY 44,WA,5552821708,True,,,112.07223909948745,False,True
HCP000795,6032459052,68519446290,BR4899766,JENNIFER,H,KAISER,,PA,208000000X,Pediatrics,AZ268489,AZ,91365,1795 MEDICAL PLZ,SYNTH CITY 45,AZ,5555315705,True,,,15.355702045404549,False,True
HCP000796,3478831936,41413351809,FG8606595,CHRISTOPHER,C,ESCOBAR,,MD,207Q00000X,Family Medicine,CO554957,CO,91372,1796 MEDICAL PLZ,SYNTH CITY 46,CO,5559256517,False,2024-02-08,,11.80994943112614,False,True
HCP000797,0798494999,67151885164,PA4392995,SANDRA,B,GOODMAN,,MD,207RX0202X,Medical Oncology,TX797411,TX,91379,1797 MEDICAL PLZ,SYNTH CITY 47,TX,5557529372,True,,,9.846201480614052,False,True
HCP000798,3183980473,01526328141,AB2441006,MITCHELL,J,CLARKE,JR,PA,207R00000X,Internal Medicine,FL752465,FL,91386,1798 MEDICAL PLZ,SYNTH CITY 48,FL,5557604657,True,,,0.8730077824505433,False,True
HCP000799,1677556130,07499686729,BM6070581,DAVID,C,NEAL,,DO,207RR0500X,Rheumatology,GA443770,GA,91393,1799 MEDICAL PLZ,SYNTH CITY 49,GA,5552064226,True,,,105.03473450208601,False,True
HCP000800,4898007313,65296215781,GR6096476,MARK,N,SHAW,,DO,207RC0000X,Cardiovascular Disease,CA306019,CA,90000,1800 MEDICAL PLZ,SYNTH CITY 0,CA,5556365322,True,,,2.7808948677347,False,True
HCP000801,1541498188,55901925693,PP7502541,BRENDAN,T,MORALES,,NP,208000000X,Pediatrics,OR593464,OR,90007,1801 MEDICAL PLZ,SYNTH CITY 1,OR,5554326048,True,,,3.1529844510278004,False,True
HCP000802,7627589915,57265559747,AB1808897,SCOTT,B,HENDERSON,,DO,207Q00000X,Family Medicine,WA903248,WA,90014,1802 MEDICAL PLZ,SYNTH CITY 2,WA,5558064201,True,,,8.243511720146131,False,True
HCP000803,5827150983,29394432313,FA3017036,JUAN,S,ARROYO,,MD,207RX0202X,Medical Oncology,AZ149683,AZ,90021,1803 MEDICAL PLZ,SYNTH CITY 3,AZ,5552762642,True,,,6.659110580726264,False,True
HCP000804,6503555198,73181062111,RM8652985,MARY,A,RITTER,,MD,207R00000X,Internal Medicine,CO288244,CO,90028,1804 MEDICAL PLZ,SYNTH CITY 4,CO,5557649808,True,,,11.955536240397626,False,True
HCP000805,9626288515,46287921427,FM1094181,TARA,T,WEBB,,PA,207RR0500X,Rheumatology,TX333413,TX,90035,1805 MEDICAL PLZ,SYNTH CITY 5,TX,5551773331,True,,,12.015713352483008,False,True
HCP000806,6038953470,36544133654,GM0883730,STACEY,S,RIVERA,,PA,207RC0000X,Cardiovascular Disease,FL618172,FL,90042,1806 MEDICAL PLZ,SYNTH CITY 6,FL,5554954265,True,,,15.41544327476424,False,True
HCP000807,6944942039,15144027034,BM7327210,SAMANTHA,K,TURNER,,MD,208000000X,Pediatrics,GA591289,GA,90049,1807 MEDICAL PLZ,SYNTH CITY 7,GA,5559294908,True,,,3.1028287394340635,False,True
HCP000808,9885516150,13622113187,BR3567023,STEVEN,R,RAMOS,,NP,207Q00000X,Family Medicine,NY517144,NY,90056,1808 MEDICAL PLZ,SYNTH CITY 8,NY,5551789247,True,,,10.123137408206276,False,True
HCP000809,5084485783,48801029104,FM6844092,ALEXANDRIA,A,ALLEN,,NP,207RX0202X,Medical Oncology,NJ662850,NJ,90063,1809 MEDICAL PLZ,SYNTH CITY 9,NJ,5552577592,True,,,5.074861483137283,False,True
HCP000810,4772341309,48113089871,GA3462282,VICTORIA,A,MARTINEZ,,DO,207R00000X,Internal Medicine,MA581359,MA,90070,1810 MEDICAL PLZ,SYNTH CITY 10,MA,5551973789,True,,,0.5926408026659453,False,True
HCP000811,0769446176,42824471212,GM8441076,ARIEL,A,SMITH,,NP,207RR0500X,Rheumatology,PA861123,PA,90077,1811 MEDICAL PLZ,SYNTH CITY 11,PA,5552703785,True,,,17.252536204278904,False,True
HCP000812,7801589798,86387547224,AG4548247,MARIA,Z,CAMPBELL,,DO,207RC0000X,Cardiovascular Disease,IL437858,IL,90084,1812 MEDICAL PLZ,SYNTH CITY 12,IL,5553177533,True,,,21.05043032772813,True,True
HCP000813,2996949501,84158867061,PA5914079,OSCAR,C,EVANS,,MD,208000000X,Pediatrics,OH122848,OH,90091,1813 MEDICAL PLZ,SYNTH CITY 13,OH,5555338318,True,,,6.297226004026938,False,True
HCP000814,9736258994,45016892884,FG6813194,JOSEPH,D,SLOAN,JR,DO,207Q00000X,Family Medicine,MI794730,MI,91134,1814 MEDICAL PLZ,SYNTH CITY 12,WA,5553907536,True,,2024-03-23,6.868637738680898,False,True
HCP000815,4498539434,82049080541,PB4550465,COLE,W,GRIFFITH,,MD,207RX0202X,Medical Oncology,MN823406,MN,90105,1815 MEDICAL PLZ,SYNTH CITY 15,MN,5559053197,False,2024-03-06,,4.836413025054018,False,True
HCP000816,8981965444,59245148671,BG3057717,REBECCA,R,CHRISTENSEN,,DO,207R00000X,Internal Medicine,CA295075,CA,90112,1816 MEDICAL PLZ,SYNTH CITY 16,CA,5557055727,True,,,5.563223006813325,False,True
HCP000817,7956327804,16455802385,BA9104521,STEVEN,W,MILLER,,PA,207RR0500X,Rheumatology,OR233151,OR,90119,1817 MEDICAL PLZ,SYNTH CITY 17,OR,5556155152,True,,,13.115019083037453,False,True
HCP000818,6714200964,67414555825,RR9719054,BRIAN,C,SMITH,,NP,207RC0000X,Cardiovascular Disease,WA304141,WA,90126,1818 MEDICAL PLZ,SYNTH CITY 18,WA,5557792722,True,,,9.425462823361658,False,True
HCP000819,5232897731,12218396104,AR9628638,CRAIG,S,HALL,,MD,208000000X,Pediatrics,AZ917085,AZ,90133,1819 MEDICAL PLZ,SYNTH CITY 19,AZ,5552236836,True,,,12.403173918837691,False,True
HCP000820,7334071975,34149665197,GP3793078,TERESA,R,WINTERS,,PA,207Q00000X,Family Medicine,CO926248,CO,90140,1820 MEDICAL PLZ,SYNTH CITY 20,CO,5552871618,True,,,15.010368845512165,False,True
HCP000821,5488218806,46927025989,RP3181570,CHAD,D,WOODS,,PA,207RX0202X,Medical Oncology,TX434655,TX,90147,1821 MEDICAL PLZ,SYNTH CITY 21,TX,5555147450,True,,,4.159099467170616,False,True
HCP000822,2680060649,41160443512,AR8202986,JUAN,J,WHITE,,PA,207R00000X,Internal Medicine,FL814513,FL,90154,1822 MEDICAL PLZ,SYNTH CITY 22,FL,5551171485,True,,,8.701169551578383,False,True
HCP000823,9506533592,71118509160,MG9645647,CHARLOTTE,N,SHARP,,NP,207RR0500X,Rheumatology,GA756298,GA,90161,1823 MEDICAL PLZ,SYNTH CITY 23,GA,5558436183,True,,,37.98768459531847,False,True
HCP000824,1317718371,91185155561,FP9259625,SARAH,S,CARTER,,MD,207RC0000X,Cardiovascular Disease,NY150837,NY,90168,1824 MEDICAL PLZ,SYNTH CITY 24,NY,5552825630,True,,,2.4352053560554263,False,True
HCP000825,1451840189,38827417080,FB2473594,SHERRY,J,GOMEZ,III,DO,208000000X,Pediatrics,NJ243038,NJ,90175,1825 MEDICAL PLZ,SYNTH CITY 25,NJ,5559164045,True,,,3.306614976425313,False,True
HCP000826,0007051069,69538364754,FF4030330,ALVIN,J,WALLACE,,PA,207Q00000X,Family Medicine,MA655544,MA,90182,1826 MEDICAL PLZ,SYNTH CITY 26,MA,5557407841,True,,,9.302045341709594,False,True
HCP000827,6985404568,92352062874,GR0301919,DEAN,C,HERNANDEZ,,NP,207RX0202X,Medical Oncology,PA266450,PA,90189,1827 MEDICAL PLZ,SYNTH CITY 27,PA,5552055321,True,,,45.12666462520762,False,True
HCP000828,3654773183,84847528446,RR3232240,BRANDON,J,BAKER,,DO,207R00000X,Internal Medicine,IL171310,IL,90196,1828 MEDICAL PLZ,SYNTH CITY 28,IL,5554507885,True,,,20.785448855325345,False,True
HCP000829,3192803344,89412998876,PM3626341,ELLEN,A,MARSHALL,,MD,207RR0500X,Rheumatology,OH527538,OH,90203,1829 MEDICAL PLZ,SYNTH CITY 29,OH,5555088764,True,,,0.3979743593791614,False,True
HCP000830,8726431868,97943866696,PA7312883,ANN,S,DAVIS,,DO,207RC0000X,Cardiovascular Disease,MI516483,MI,90210,1830 MEDICAL PLZ,SYNTH CITY 30,MI,5558056171,True,,,38.002157154793196,False,True
HCP000831,3280609785,97055249097,AF8701916,CHRISTOPHER,G,JONES,,MD,208000000X,Pediatrics,MN835535,MN,90217,1831 MEDICAL PLZ,SYNTH CITY 31,MN,5559549502,True,,,13.51591453129908,False,True
HCP000832,5874437101,06324469884,GA5680850,CARRIE,W,WOLFE,,DO,207Q00000X,Family Medicine,CA271768,CA,90224,1832 MEDICAL PLZ,SYNTH CITY 32,CA,5551660036,True,,,2.1063332323335517,False,True
HCP000833,0974954246,91516941071,FP5886902,CODY,S,ABBOTT,,NP,207RX0202X,Medical Oncology,OR326846,OR,90231,1833 MEDICAL PLZ,SYNTH CITY 33,OR,5552877357,True,,,4.0033485584600825,True,True
HCP000834,8277878327,63722092710,MA1350137,KATHERINE,A,WEST,,MD,207R00000X,Internal Medicine,WA377826,WA,90238,1834 MEDICAL PLZ,SYNTH CITY 34,WA,5553320355,True,,,1.4584770032611103,False,True
HCP000835,6733996097,80304811911,MB9159701,MICHELLE,B,BOYD,,MD,207RR0500X,Rheumatology,AZ150288,AZ,90245,1835 MEDICAL PLZ,SYNTH CITY 35,AZ,5554444009,True,,,4.090303334991703,False,True
HCP000836,2963632205,10090631203,PM8691145,DUSTIN,R,WATSON,,MD,207RC0000X,Cardiovascular Disease,CO816074,CO,90252,1836 MEDICAL PLZ,SYNTH CITY 36,CO,5555943858,True,,,1.486791161155114,False,True
HCP000837,0782781112,71687130253,MF5610301,REBECCA,W,WILSON,,DO,208000000X,Pediatrics,TX148133,TX,90259,1837 MEDICAL PLZ,SYNTH CITY 37,TX,5552593631,True,,,6.330433582598108,False,True
HCP000838,9872408163,83065105615,GA6616258,WILLIAM,J,WILSON,,DO,207Q00000X,Family Medicine,FL186000,FL,90266,1838 MEDICAL PLZ,SYNTH CITY 38,FL,5559722728,True,,,2.459521363540519,False,True
HCP000839,3452816986,98264280112,GR9974726,ABIGAIL,B,SULLIVAN,,PA,207RX0202X,Medical Oncology,GA761912,GA,90273,1839 MEDICAL PLZ,SYNTH CITY 39,GA,5552572617,True,,,4.368329283471382,False,True
HCP000840,2814262210,89936800290,PP9557673,GINA,J,FISHER,,MD,207R00000X,Internal Medicine,NY775667,NY,90280,1840 MEDICAL PLZ,SYNTH CITY 40,NY,5556588061,True,,,4.337615406620505,False,True
HCP000841,0318751639,04787892436,PR0513467,ANDREW,D,PHILLIPS,,NP,207RR0500X,Rheumatology,NJ162488,NJ,90287,1841 MEDICAL PLZ,SYNTH CITY 41,NJ,5552004000,True,,,9.623958485061301,False,True
HCP000842,9264936672,42880682660,PP2378036,MAUREEN,S,BAKER,,MD,207RC0000X,Cardiovascular Disease,MA879736,MA,90294,1842 MEDICAL PLZ,SYNTH CITY 42,MA,5551580257,True,,,64.47044973975834,False,True
HCP000843,8166345651,34332372746,AB9809812,DOUGLAS,C,HERNANDEZ,,PA,208000000X,Pediatrics,PA748238,PA,90301,1843 MEDICAL PLZ,SYNTH CITY 43,PA,5553251639,True,,,21.048609689365215,False,True
HCP000844,9615553689,73769316667,GA8228756,ROBERT,C,CONTRERAS,,MD,207Q00000X,Family Medicine,IL479516,IL,90308,1844 MEDICAL PLZ,SYNTH CITY 44,IL,5554214783,True,,,1.645522765065364,False,True
HCP000845,0318104524,96140864665,FF2744759,JASON,J,PITTS,SR,NP,207RX0202X,Medical Oncology,OH839095,OH,90315,1845 MEDICAL PLZ,SYNTH CITY 45,OH,5556723693,True,,,4.802300703375185,False,True
HCP000846,5278258103,75798257214,PG6696141,MICHAEL,M,THOMPSON,,PA,207R00000X,Internal Medicine,MI321339,MI,90322,1846 MEDICAL PLZ,SYNTH CITY 46,MI,5557266980,True,,,13.48808447002154,False,True
HCP000847,3408380863,27891200166,AF1105079,SERGIO,A,JENKINS,,PA,207RR0500X,Rheumatology,MN919653,MN,90329,1847 MEDICAL PLZ,SYNTH CITY 47,MN,5558969601,True,,,1.0334835547965056,False,True
HCP000848,0438284651,46381208400,RR2628749,JENNA,C,CALDERON,,MD,207RC0000X,Cardiovascular Disease,CA899842,CA,90336,1848 MEDICAL PLZ,SYNTH CITY 48,CA,5558692597,True,,,12.800010316751594,False,True
HCP000849,8223301499,10082304996,MM6528810,JACOB,W,ARROYO,,PA,208000000X,Pediatrics,OR983652,OR,90343,1849 MEDICAL PLZ,SYNTH CITY 49,OR,5551325155,True,,,37.193157376832644,False,True
HCP000850,6012642198,78654546498,GF7628667,AMBER,N,LOPEZ,,MD,207Q00000X,Family Medicine,WA814128,WA,90350,1850 MEDICAL PLZ,SYNTH CITY 0,WA,5556317893,True,,,2.2014037555854538,False,True
HCP000851,0670675608,90486967385,PB2067235,JASON,D,CHAN,,PA,207RX0202X,Medical Oncology,AZ266953,AZ,90357,1851 MEDICAL PLZ,SYNTH CITY 1,AZ,5558288103,True,,,11.4824958731865,False,True
HCP000852,8429047763,41634429361,RR0651778,CHRISTOPHER,J,WILLIAMS,,NP,207R00000X,Internal Medicine,CO790668,CO,90364,1852 MEDICAL PLZ,SYNTH CITY 2,CO,5556260376,True,,,36.12142188125387,False,True
HCP000853,4717277022,80602474952,BP4632529,LESLIE,K,ARNOLD,,NP,207RR0500X,Rheumatology,TX126358,TX,90371,1853 MEDICAL PLZ,SYNTH CITY 3,TX,5551430142,True,,,4.420364365323786,False,True
HCP000854,2756056711,04649831977,GG1451668,KELLI,C,PATEL,,MD,207RC0000X,Cardiovascular Disease,FL891918,FL,90378,1854 MEDICAL PLZ,SYNTH CITY 4,FL,5553139378,True,,,16.851859326864265,False,True
HCP000855,2493615399,73448201820,FR8968704,BRADLEY,T,BALLARD,,NP,208000000X,Pediatrics,GA983924,GA,90385,1855 MEDICAL PLZ,SYNTH CITY 5,GA,5555905146,True,,,57.865121548347545,False,True
HCP000856,2014102661,37019453677,BM7436529,MICHELE,C,COOK,,NP,207Q00000X,Family Medicine,NY707826,NY,90392,1856 MEDICAL PLZ,SYNTH CITY 6,NY,5559256804,True,,,17.655463462452442,False,True
HCP000857,0610748812,70464500645,FA7170928,NICHOLAS,A,TORRES,,MD,207RX0202X,Medical Oncology,NJ247879,NJ,90399,1857 MEDICAL PLZ,SYNTH CITY 7,NJ,5555287537,True,,,32.17618599803524,False,True
HCP000858,7588229303,56334132828,AF2479755,HEATHER,J,RAMIREZ,,PA,207R00000X,Internal Medicine,MA247860,MA,90406,1858 MEDICAL PLZ,SYNTH CITY 8,MA,5553378089,True,,,0.9261578930168789,False,True
HCP000859,8853266558,82043359867,FG4894704,DENISE,K,OCONNOR,,PA,207RR0500X,Rheumatology,PA292384,PA,90413,1859 MEDICAL PLZ,SYNTH CITY 9,PA,5558275626,True,,,7.280949183313334,False,True
HCP000860,3354614786,27364256676,PF5451855,JUSTIN,S,TORRES,,PA,207RC0000X,Cardiovascular Disease,IL608639,IL,90420,1860 MEDICAL PLZ,SYNTH CITY 10,IL,5559442121,True,,,4.319320323340205,False,True
HCP000861,0786164018,72149430321,AM7709558,KEVIN,C,BARRY,JR,DO,208000000X,Pediatrics,OH339498,OH,90427,1861 MEDICAL PLZ,SYNTH CITY 11,OH,5552641356,True,,,6.425271022359842,False,True
HCP000862,4366557617,48433672104,RR5552496,DAKOTA,K,CRAIG,,MD,207Q00000X,Family Medicine,MI912674,MI,90434,1862 MEDICAL PLZ,SYNTH CITY 12,MI,5551985781,True,,,10.05948208604709,False,True
HCP000863,3349950212,05275941937,PR6534750,DERRICK,K,VASQUEZ,,DO,207RX0202X,Medical Oncology,MN524993,MN,90441,1863 MEDICAL PLZ,SYNTH CITY 13,MN,5558529944,True,,,6.223811947514259,False,True
HCP000864,8422252378,86427194804,FF5698294,TIMOTHY,C,HUGHES,,DO,207R00000X,Internal Medicine,CA898145,CA,90448,1864 MEDICAL PLZ,SYNTH CITY 14,CA,5553637928,True,,,13.536754671234968,False,True
HCP000865,4085930616,66611802950,RF7633531,VINCENT,B,PAUL,,NP,207RR0500X,Rheumatology,OR767465,OR,90455,1865 MEDICAL PLZ,SYNTH CITY 15,OR,5555665396,True,,,10.330510132800885,False,True
HCP000866,1462105945,76402768399,FB9349281,KEVIN,V,REED,,DO,207RC0000X,Cardiovascular Disease,WA318871,WA,90462,1866 MEDICAL PLZ,SYNTH CITY 16,WA,5558953343,True,,,23.61667832583772,False,True
HCP000867,6679151194,40413161439,PF2765006,DANIELLE,T,WILSON,SR,MD,208000000X,Pediatrics,AZ810847,AZ,90469,1867 MEDICAL PLZ,SYNTH CITY 17,AZ,5559812387,True,,,18.475446043137296,False,True
HCP000868,7492269312,35426826560,MP6879648,MARK,S,PENA,,NP,207Q00000X,Family Medicine,CO415619,CO,90476,1868 MEDICAL PLZ,SYNTH CITY 18,CO,5556522890,True,,,8.0615898513199,False,True
HCP000869,4642391682,63191968206,FG4375666,JAMES,T,KING,,MD,207RX0202X,Medical Oncology,TX953590,TX,90224,1869 MEDICAL PLZ,SYNTH CITY 32,CA,5558283979,True,,2024-03-07,7.945085536434639,False,True
HCP000870,5032841616,44049993022,AM5716078,JUSTIN,S,WILLIAMS,,DO,207R00000X,Internal Medicine,FL621450,FL,90490,1870 MEDICAL PLZ,SYNTH CITY 20,FL,5555759294,True,,,1.0848053307150896,False,True
HCP000871,1645323415,44115281481,GG5853362,SAMUEL,D,COLE,,MD,207RR0500X,Rheumatology,GA581340,GA,90091,1871 MEDICAL PLZ,SYNTH CITY 13,OH,5553263181,True,,2024-03-18,29.930089415070583,False,True
HCP000872,3374089217,81892217366,GB3504743,NICHOLE,C,RODRIGUEZ,,NP,207RC0000X,Cardiovascular Disease,NY146585,NY,90504,1872 MEDICAL PLZ,SYNTH CITY 22,NY,5559353783,True,,,30.42009108134325,False,True
HCP000873,7647373407,20804062453,MG4343575,KATRINA,E,PARK,,PA,208000000X,Pediatrics,NJ837178,NJ,90511,1873 MEDICAL PLZ,SYNTH CITY 23,NJ,5551448808,True,,,27.77989430728791,False,True
HCP000874,8157587014,39053034417,FM5553450,SEAN,C,VEGA,,DO,207Q00000X,Family Medicine,MA126067,MA,90518,1874 MEDICAL PLZ,SYNTH CITY 24,MA,5553742888,True,,,1.5033605889578332,False,True
HCP000875,4291652830,90396637962,RA8000173,ANN,C,MCCOY,,PA,207RX0202X,Medical Oncology,PA573014,PA,90525,1875 MEDICAL PLZ,SYNTH CITY 25,PA,5557562248,True,,,2.458076830383548,False,True
HCP000876,6713607854,49850220150,AR6823663,VICTORIA,B,HINES,,PA,207R00000X,Internal Medicine,IL188378,IL,90532,1876 MEDICAL PLZ,SYNTH CITY 26,IL,5551127356,True,,,84.82267924963845,False,True
HCP000877,8194416607,66714278674,MF9297963,ALICIA,B,COBB,,DO,207RR0500X,Rheumatology,OH195884,OH,90539,1877 MEDICAL PLZ,SYNTH CITY 27,OH,5558293049,True,,,11.856486337260794,False,True
HCP000878,1511690665,06244726857,BR3153485,BENJAMIN,P,HERRERA,,DO,207RC0000X,Cardiovascular Disease,MI962489,MI,90546,1878 MEDICAL PLZ,SYNTH CITY 28,MI,5559874345,True,,,2.5276274037442934,False,True
HCP000879,4425643457,13305489721,GM0402302,KENDRA,G,SHIELDS,,NP,208000000X,Pediatrics,MN375755,MN,90553,1879 MEDICAL PLZ,SYNTH CITY 29,MN,5559475464,True,,,31.28419684502966,False,True
HCP000880,7139284948,48553732080,PF0977571,JAMES,S,ROSS,,MD,207Q00000X,Family Medicine,CA629567,CA,90560,1880 MEDICAL PLZ,SYNTH CITY 30,CA,5554656871,True,,,1.8048762045548918,False,True
HCP000881,4198986216,69126473731,GG5040809,MATTHEW,T,BROWN,,MD,207RX0202X,Medical Oncology,OR199632,OR,90567,1881 MEDICAL PLZ,SYNTH CITY 31,OR,5554219116,True,,,2.1962514207609103,False,True
HCP000882,4149587105,30913701707,GB6394728,ROBERT,J,RICHARDSON,,DO,207R00000X,Internal Medicine,WA933500,WA,90574,1882 MEDICAL PLZ,SYNTH CITY 32,WA,5557766654,True,,,11.805736954738085,False,True
HCP000883,5533170127,14755347468,BA4317667,ANNE,J,BROWN,,DO,207RR0500X,Rheumatology,AZ758221,AZ,90581,1883 MEDICAL PLZ,SYNTH CITY 33,AZ,5559517969,True,,,7.533139518040755,False,True
HCP000884,5738805469,25243641623,MB0336707,MICHAEL,G,ROJAS,,NP,207RC0000X,Cardiovascular Disease,CO790154,CO,90588,1884 MEDICAL PLZ,SYNTH CITY 34,CO,5556186157,True,,,4.026067798695152,False,True
HCP000885,0619103332,91612134876,GB2167553,JAMES,G,SMITH,,PA,208000000X,Pediatrics,TX779542,TX,90595,1885 MEDICAL PLZ,SYNTH CITY 35,TX,5554141242,True,,,11.12421843242347,False,True
HCP000886,8340730265,85476015588,AM4408199,KEVIN,B,RIVERS,,PA,207Q00000X,Family Medicine,FL121459,FL,90602,1886 MEDICAL PLZ,SYNTH CITY 36,FL,5556505237,True,,,0.5806933355746605,False,True
HCP000887,1438232823,95199214760,AB7282897,ZACHARY,C,BAILEY,,MD,207RX0202X,Medical Oncology,GA669565,GA,90609,1887 MEDICAL PLZ,SYNTH CITY 37,GA,5557225073,True,,,6.32205659756534,False,True
HCP000888,7730083780,81983374702,PR0708237,CHELSEA,G,SINGH,,PA,207R00000X,Internal Medicine,NY981988,NY,90616,1888 MEDICAL PLZ,SYNTH CITY 38,NY,5559679608,True,,,10.096243166592126,False,True
HCP000889,5197233849,84846145382,PA4525945,MEGAN,J,MARTIN,III,NP,207RR0500X,Rheumatology,NJ865273,NJ,90623,1889 MEDICAL PLZ,SYNTH CITY 39,NJ,5559482162,True,,,95.74290095441235,False,True
HCP000890,8012817184,15745647211,BA0016250,PATRICK,M,COOK,,DO,207RC0000X,Cardiovascular Disease,MA707648,MA,90630,1890 MEDICAL PLZ,SYNTH CITY 40,MA,5559978007,True,,,61.28499202373435,False,True
HCP000891,7372302043,53591251518,PA5255915,RENEE,D,RAMIREZ,,DO,208000000X,Pediatrics,PA746662,PA,90637,1891 MEDICAL PLZ,SYNTH CITY 41,PA,5551972959,True,,,1.4253160372670561,False,True
HCP000892,2549335216,05920015447,FM9112188,JONATHAN,J,MILLER,,PA,207Q00000X,Family Medicine,IL925859,IL,90644,1892 MEDICAL PLZ,SYNTH CITY 42,IL,5554669028,True,,,3.888418166366459,False,True
HCP000893,6237810471,77501737306,RG1493072,BRANDON,A,DIAZ,,DO,207RX0202X,Medical Oncology,OH223517,OH,90651,1893 MEDICAL PLZ,SYNTH CITY 43,OH,5551485881,True,,,13.885800028980615,True,True
HCP000894,1308695455,42894729775,PG9642900,BRIAN,J,BARRETT,,MD,207R00000X,Internal Medicine,MI541336,MI,90658,1894 MEDICAL PLZ,SYNTH CITY 44,MI,5553489262,True,,,7.415908830742322,False,True
HCP000895,4250873336,46085360497,AM6536498,CHRISTINA,S,WASHINGTON,,NP,207RR0500X,Rheumatology,MN229934,MN,90665,1895 MEDICAL PLZ,SYNTH CITY 45,MN,5557772336,True,,,1.2744187468990984,False,True
HCP000896,7956416631,63784069735,FP7631639,JOHN,C,NGUYEN,,PA,207RC0000X,Cardiovascular Disease,CA563829,CA,90672,1896 MEDICAL PLZ,SYNTH CITY 46,CA,5559938498,True,,,5.884478504341739,False,True
HCP000897,7119095827,11609675690,BM1200461,MICHAEL,J,PATEL,,NP,208000000X,Pediatrics,OR164787,OR,90679,1897 MEDICAL PLZ,SYNTH CITY 47,OR,5555669672,True,,,58.82605900931507,False,True
HCP000898,9910023859,93622902317,FG3847696,CHRISTINE,E,ROTH,,MD,207Q00000X,Family Medicine,WA241016,WA,90686,1898 MEDICAL PLZ,SYNTH CITY 48,WA,5558106905,False,2024-02-18,,1.8715902869179115,False,True
HCP000899,0138497215,13799287438,PR4283755,KEITH,B,COMBS,,NP,207RX0202X,Medical Oncology,AZ333880,AZ,90693,1899 MEDICAL PLZ,SYNTH CITY 49,AZ,5557021572,True,,,5.07533749691732,False,True
HCP000900,9826102524,10184982745,GP2079511,AMANDA,D,PETERSON,,NP,207R00000X,Internal Medicine,CO371973,CO,90700,1900 MEDICAL PLZ,SYNTH CITY 0,CO,5556587375,True,,,1.8508887539461576,False,True
HCP000901,1204293041,93550073692,PB7134408,DEBRA,W,JONES,,MD,207RR0500X,Rheumatology,TX739488,TX,90707,1901 MEDICAL PLZ,SYNTH CITY 1,TX,5557403511,True,,,1.1992205743242899,False,True
HCP000902,4607340245,25255225594,GG8333664,SHANNON,S,HUFF,,DO,207RC0000X,Cardiovascular Disease,FL907639,FL,90714,1902 MEDICAL PLZ,SYNTH CITY 2,FL,5556617346,True,,,100.8281339364943,False,True
HCP000903,4770060885,49026728482,MB1762693,TIMOTHY,J,PAUL,,NP,208000000X,Pediatrics,GA896589,GA,90721,1903 MEDICAL PLZ,SYNTH CITY 3,GA,5556722596,True,,,1.5138681567156156,False,True
HCP000904,1299663009,92288300583,AF0447041,MARK,C,BROWN,,NP,207Q00000X,Family Medicine,NY859927,NY,90728,1904 MEDICAL PLZ,SYNTH CITY 4,NY,5551347510,True,,,24.155625421010683,False,True
HCP000905,7824401310,56233441045,PB0592045,HERBERT,J,JENKINS,,NP,207RX0202X,Medical Oncology,NJ408901,NJ,90735,1905 MEDICAL PLZ,SYNTH CITY 5,NJ,5551275361,True,,,8.616426656472383,False,True
HCP000906,7295241823,43635524521,BF2266974,ANGELA,C,PEREZ,,PA,207R00000X,Internal Medicine,MA254346,MA,90742,1906 MEDICAL PLZ,SYNTH CITY 6,MA,5558962755,False,2024-02-07,,1.889137186864897,False,True
HCP000907,7762788504,70142355448,BA8073811,ELIZABETH,J,ELLIS,,DO,207RR0500X,Rheumatology,PA682704,PA,90749,1907 MEDICAL PLZ,SYNTH CITY 7,PA,5559940759,True,,,2.384443420556919,False,True
HCP000908,9772479504,83999901464,BB6981127,CHRISTINA,S,MARKS,,MD,207RC0000X,Cardiovascular Disease,IL693921,IL,90756,1908 MEDICAL PLZ,SYNTH CITY 8,IL,5558747186,True,,,9.88705385760321,False,True
HCP000909,3007647423,57766748065,AM0756636,MATTHEW,J,ERICKSON,,MD,208000000X,Pediatrics,OH227576,OH,90763,1909 MEDICAL PLZ,SYNTH CITY 9,OH,5557325481,True,,,22.475746501708002,False,True
HCP000910,9666713125,25065734672,MR0359955,ANTHONY,R,NGUYEN,,DO,207Q00000X,Family Medicine,MI589926,MI,90770,1910 MEDICAL PLZ,SYNTH CITY 10,MI,5555977581,True,,,18.003158579200853,False,True
HCP000911,5555372650,36225921147,MB8158873,TERESA,M,WATKINS,,PA,207RX0202X,Medical Oncology,MN579435,MN,90777,1911 MEDICAL PLZ,SYNTH CITY 11,MN,5556556925,True,,,3.4915666105180945,False,True
HCP000912,2041988264,41913256932,AM9092908,KIM,L,MARTIN,,DO,207R00000X,Internal Medicine,CA220276,CA,90784,1912 MEDICAL PLZ,SYNTH CITY 12,CA,5558185740,True,,,13.7810752872656,False,True
HCP000913,8679033018,15834811526,MF1043069,CHRISTINE,O,HANSEN,,PA,207RR0500X,Rheumatology,OR488792,OR,90791,1913 MEDICAL PLZ,SYNTH CITY 13,OR,5559231000,True,,,37.69132546647147,False,True
HCP000914,9895307202,87385527268,AF6204498,HUNTER,C,NGUYEN,,MD,207RC0000X,Cardiovascular Disease,WA919701,WA,90798,1914 MEDICAL PLZ,SYNTH CITY 14,WA,5554183883,True,,,11.887445975360112,False,True
HCP000915,0117651238,00324915465,GB9210038,JOANNE,J,GONZALEZ,SR,NP,208000000X,Pediatrics,AZ607022,AZ,90805,1915 MEDICAL PLZ,SYNTH CITY 15,AZ,5551012711,True,,,21.507364139384563,False,True
HCP000916,8545315227,73585233367,MF2079012,EMILY,T,STEWART,III,DO,207Q00000X,Family Medicine,CO427958,CO,90812,1916 MEDICAL PLZ,SYNTH CITY 16,CO,5554557195,True,,,10.2452983634171,False,True
HCP000917,5629577359,63004925161,GP3900124,DAVID,C,PAGE,,DO,207RX0202X,Medical Oncology,TX139997,TX,90819,1917 MEDICAL PLZ,SYNTH CITY 17,TX,5557430968,True,,,30.27705459638999,False,True
HCP000918,5270570976,65783145729,AM4629084,THOMAS,Z,COLEMAN,,DO,207R00000X,Internal Medicine,FL490710,FL,90826,1918 MEDICAL PLZ,SYNTH CITY 18,FL,5553799701,True,,,3.492890851690145,False,True
HCP000919,0544769405,08666967777,AF2855567,JESSICA,S,HENSON,,PA,207RR0500X,Rheumatology,GA286123,GA,90833,1919 MEDICAL PLZ,SYNTH CITY 19,GA,5556452894,True,,,9.88396062933009,False,True
HCP000920,4687619633,31846894069,FA7610511,SUSAN,M,MURPHY,,PA,207RC0000X,Cardiovascular Disease,NY487444,NY,90840,1920 MEDICAL PLZ,SYNTH CITY 20,NY,5558526372,True,,,0.6898201136662482,False,True
HCP000921,6396241609,12089972772,PR3582939,JEFFREY,J,MCCOY,,NP,208000000X,Pediatrics,NJ434496,NJ,90847,1921 MEDICAL PLZ,SYNTH CITY 21,NJ,5554951930,True,,,3.4457856353100142,False,True
HCP000922,2649254812,35249325470,RM8443805,ANDREA,C,CONLEY,,PA,207Q00000X,Family Medicine,MA707103,MA,90854,1922 MEDICAL PLZ,SYNTH CITY 22,MA,5551398563,True,,,2.1899095300946256,False,True
HCP000923,3538763251,70920541224,PM0168031,DONNA,W,ROBINSON,,MD,207RX0202X,Medical Oncology,PA968290,PA,90861,1923 MEDICAL PLZ,SYNTH CITY 23,PA,5557863806,True,,,1.95097551784107,False,True
HCP000924,5355682712,56185576442,GB6424953,JARED,S,LEWIS,,MD,207R00000X,Internal Medicine,IL604858,IL,90868,1924 MEDICAL PLZ,SYNTH CITY 24,IL,5551302962,True,,,0.8206051914274615,False,True
HCP000925,8912138723,54495793782,BB6773706,RENEE,J,GARCIA,,PA,207RR0500X,Rheumatology,OH600587,OH,90875,1925 MEDICAL PLZ,SYNTH CITY 25,OH,5556596541,True,,,1.765285447460671,False,True
HCP000926,9675354176,91414393614,PM2984913,CHRISTINA,M,CRUZ,,PA,207RC0000X,Cardiovascular Disease,MI272080,MI,90882,1926 MEDICAL PLZ,SYNTH CITY 26,MI,5552966672,True,,,9.43742495077161,False,True
HCP000927,6928212797,65531384034,MM4140543,SANDRA,J,KELLY,,DO,208000000X,Pediatrics,MN553133,MN,90889,1927 MEDICAL PLZ,SYNTH CITY 27,MN,5555587509,True,,,76.83238280286484,False,True
HCP000928,0808824334,34139905910,BF9232390,BRITTANY,P,CLARK,,DO,207Q00000X,Family Medicine,CA139989,CA,90896,1928 MEDICAL PLZ,SYNTH CITY 28,CA,5559840518,True,,,5.762075452962968,False,True
HCP000929,0542930074,22476705725,AR7656492,REBECCA,T,BRENNAN,,PA,207RX0202X,Medical Oncology,OR163805,OR,90903,1929 MEDICAL PLZ,SYNTH CITY 29,OR,5555006087,True,,,6.071789569832552,False,True
HCP000930,6849555894,00734623075,BM1722876,CHRISTIAN,A,ALLEN,,MD,207R00000X,Internal Medicine,WA370303,WA,90910,1930 MEDICAL PLZ,SYNTH CITY 30,WA,5559664063,True,,,17.001071439398704,False,True
HCP000931,9771943435,94272522239,MM0038078,PAULA,R,DALTON,,MD,207RR0500X,Rheumatology,AZ169484,AZ,90917,1931 MEDICAL PLZ,SYNTH CITY 31,AZ,5558592742,True,,,4.121851257813643,False,True
HCP000932,7831801106,99180262016,BB2888028,DESTINY,S,CHANG,JR,PA,207RC0000X,Cardiovascular Disease,CO891092,CO,90924,1932 MEDICAL PLZ,SYNTH CITY 32,CO,5554831724,True,,,16.751750927147885,False,True
HCP000933,8298975961,85436632532,BM4310693,TIMOTHY,J,BROWN,,PA,208000000X,Pediatrics,TX610092,TX,90931,1933 MEDICAL PLZ,SYNTH CITY 33,TX,5552166623,True,,,92.70094753089742,False,True
HCP000934,9627821272,00581898742,RG4323753,CLAUDIA,N,LOPEZ,,MD,207Q00000X,Family Medicine,FL457941,FL,90938,1934 MEDICAL PLZ,SYNTH CITY 34,FL,5552347122,True,,,30.699534926759448,False,True
HCP000935,3946898582,23061095689,RA3702531,JENNIFER,S,NGUYEN,,PA,207RX0202X,Medical Oncology,GA691701,GA,90945,1935 MEDICAL PLZ,SYNTH CITY 35,GA,5557034828,True,,,92.87017554116704,False,True
HCP000936,8071491574,45009541752,PB5528721,SHANNON,L,HERNANDEZ,,DO,207R00000X,Internal Medicine,NY460159,NY,90952,1936 MEDICAL PLZ,SYNTH CITY 36,NY,5551360050,True,,,1.5493437722643957,False,True
HCP000937,8096507750,83605136480,RM4004552,MICHELLE,V,GONZALEZ,,NP,207RR0500X,Rheumatology,NJ393018,NJ,90959,1937 MEDICAL PLZ,SYNTH CITY 37,NJ,5554985090,True,,,1.996166179904422,False,True
HCP000938,2602585095,26426156865,AB5557951,JONATHAN,A,MCCANN,,DO,207RC0000X,Cardiovascular Disease,MA630760,MA,90966,1938 MEDICAL PLZ,SYNTH CITY 38,MA,5555932523,True,,,39.343580410952356,False,True
HCP000939,4290374832,64973447554,FG8902616,RALPH,A,WHEELER,,DO,208000000X,Pediatrics,PA558148,PA,90973,1939 MEDICAL PLZ,SYNTH CITY 39,PA,5557418768,True,,,4.863997045888461,False,True
HCP000940,7962321346,71144334608,FA1550429,MICHAEL,R,DUARTE,,DO,207Q00000X,Family Medicine,IL967950,IL,90980,1940 MEDICAL PLZ,SYNTH CITY 40,IL,5555993910,True,,,21.577632326315396,False,True
HCP000941,3117261073,31022324908,FM6799045,SIERRA,S,GORDON,,NP,207RX0202X,Medical Oncology,OH462213,OH,90987,1941 MEDICAL PLZ,SYNTH CITY 41,OH,5559285022,True,,,12.36599457780851,False,True
HCP000942,7123265267,93277108544,MM0291941,CATHERINE,S,WATTS,,DO,207R00000X,Internal Medicine,MI813804,MI,90994,1942 MEDICAL PLZ,SYNTH CITY 42,MI,5551574517,True,,,4.6220303536223515,False,True
HCP000943,1955990597,71643678418,FP7040675,JOSEPH,M,MAHONEY,,MD,207RR0500X,Rheumatology,MN227377,MN,91001,1943 MEDICAL PLZ,SYNTH CITY 43,MN,5554295501,True,,,2.999037510704494,False,True
HCP000944,9518618373,44819197393,MA1322361,BRANDON,C,LARSEN,,PA,207RC0000X,Cardiovascular Disease,CA275054,CA,91008,1944 MEDICAL PLZ,SYNTH CITY 44,CA,5558924547,True,,,6.613813172548973,False,True
HCP000945,1447560958,26225386303,AB2611099,THOMAS,L,YOUNG,,DO,208000000X,Pediatrics,OR580315,OR,91015,1945 MEDICAL PLZ,SYNTH CITY 45,OR,5555960620,True,,,1.8828537230378555,True,True
HCP000946,2077980011,63203330282,RA6139756,NICOLE,A,WALKER,,NP,207Q00000X,Family Medicine,WA559816,WA,91022,1946 MEDICAL PLZ,SYNTH CITY 46,WA,5551681571,True,,,0.9310583721375731,False,True
HCP000947,9788869037,22966154692,PM4916361,AMY,A,SANCHEZ,SR,PA,207RX0202X,Medical Oncology,AZ669428,AZ,91029,1947 MEDICAL PLZ,SYNTH CITY 47,AZ,5555422882,True,,,38.816128953937685,False,True
HCP000948,2043922113,58428999879,FR0832619,CATHY,J,RUSSO,,NP,207R00000X,Internal Medicine,CO197116,CO,91036,1948 MEDICAL PLZ,SYNTH CITY 48,CO,5558408110,True,,,2.1840197170157944,False,True
HCP000949,8716201495,01580890486,BB4894554,DEBRA,T,SPENCE,,NP,207RR0500X,Rheumatology,TX651622,TX,91043,1949 MEDICAL PLZ,SYNTH CITY 49,TX,5556068683,True,,,1.1339223389470212,False,True
HCP000950,5359834202,30378855950,RM6044833,CODY,J,DECKER,,NP,207RC0000X,Cardiovascular Disease,FL106638,FL,91050,1950 MEDICAL PLZ,SYNTH CITY 0,FL,5553142842,True,,,3.712075112486901,False,True
HCP000951,7226955806,96997411814,FM3758177,KYLE,M,KING,,PA,208000000X,Pediatrics,GA565413,GA,91057,1951 MEDICAL PLZ,SYNTH CITY 1,GA,5559758236,True,,,7.741687001549826,False,True
HCP000952,4811930849,95442750348,FG0324892,MORGAN,J,GUERRERO,,NP,207Q00000X,Family Medicine,NY494422,NY,91064,1952 MEDICAL PLZ,SYNTH CITY 2,NY,5555500697,True,,,6.417078894993597,False,True
HCP000953,1782041457,41661423759,GA7039919,DAVID,J,WU,,PA,207RX0202X,Medical Oncology,NJ167607,NJ,91071,1953 MEDICAL PLZ,SYNTH CITY 3,NJ,5552086339,True,,,27.571326604871157,False,True
HCP000954,9255224682,86085763237,MM1069349,JEFFREY,S,JONES,,MD,207R00000X,Internal Medicine,MA337272,MA,91078,1954 MEDICAL PLZ,SYNTH CITY 4,MA,5554369860,True,,,17.931355105482684,False,True
HCP000955,1766515740,73912605053,BG3055697,NATHAN,L,WALKER,,PA,207RR0500X,Rheumatology,PA813993,PA,91085,1955 MEDICAL PLZ,SYNTH CITY 5,PA,5556955584,True,,,7.8454266354398055,False,True
HCP000956,2403808530,45257926451,PB0740629,JEREMIAH,C,TAYLOR,,PA,207RC0000X,Cardiovascular Disease,IL500344,IL,91092,1956 MEDICAL PLZ,SYNTH CITY 6,IL,5556455919,True,,,25.164326903963346,False,True
HCP000957,6344520260,61155140650,AM8855889,TROY,P,FLYNN,SR,MD,208000000X,Pediatrics,OH439789,OH,91099,1957 MEDICAL PLZ,SYNTH CITY 7,OH,5558285964,True,,,90.99020059262175,False,True
HCP000958,4733842866,79115705197,RB7314458,EMILY,T,THOMAS,,MD,207Q00000X,Family Medicine,MI891071,MI,91106,1958 MEDICAL PLZ,SYNTH CITY 8,MI,5555122470,True,,,33.2528506570582,False,True
HCP000959,7533674603,60843435119,PF8767982,TAYLOR,A,CASTILLO,,NP,207RX0202X,Medical Oncology,MN160565,MN,91113,1959 MEDICAL PLZ,SYNTH CITY 9,MN,5552524815,True,,,1.0480391589773155,False,True
HCP000960,7252864971,85074288572,PR2904046,SHELBY,J,COOK,,PA,207R00000X,Internal Medicine,CA999271,CA,90231,1960 MEDICAL PLZ,SYNTH CITY 33,OR,5551599335,True,,2024-03-13,11.421707217979082,False,True
HCP000961,9424392089,90724495205,PM9046836,RACHEL,W,JOHNSON,,PA,207RR0500X,Rheumatology,OR837144,OR,91127,1961 MEDICAL PLZ,SYNTH CITY 11,OR,5555066273,True,,,9.694201890558338,False,True
HCP000962,4775112046,92816885234,PF8919563,TOM,J,JONES,,MD,207RC0000X,Cardiovascular Disease,WA746198,WA,91134,1962 MEDICAL PLZ,SYNTH CITY 12,WA,5557001929,True,,,7.815949161583027,False,True
HCP000963,0855168254,07907575901,BP0174730,TIMOTHY,J,SANDERS,,DO,208000000X,Pediatrics,AZ892253,AZ,91141,1963 MEDICAL PLZ,SYNTH CITY 13,AZ,5552646691,True,,,22.496200582364562,False,True
HCP000964,2108990583,41132905504,RA1108028,JAMES,M,MORGAN,,DO,207Q00000X,Family Medicine,CO261084,CO,91148,1964 MEDICAL PLZ,SYNTH CITY 14,CO,5552731923,True,,,29.290972143474953,False,True
HCP000965,9359264733,47031103275,PR7493819,KRISTA,R,SALAZAR,,DO,207RX0202X,Medical Oncology,TX306413,TX,91155,1965 MEDICAL PLZ,SYNTH CITY 15,TX,5553964644,True,,,0.2765085354022176,False,True
HCP000966,6733337839,79052282319,RR2196207,DANA,J,LEVINE,SR,DO,207R00000X,Internal Medicine,FL517661,FL,91162,1966 MEDICAL PLZ,SYNTH CITY 16,FL,5554322930,True,,,7.069808383764477,False,True
HCP000967,1752173199,94112310983,MA9812303,DIANE,K,ZUNIGA,III,DO,207RR0500X,Rheumatology,GA849177,GA,91169,1967 MEDICAL PLZ,SYNTH CITY 17,GA,5558835444,True,,,3.8389495884025795,False,True
HCP000968,5621555874,07105931186,GR1632998,BRITTANY,C,PETERSEN,,DO,207RC0000X,Cardiovascular Disease,NY441860,NY,91176,1968 MEDICAL PLZ,SYNTH CITY 18,NY,5552743675,True,,,57.07895920484476,False,True
HCP000969,5620857537,83015282424,MP7543978,JAMES,D,ROBINSON,,DO,208000000X,Pediatrics,NJ514405,NJ,91183,1969 MEDICAL PLZ,SYNTH CITY 19,NJ,5553832545,True,,,4.134587683532863,False,True
HCP000970,9199738284,36286270310,PB6089346,GINA,H,OLSEN,III,PA,207Q00000X,Family Medicine,MA538066,MA,91190,1970 MEDICAL PLZ,SYNTH CITY 20,MA,5555990432,True,,,5.301306648244215,False,True
HCP000971,3070580170,86552508533,FG1613859,JESUS,B,CLARK,,NP,207RX0202X,Medical Oncology,PA553936,PA,91197,1971 MEDICAL PLZ,SYNTH CITY 21,PA,5554150868,True,,,5.023444220488163,False,True
HCP000972,0859008373,45102199043,AM8696597,DONNA,L,MURPHY,,MD,207R00000X,Internal Medicine,IL761203,IL,91204,1972 MEDICAL PLZ,SYNTH CITY 22,IL,5557736661,True,,,8.844626018888848,False,True
HCP000973,4722033907,74497122686,FP7057621,CARRIE,J,FOSTER,,PA,207RR0500X,Rheumatology,OH659579,OH,91211,1973 MEDICAL PLZ,SYNTH CITY 23,OH,5558521715,True,,,2.219196763312304,False,True
HCP000974,0864577578,39385234136,RR3738946,BRIDGET,G,MILLER,,MD,207RC0000X,Cardiovascular Disease,MI663414,MI,91218,1974 MEDICAL PLZ,SYNTH CITY 24,MI,5552611542,True,,,21.963810339367512,False,True
HCP000975,7765589057,47412079379,FR0617083,TAYLOR,S,ROBINSON,,PA,208000000X,Pediatrics,MN244524,MN,91225,1975 MEDICAL PLZ,SYNTH CITY 25,MN,5553790385,True,,,6.66509942284037,False,True
HCP000976,6483435254,78064622214,RP1500637,CATHERINE,L,RAMOS,,NP,207Q00000X,Family Medicine,CA286173,CA,91232,1976 MEDICAL PLZ,SYNTH CITY 26,CA,5551523418,True,,,4.167667751961348,False,True
HCP000977,7676387856,67821158900,MB4005684,ERIC,F,MARTINEZ,,DO,207RX0202X,Medical Oncology,OR287768,OR,91239,1977 MEDICAL PLZ,SYNTH CITY 27,OR,5558428760,True,,,244.55569956210496,False,True
HCP000978,0362341998,43184663398,GG0208912,JENNIFER,J,MARSHALL,,DO,207R00000X,Internal Medicine,WA139203,WA,91246,1978 MEDICAL PLZ,SYNTH CITY 28,WA,5556272676,True,,,0.988047850310289,False,True
HCP000979,1602187357,61799142633,AG5537613,ALLISON,D,MARTIN,,DO,207RR0500X,Rheumatology,AZ885336,AZ,91253,1979 MEDICAL PLZ,SYNTH CITY 29,AZ,5554975782,True,,,15.201381228108527,False,True
HCP000980,4527066722,17242754064,AB7747762,SANDRA,A,BLAKE,,DO,207RC0000X,Cardiovascular Disease,CO694074,CO,91260,1980 MEDICAL PLZ,SYNTH CITY 30,CO,5558447156,True,,,55.79502257531679,False,True
HCP000981,0152334641,89474873385,MM1292838,EVELYN,B,LAMBERT,,NP,208000000X,Pediatrics,TX957405,TX,91267,1981 MEDICAL PLZ,SYNTH CITY 31,TX,5552873509,True,,,16.559669893034197,False,True
HCP000982,9889586100,08229935568,AG2757978,JULIAN,M,PERKINS,,PA,207Q00000X,Family Medicine,FL402620,FL,91274,1982 MEDICAL PLZ,SYNTH CITY 32,FL,5554272005,True,,,40.88189848666557,False,True
HCP000983,4684324419,99241642296,BA0270206,MELISSA,R,CRAWFORD,,PA,207RX0202X,Medical Oncology,GA719627,GA,91281,1983 MEDICAL PLZ,SYNTH CITY 33,GA,5557874998,True,,,8.863076766581992,False,True
HCP000984,0824770693,37154649920,GM7550733,CORY,C,DAVIS,,DO,207R00000X,Internal Medicine,NY443067,NY,91288,1984 MEDICAL PLZ,SYNTH CITY 34,NY,5553101104,True,,,9.163644116910255,False,True
HCP000985,8848218664,99140312828,RG5368816,TAYLOR,J,HENRY,,MD,207RR0500X,Rheumatology,NJ595000,NJ,91295,1985 MEDICAL PLZ,SYNTH CITY 35,NJ,5558661932,True,,,10.728162751722698,False,True
HCP000986,0761635834,90129238381,AA1606520,BRITTANY,J,RAMIREZ,,MD,207RC0000X,Cardiovascular Disease,MA937880,MA,91302,1986 MEDICAL PLZ,SYNTH CITY 36,MA,5554918661,True,,,5.84689476664502,False,True
HCP000987,4829636669,83924558502,MP6720957,JOY,C,WALLACE,,PA,208000000X,Pediatrics,PA429667,PA,91309,1987 MEDICAL PLZ,SYNTH CITY 37,PA,5556633138,True,,,5.143257160123764,False,True
HCP000988,0198676906,05946586423,AB5040160,BENJAMIN,J,PEREZ,SR,MD,207Q00000X,Family Medicine,IL200981,IL,91316,1988 MEDICAL PLZ,SYNTH CITY 38,IL,5551725036,True,,,13.801676508150074,False,True
HCP000989,6874957973,69720744910,PR8886937,TODD,T,HOGAN,,DO,207RX0202X,Medical Oncology,OH944824,OH,91323,1989 MEDICAL PLZ,SYNTH CITY 39,OH,5554925364,True,,,14.928522907107368,False,True
HCP000990,2650608005,76190376779,GP1102184,THERESA,E,EWING,,DO,207R00000X,Internal Medicine,MI613468,MI,91330,1990 MEDICAL PLZ,SYNTH CITY 40,MI,5551031765,True,,,4.919150468763356,False,True
HCP000991,7678757270,09461380168,GA1825930,BRENT,A,MAXWELL,,NP,207RR0500X,Rheumatology,MN911843,MN,91337,1991 MEDICAL PLZ,SYNTH CITY 41,MN,5557982031,True,,,3.6380280197030506,False,True
HCP000992,6667216918,49450934687,PA0896933,MATTHEW,S,PARKS,,NP,207RC0000X,Cardiovascular Disease,CA302173,CA,91344,1992 MEDICAL PLZ,SYNTH CITY 42,CA,5559993026,True,,,4.529192846855472,False,True
HCP000993,0206149847,62805753447,RP3148630,ANTHONY,C,JOHNSON,,NP,208000000X,Pediatrics,OR506557,OR,91351,1993 MEDICAL PLZ,SYNTH CITY 43,OR,5554004977,True,,,20.700876225598105,False,True
HCP000994,1563947930,77909112101,GF3193412,STEPHEN,J,BUTLER,,MD,207Q00000X,Family Medicine,WA562493,WA,91358,1994 MEDICAL PLZ,SYNTH CITY 44,WA,5555897744,True,,,40.41459646619488,False,True
HCP000995,0542698168,47569194140,GG3468305,KATHY,M,FOSTER,,MD,207RX0202X,Medical Oncology,AZ911589,AZ,91365,1995 MEDICAL PLZ,SYNTH CITY 45,AZ,5554773614,True,,,105.3576889051135,False,True
HCP000996,3332849876,54392827288,PR5850406,SHARON,L,FRANK,,PA,207R00000X,Internal Medicine,CO765692,CO,91372,1996 MEDICAL PLZ,SYNTH CITY 46,CO,5554024379,True,,,1.7077289942817957,False,True
HCP000997,5426683202,73327227571,RB1134066,JOSHUA,P,AGUILAR,JR,MD,207RR0500X,Rheumatology,TX494339,TX,91379,1997 MEDICAL PLZ,SYNTH CITY 47,TX,5556282819,True,,,19.890084088111095,False,True
HCP000998,5678933230,59044325076,PP8185198,ROBERT,C,WOLFE,,DO,207RC0000X,Cardiovascular Disease,FL502374,FL,91386,1998 MEDICAL PLZ,SYNTH CITY 48,FL,5552458923,True,,,25.53945529153352,False,True
HCP000999,2399622077,64914219611,FP1713513,STEPHEN,J,ROBERTSON,JR,MD,208000000X,Pediatrics,GA773645,GA,91393,1999 MEDICAL PLZ,SYNTH CITY 49,GA,5551338925,True,,,12.483517282682758,False,True
HCP001000,3740132535,71992209000,FR1567696,RICKY,T,GRANT,,PA,207Q00000X,Family Medicine,CA763456,CA,90000,2000 MEDICAL PLZ,SYNTH CITY 0,CA,5558882932,True,,,10.47742098062811,False,True
HCP001001,3509374492,87693115388,BR6221401,TIMOTHY,R,RAY,,PA,207RX0202X,Medical Oncology,OR392211,OR,90007,2001 MEDICAL PLZ,SYNTH CITY 1,OR,5556004901,True,,,1.521191594712439,False,True
HCP001002,6965927208,22027121375,BF6448827,KYLE,T,REYES,,PA,207R00000X,Internal Medicine,WA755186,WA,90014,2002 MEDICAL PLZ,SYNTH CITY 2,WA,5552682528,True,,,1.9485187966870545,False,True
HCP001003,4427912637,09620733527,FM5160736,DANIEL,R,BLACK,,MD,207RR0500X,Rheumatology,AZ325830,AZ,90021,2003 MEDICAL PLZ,SYNTH CITY 3,AZ,5554082361,True,,,38.35187909373071,False,True
HCP001004,0042823282,71128431157,GM2988660,LISA,J,SMITH,,MD,207RC0000X,Cardiovascular Disease,CO629174,CO,90028,2004 MEDICAL PLZ,SYNTH CITY 4,CO,5552069098,True,,,7.581538355480798,False,True
HCP001005,5078054124,87484918186,GR6678285,MARIA,M,CHAPMAN,,MD,208000000X,Pediatrics,TX902429,TX,90035,2005 MEDICAL PLZ,SYNTH CITY 5,TX,5557948832,True,,,23.15383449642887,False,True
HCP001006,0779592472,70836192973,FR5662104,LOGAN,B,WOOD,,NP,207Q00000X,Family Medicine,FL449835,FL,90042,2006 MEDICAL PLZ,SYNTH CITY 6,FL,5553082407,True,,,10.831671144508686,False,True
HCP001007,4171066614,63481728154,GF0856556,MONICA,A,MIRANDA,,MD,207RX0202X,Medical Oncology,GA585970,GA,90049,2007 MEDICAL PLZ,SYNTH CITY 7,GA,5552674719,True,,,1.6197193553053886,False,True
HCP001008,4931563579,12529647905,FP3378167,LISA,M,HENRY,,PA,207R00000X,Internal Medicine,NY858635,NY,90056,2008 MEDICAL PLZ,SYNTH CITY 8,NY,5552749781,True,,,14.29927999017736,False,True
HCP001009,9170835216,10590254193,MG5938230,ANDREW,E,JOHNSON,,NP,207RR0500X,Rheumatology,NJ487090,NJ,90063,2009 MEDICAL PLZ,SYNTH CITY 9,NJ,5554208600,True,,,40.68482893468367,False,True
HCP001010,2683479747,43081222493,PP7677650,RYAN,K,BRYANT,,DO,207RC0000X,Cardiovascular Disease,MA324029,MA,90070,2010 MEDICAL PLZ,SYNTH CITY 10,MA,5556347906,True,,,42.18228942289317,False,True
HCP001011,2043784943,18796522335,RA6742489,MARK,D,HORNE,,NP,208000000X,Pediatrics,PA709257,PA,90077,2011 MEDICAL PLZ,SYNTH CITY 11,PA,5557906249,True,,,4.589783170251727,False,True
HCP001012,6597187304,74032092584,FP6081700,KRISTINA,N,CASTILLO,,MD,207Q00000X,Family Medicine,IL641422,IL,90084,2012 MEDICAL PLZ,SYNTH CITY 12,IL,5553526145,True,,,76.06575941189769,False,True
HCP001013,0951156047,23486386069,RA8916708,REBECCA,J,SWANSON,,DO,207RX0202X,Medical Oncology,OH555063,OH,90091,2013 MEDICAL PLZ,SYNTH CITY 13,OH,5558187150,True,,,1.7436118137311052,False,True
HCP001014,0309428692,82035567852,GR8957407,SAMANTHA,C,PALMER,,MD,207R00000X,Internal Medicine,MI123050,MI,90098,2014 MEDICAL PLZ,SYNTH CITY 14,MI,5557605537,True,,,74.58232386672805,False,True
HCP001015,7077268887,72029575349,FF8399060,ANTONIO,J,MARTINEZ,,PA,207RR0500X,Rheumatology,MN792410,MN,90105,2015 MEDICAL PLZ,SYNTH CITY 15,MN,5555828034,True,,,0.6082461305604732,False,True
HCP001016,8525858055,03794410447,RA1537344,JESUS,A,MARSHALL,,NP,207RC0000X,Cardiovascular Disease,CA405047,CA,90112,2016 MEDICAL PLZ,SYNTH CITY 16,CA,5552915318,True,,,217.6681074640786,False,True
HCP001017,7393609673,42067655957,FA3766728,LISA,W,COOPER,,NP,208000000X,Pediatrics,OR871959,OR,90119,2017 MEDICAL PLZ,SYNTH CITY 17,OR,5552504749,True,,,3.7021544897922842,False,True
HCP001018,3993901321,78750095906,BF6419736,RONNIE,M,BURNS,,DO,207Q00000X,Family Medicine,WA434939,WA,90126,2018 MEDICAL PLZ,SYNTH CITY 18,WA,5555354050,True,,,6.289758787349542,False,True
HCP001019,9845589214,39243219616,MF7876420,ANNE,C,MYERS,,MD,207RX0202X,Medical Oncology,AZ822462,AZ,90133,2019 MEDICAL PLZ,SYNTH CITY 19,AZ,5551430300,True,,,6.079475272378883,False,True
HCP001020,2411859137,18174903795,AM4758167,JUSTIN,H,PARRISH,,NP,207R00000X,Internal Medicine,CO509985,CO,90140,2020 MEDICAL PLZ,SYNTH CITY 20,CO,5554533390,True,,,2.3221483062107873,False,True
HCP001021,5010927155,96721035026,RR2159497,REBECCA,S,FRENCH,,MD,207RR0500X,Rheumatology,TX470413,TX,90147,2021 MEDICAL PLZ,SYNTH CITY 21,TX,5551449410,True,,,9.738092512649763,False,True
HCP001022,0019641311,54891254471,PB3266643,SHAWN,D,MURRAY,,DO,207RC0000X,Cardiovascular Disease,FL714264,FL,90154,2022 MEDICAL PLZ,SYNTH CITY 22,FL,5557229863,True,,,2.6501272404153893,False,True
HCP001023,2110224781,63633996567,AF1523829,JULIA,B,CARROLL,,MD,208000000X,Pediatrics,GA742776,GA,90161,2023 MEDICAL PLZ,SYNTH CITY 23,GA,5559123636,True,,,9.39801703142113,False,True
HCP001024,8023922221,25713599850,RM9974668,ELIZABETH,C,HERNANDEZ,,NP,207Q00000X,Family Medicine,NY286480,NY,90168,2024 MEDICAL PLZ,SYNTH CITY 24,NY,5554617179,True,,,2.2496884293360573,False,True
HCP001025,9230397462,28850016106,GG1226991,KRISTIN,R,RODRIGUEZ,,MD,207RX0202X,Medical Oncology,NJ673699,NJ,90175,2025 MEDICAL PLZ,SYNTH CITY 25,NJ,5555000400,True,,,14.5331365485339,False,True
HCP001026,1459767632,59646693331,GG1862160,CHRISTOPHER,L,CASTILLO,,PA,207R00000X,Internal Medicine,MA168778,MA,90182,2026 MEDICAL PLZ,SYNTH CITY 26,MA,5555758176,True,,,0.7268574010730542,False,True
HCP001027,5923055128,36731093837,FM9715228,JUSTIN,M,GIBSON,,PA,207RR0500X,Rheumatology,PA521456,PA,90189,2027 MEDICAL PLZ,SYNTH CITY 27,PA,5555735585,True,,,21.40992794714014,False,True
HCP001028,5954463746,30552047824,RF4648345,EMILY,S,GUZMAN,,DO,207RC0000X,Cardiovascular Disease,IL423931,IL,90196,2028 MEDICAL PLZ,SYNTH CITY 28,IL,5553092203,True,,,0.7188876831341091,False,True
HCP001029,1723828665,85182362036,FM0220624,BRENDA,K,COLON,,MD,208000000X,Pediatrics,OH937790,OH,90203,2029 MEDICAL PLZ,SYNTH CITY 29,OH,5554216637,True,,,11.684531064412202,False,True
HCP001030,2825540281,53372598326,MP0509872,LARRY,E,CARTER,,NP,207Q00000X,Family Medicine,MI308601,MI,90210,2030 MEDICAL PLZ,SYNTH CITY 30,MI,5555271916,True,,,7.089751146066714,False,True
HCP001031,8360282361,17718347523,PB4788319,STEVEN,A,DIAZ,,PA,207RX0202X,Medical Oncology,MN753611,MN,90217,2031 MEDICAL PLZ,SYNTH CITY 31,MN,5555288476,True,,,16.08416583803144,False,True
HCP001032,1609481498,67340203724,GB8710021,BIANCA,B,JOHNSON,,NP,207R00000X,Internal Medicine,CA116736,CA,90224,2032 MEDICAL PLZ,SYNTH CITY 32,CA,5556387884,True,,,14.602840258669804,False,True
HCP001033,4276901624,87854505291,AR1532471,REGINALD,R,WEBER,,DO,207RR0500X,Rheumatology,OR710072,OR,90231,2033 MEDICAL PLZ,SYNTH CITY 33,OR,5559282972,True,,,4.389123465721531,False,True
HCP001034,9182763760,27071218333,MR6151116,LAURA,D,OWENS,,PA,207RC0000X,Cardiovascular Disease,WA338827,WA,90238,2034 MEDICAL PLZ,SYNTH CITY 34,WA,5553764374,True,,,23.241550397395965,False,True
HCP001035,1533844688,31177399625,PG4584156,ASHLEY,J,CUNNINGHAM,,PA,208000000X,Pediatrics,AZ824963,AZ,90245,2035 MEDICAL PLZ,SYNTH CITY 35,AZ,5557394209,True,,,24.645894638029542,False,True
HCP001036,2746796210,84156244284,RA9672024,KIMBERLY,C,GARCIA,,MD,207Q00000X,Family Medicine,CO727852,CO,90252,2036 MEDICAL PLZ,SYNTH CITY 36,CO,5557002475,True,,,4.350261157694698,False,True
HCP001037,1400892406,29127472650,FF5441976,RODNEY,K,JOHNSON,,MD,207RX0202X,Medical Oncology,TX537819,TX,90259,2037 MEDICAL PLZ,SYNTH CITY 37,TX,5553414241,True,,,4.721353483508304,False,True
HCP001038,3919153718,95172247808,RF5346644,MELISSA,D,SIMPSON,,MD,207R00000X,Internal Medicine,FL433884,FL,90266,2038 MEDICAL PLZ,SYNTH CITY 38,FL,5557439773,True,,,24.738179466800982,False,True
HCP001039,9682125742,49181936735,PR1485018,JANET,E,MORENO,,PA,207RR0500X,Rheumatology,GA179614,GA,90273,2039 MEDICAL PLZ,SYNTH CITY 39,GA,5555096005,True,,,19.75011702146759,False,True
HCP001040,1186164020,32787709148,BB0344020,MICHAEL,C,COLLINS,,MD,207RC0000X,Cardiovascular Disease,NY248343,NY,90280,2040 MEDICAL PLZ,SYNTH CITY 40,NY,5555896042,True,,,6.948519569779088,False,True
HCP001041,5531793300,00344757225,AP1995334,STEPHANIE,S,LARSON,JR,PA,208000000X,Pediatrics,NJ147432,NJ,90287,2041 MEDICAL PLZ,SYNTH CITY 41,NJ,5555036412,True,,,2.12164078759868,False,True
HCP001042,4774090847,51863471575,GG5889038,DEANNA,K,JOHNSON,,NP,207Q00000X,Family Medicine,MA516832,MA,91008,2042 MEDICAL PLZ,SYNTH CITY 44,CA,5558987474,True,,2024-03-22,2.042627438292856,False,True
HCP001043,7200010396,18303671367,FP8354633,RYAN,A,STRICKLAND,,DO,207RX0202X,Medical Oncology,PA962258,PA,90301,2043 MEDICAL PLZ,SYNTH CITY 43,PA,5554146757,True,,,1.3621723645674335,False,True
HCP001044,4041753052,71743240646,GR0452637,JOSEPH,D,PIERCE,,PA,207R00000X,Internal Medicine,IL746154,IL,90308,2044 MEDICAL PLZ,SYNTH CITY 44,IL,5558778261,True,,,12.62013711393288,False,True
HCP001045,1539783807,97725573767,RF4778560,JULIE,M,HOWELL,,DO,207RR0500X,Rheumatology,OH210189,OH,90315,2045 MEDICAL PLZ,SYNTH CITY 45,OH,5558006052,True,,,8.68856820075069,False,True
HCP001046,6626933298,87489842187,MA9159258,COURTNEY,S,MITCHELL,,DO,207RC0000X,Cardiovascular Disease,MI815525,MI,90322,2046 MEDICAL PLZ,SYNTH CITY 46,MI,5556203598,True,,,24.5422716623513,False,True
HCP001047,8395964926,31056095081,MM8890333,MARY,R,CARTER,,MD,208000000X,Pediatrics,MN908980,MN,90329,2047 MEDICAL PLZ,SYNTH CITY 47,MN,5557142218,True,,,22.575264502944695,False,True
HCP001048,4599222062,45865127785,BG8189864,REBECCA,L,WARD,,PA,207Q00000X,Family Medicine,CA461512,CA,90336,2048 MEDICAL PLZ,SYNTH CITY 48,CA,5555526404,True,,,29.9325257588292,True,True
HCP001049,6179821304,59647379954,FG9862321,PETER,B,PERRY,,MD,207RX0202X,Medical Oncology,OR261179,OR,90343,2049 MEDICAL PLZ,SYNTH CITY 49,OR,5557188270,True,,,7.674143384811793,False,True
HCP001050,7044514736,91849771578,FG1440961,JULIA,P,AGUIRRE,,PA,207R00000X,Internal Medicine,WA939643,WA,90350,2050 MEDICAL PLZ,SYNTH CITY 0,WA,5554637316,True,,,4.3614831956088445,False,True
HCP001051,7704338384,96841595447,FP9797803,JAKE,J,MOORE,,DO,207RR0500X,Rheumatology,AZ971002,AZ,90357,2051 MEDICAL PLZ,SYNTH CITY 1,AZ,5557287338,True,,,5.0732091203609935,False,True
HCP001052,9773636367,70996154237,RR2552430,DAVID,S,MCCORMICK,,DO,207RC0000X,Cardiovascular Disease,CO652391,CO,90364,2052 MEDICAL PLZ,SYNTH CITY 2,CO,5557409695,True,,,8.120255531476106,False,True
HCP001053,9496895472,12487883739,BB9262267,BRANDON,R,GUTIERREZ,,MD,208000000X,Pediatrics,TX190050,TX,90371,2053 MEDICAL PLZ,SYNTH CITY 3,TX,5559799498,True,,,3.84879154543722,False,True
HCP001054,0321704369,31457577769,AG8180716,CRYSTAL,M,LEONARD,,PA,207Q00000X,Family Medicine,FL917570,FL,90378,2054 MEDICAL PLZ,SYNTH CITY 4,FL,5552261064,True,,,2.783319683462777,False,True
HCP001055,9511689785,40633094756,GM1940904,JOEL,M,LITTLE,,PA,207RX0202X,Medical Oncology,GA316454,GA,90385,2055 MEDICAL PLZ,SYNTH CITY 5,GA,5557166498,True,,,20.802981955089944,False,True
HCP001056,9287015181,40689770673,RR8858026,MELANIE,B,MAY,,MD,207R00000X,Internal Medicine,NY414288,NY,90392,2056 MEDICAL PLZ,SYNTH CITY 6,NY,5553328201,True,,,3.053875715570733,False,True
HCP001057,7122688964,20859860446,GP0194881,GABRIEL,T,PEREZ,,NP,207RR0500X,Rheumatology,NJ319858,NJ,90399,2057 MEDICAL PLZ,SYNTH CITY 7,NJ,5557796917,True,,,9.468545555254172,False,True
HCP001058,2333594168,86809894804,RB7356837,KIMBERLY,A,HUMPHREY,SR,MD,207RC0000X,Cardiovascular Disease,MA793909,MA,90406,2058 MEDICAL PLZ,SYNTH CITY 8,MA,5551941475,True,,,4.817269952591666,False,True
HCP001059,1856886076,11279148090,BA7445274,RICHARD,R,FERNANDEZ,,NP,208000000X,Pediatrics,PA989260,PA,90413,2059 MEDICAL PLZ,SYNTH CITY 9,PA,5555558961,True,,,1.6737754302463248,False,True
HCP001060,3920607876,01357298207,BB7139669,BETTY,M,RIOS,,NP,207Q00000X,Family Medicine,IL579685,IL,90518,2060 MEDICAL PLZ,SYNTH CITY 24,MA,5554271580,True,,2024-03-16,3.8538185136367997,False,True
HCP001061,9185517254,18003878291,AG4213363,AMANDA,J,RODRIGUEZ,,NP,207RX0202X,Medical Oncology,OH493686,OH,90427,2061 MEDICAL PLZ,SYNTH CITY 11,OH,5551990323,True,,,34.52696334183557,False,True
HCP001062,9170267972,76785960144,PM0459611,JESSICA,C,HALE,,MD,207R00000X,Internal Medicine,MI810505,MI,90434,2062 MEDICAL PLZ,SYNTH CITY 12,MI,5551609860,True,,,2.5294908812674306,False,True
HCP001063,0986534812,02394760668,RM8165156,AMANDA,A,KELLY,,NP,207RR0500X,Rheumatology,MN629860,MN,90441,2063 MEDICAL PLZ,SYNTH CITY 13,MN,5554583296,True,,,15.720106037663697,False,True
HCP001064,2928222043,75118231837,FP4874466,MARGARET,K,PARKER,JR,DO,207RC0000X,Cardiovascular Disease,CA583283,CA,90448,2064 MEDICAL PLZ,SYNTH CITY 14,CA,5551808180,True,,,49.82709259879699,False,True
HCP001065,0735933265,99041090953,RA6733000,JOYCE,S,HUNT,,DO,208000000X,Pediatrics,OR732258,OR,90455,2065 MEDICAL PLZ,SYNTH CITY 15,OR,5554255826,True,,,26.06235602967089,False,True
HCP001066,1560001822,19182349236,MF1796828,DYLAN,A,CRUZ,,PA,207Q00000X,Family Medicine,WA410843,WA,90462,2066 MEDICAL PLZ,SYNTH CITY 16,WA,5552080398,True,,,12.517866416682267,False,True
HCP001067,0640802274,04833439214,AP8884638,NATHAN,N,SIMON,,MD,207RX0202X,Medical Oncology,AZ424451,AZ,90469,2067 MEDICAL PLZ,SYNTH CITY 17,AZ,5553798957,True,,,30.764592137435617,False,True
HCP001068,7073494040,26249677988,FM8515268,BRENDA,E,KRUEGER,,NP,207R00000X,Internal Medicine,CO584675,CO,90476,2068 MEDICAL PLZ,SYNTH CITY 18,CO,5555040472,True,,,20.656920928910942,False,True
HCP001069,8555055507,75383401142,FP6782683,DIANE,K,CHANDLER,,DO,207RR0500X,Rheumatology,TX232537,TX,90483,2069 MEDICAL PLZ,SYNTH CITY 19,TX,5555201683,True,,,8.405412883938547,False,True
HCP001070,3062467915,63087384424,RA5110277,KAREN,H,WHEELER,,PA,207RC0000X,Cardiovascular Disease,FL983859,FL,90490,2070 MEDICAL PLZ,SYNTH CITY 20,FL,5559294363,True,,,10.046073716096183,False,True
HCP001071,4968226967,42276393455,BF6841854,JAMIE,L,OLSEN,SR,DO,208000000X,Pediatrics,GA946505,GA,90497,2071 MEDICAL PLZ,SYNTH CITY 21,GA,5553707036,True,,,4.312430641893923,False,True
HCP001072,9281140365,06057731824,BA4577884,CHRISTOPHER,C,JOHNS,,DO,207Q00000X,Family Medicine,NY365660,NY,90504,2072 MEDICAL PLZ,SYNTH CITY 22,NY,5551286168,True,,,3.383464094564217,False,True
HCP001073,4174073161,25481836532,FM6660333,MADISON,K,FIGUEROA,,PA,207RX0202X,Medical Oncology,NJ100258,NJ,90511,2073 MEDICAL PLZ,SYNTH CITY 23,NJ,5556360254,True,,,4.925765786087816,False,True
HCP001074,4290612868,26244600025,BR4381130,KATHLEEN,M,MOORE,,DO,207R00000X,Internal Medicine,MA881111,MA,90518,2074 MEDICAL PLZ,SYNTH CITY 24,MA,5551065944,True,,,29.513743936589236,False,True
HCP001075,5962801796,67901955432,FA2917072,MIRANDA,H,TAYLOR,,PA,207RR0500X,Rheumatology,PA700083,PA,90525,2075 MEDICAL PLZ,SYNTH CITY 25,PA,5556022589,True,,,4.282815486652252,False,True
HCP001076,7546617938,47983654690,RF8184947,KAITLIN,J,CLARK,,MD,207RC0000X,Cardiovascular Disease,IL584692,IL,90532,2076 MEDICAL PLZ,SYNTH CITY 26,IL,5555380870,True,,,0.9936568856547041,False,True
HCP001077,6155934519,33929629634,FP4067394,JEFFREY,A,KELLEY,,MD,208000000X,Pediatrics,OH986620,OH,90539,2077 MEDICAL PLZ,SYNTH CITY 27,OH,5557150220,True,,,1.4451085194117108,False,True
HCP001078,3224893016,70474637479,FB9683317,ALLISON,N,BARNES,,DO,207Q00000X,Family Medicine,MI539617,MI,90546,2078 MEDICAL PLZ,SYNTH CITY 28,MI,5555438369,True,,,4.814725357044208,False,True
HCP001079,1879759920,05379323736,FP0335679,DIANE,B,SOLOMON,III,MD,207RX0202X,Medical Oncology,MN472218,MN,90553,2079 MEDICAL PLZ,SYNTH CITY 29,MN,5556331591,True,,,2.9005597112059296,False,True
HCP001080,5962640970,63953613108,GP6224054,HAILEY,S,GONZALEZ,,MD,207R00000X,Internal Medicine,CA917838,CA,90560,2080 MEDICAL PLZ,SYNTH CITY 30,CA,5554769903,True,,,1.1351967833198469,False,True
HCP001081,0227673312,26687331787,GF4214279,WILLIAM,B,ROGERS,,MD,207RR0500X,Rheumatology,OR364532,OR,90567,2081 MEDICAL PLZ,SYNTH CITY 31,OR,5553297483,True,,,28.422833581308808,False,True
HCP001082,7745565904,04015882077,RG0923493,VICTOR,M,RODRIGUEZ,,NP,207RC0000X,Cardiovascular Disease,WA957102,WA,90574,2082 MEDICAL PLZ,SYNTH CITY 32,WA,5556686972,True,,,4.870764541479095,False,True
HCP001083,7463646886,71854601150,AM7260433,MISTY,P,FOSTER,,PA,208000000X,Pediatrics,AZ346337,AZ,90581,2083 MEDICAL PLZ,SYNTH CITY 33,AZ,5555376046,True,,,22.52566082818549,False,True
HCP001084,8014053606,77147016574,RA1680795,DANIEL,W,CASTRO,,PA,207Q00000X,Family Medicine,CO512058,CO,90588,2084 MEDICAL PLZ,SYNTH CITY 34,CO,5553686621,True,,,5.796068570824895,False,True
HCP001085,1216269740,49321657131,FR8409114,JOSEPH,M,HARRISON,,DO,207RX0202X,Medical Oncology,TX509491,TX,90595,2085 MEDICAL PLZ,SYNTH CITY 35,TX,5551545460,True,,,19.192458607316475,False,True
HCP001086,2875883276,47155056463,MB2001172,GERALD,J,THOMAS,,DO,207R00000X,Internal Medicine,FL320082,FL,90602,2086 MEDICAL PLZ,SYNTH CITY 36,FL,5553959465,True,,,3.0555207367042514,False,True
HCP001087,0458317647,55531561140,BM2461224,TRACY,T,MERCER,SR,NP,207RR0500X,Rheumatology,GA866272,GA,90609,2087 MEDICAL PLZ,SYNTH CITY 37,GA,5555850488,True,,,5.475650784997214,False,True
HCP001088,5972475466,38977739582,FM5422701,KATHERINE,S,STANTON,III,MD,207RC0000X,Cardiovascular Disease,NY396378,NY,90616,2088 MEDICAL PLZ,SYNTH CITY 38,NY,5556273550,True,,,30.129834835049547,False,True
HCP001089,1376241422,46029624812,BM5533578,AMANDA,K,BURKE,SR,DO,208000000X,Pediatrics,NJ941706,NJ,90623,2089 MEDICAL PLZ,SYNTH CITY 39,NJ,5554738984,True,,,3.3622064022083,False,True
HCP001090,2525668002,42466551450,RM7590928,CHRISTOPHER,L,ROMERO,,MD,207Q00000X,Family Medicine,MA691846,MA,90630,2090 MEDICAL PLZ,SYNTH CITY 40,MA,5551136331,True,,,8.013984215962527,False,True
HCP001091,7992942848,69855079959,PG8166468,NICOLE,K,SMITH,,NP,207RX0202X,Medical Oncology,PA611467,PA,90637,2091 MEDICAL PLZ,SYNTH CITY 41,PA,5556234041,True,,,2.5665829132931406,False,True
HCP001092,5833256584,53737545969,AP8954598,TONYA,C,LOWERY,,PA,207R00000X,Internal Medicine,IL333132,IL,90644,2092 MEDICAL PLZ,SYNTH CITY 42,IL,5552356489,True,,,39.95705967947004,False,True
HCP001093,7725879705,28793991814,BM0848457,JOHN,S,BYRD,,PA,207RR0500X,Rheumatology,OH391977,OH,90651,2093 MEDICAL PLZ,SYNTH CITY 43,OH,5551369968,True,,,6.765358627635327,False,True
HCP001094,8941442542,86238365868,RA8904293,RODNEY,A,BROWN,,MD,207RC0000X,Cardiovascular Disease,MI152917,MI,90658,2094 MEDICAL PLZ,SYNTH CITY 44,MI,5553744024,True,,,3.5673173015021757,False,True
HCP001095,4380287498,55460463741,BG1350433,NINA,J,SCOTT,,PA,208000000X,Pediatrics,MN892840,MN,90665,2095 MEDICAL PLZ,SYNTH CITY 45,MN,5553007567,True,,,4.318090872710763,False,True
HCP001096,8998943319,16264137822,PF0132174,PAUL,A,COOPER,,NP,207Q00000X,Family Medicine,CA530234,CA,90672,2096 MEDICAL PLZ,SYNTH CITY 46,CA,5556197258,True,,,2.8695000253388923,False,True
HCP001097,3317024404,54535318930,BR8482415,MICHAEL,K,BERNARD,,NP,207RX0202X,Medical Oncology,OR698401,OR,90679,2097 MEDICAL PLZ,SYNTH CITY 47,OR,5557060965,True,,,125.95044882392428,False,True
HCP001098,0748132830,64651012729,AG7050748,CRYSTAL,B,FARLEY,,NP,207R00000X,Internal Medicine,WA242487,WA,90686,2098 MEDICAL PLZ,SYNTH CITY 48,WA,5551297314,True,,,6.104478744805358,False,True
HCP001099,0427312406,17916803102,BR2706614,CAMERON,N,ADAMS,,PA,207RR0500X,Rheumatology,AZ482256,AZ,90693,2099 MEDICAL PLZ,SYNTH CITY 49,AZ,5553154830,True,,,77.55602620630088,False,True
HCP001100,6533824606,65460640815,PR6757944,LAUREN,A,MARTINEZ,,MD,207RC0000X,Cardiovascular Disease,CO735638,CO,90700,2100 MEDICAL PLZ,SYNTH CITY 0,CO,5556932767,True,,,68.80951962599804,False,True
HCP001101,2401338506,99514609369,RP2558001,RHONDA,K,MENDOZA,,PA,208000000X,Pediatrics,TX185061,TX,90707,2101 MEDICAL PLZ,SYNTH CITY 1,TX,5551119827,True,,,0.9952805804081774,False,True
HCP001102,4623720602,46892365630,AR4462340,RUSSELL,K,CARTER,SR,NP,207Q00000X,Family Medicine,FL370119,FL,90714,2102 MEDICAL PLZ,SYNTH CITY 2,FL,5557460460,True,,,37.75083242322616,False,True
HCP001103,5643242964,92325605946,MR6408392,ANNA,K,HANSEN,,MD,207RX0202X,Medical Oncology,GA347892,GA,90721,2103 MEDICAL PLZ,SYNTH CITY 3,GA,5558127326,True,,,35.39554498571256,False,True
HCP001104,3084372465,09668401990,MM1742592,STEVE,S,JONES,,NP,207R00000X,Internal Medicine,NY685303,NY,90728,2104 MEDICAL PLZ,SYNTH CITY 4,NY,5557531573,True,,,1.1569953741135575,False,True
HCP001105,2220498341,62370573575,AM2729180,MICHELE,D,CARRILLO,,MD,207RR0500X,Rheumatology,NJ296446,NJ,90735,2105 MEDICAL PLZ,SYNTH CITY 5,NJ,5551346646,True,,,103.86609243904739,False,True
HCP001106,1409710609,83459763413,PA1579562,JACQUELINE,D,KIRK,,MD,207RC0000X,Cardiovascular Disease,MA433566,MA,90742,2106 MEDICAL PLZ,SYNTH CITY 6,MA,5552958103,True,,,27.32126815198373,False,True
HCP001107,5995271355,84078458185,MB6255965,CORY,D,BRADY,,NP,208000000X,Pediatrics,PA893994,PA,90749,2107 MEDICAL PLZ,SYNTH CITY 7,PA,5556152050,True,,,18.86406192592691,False,True
HCP001108,6333421587,88831963837,RP6194662,ISABEL,J,FLORES,,DO,207Q00000X,Family Medicine,IL873020,IL,90756,2108 MEDICAL PLZ,SYNTH CITY 8,IL,5557497975,True,,,12.200107117331822,False,True
HCP001109,4737879039,30311874524,PG7438924,JENNIFER,K,CHANDLER,,NP,207RX0202X,Medical Oncology,OH909779,OH,90763,2109 MEDICAL PLZ,SYNTH CITY 9,OH,5553123089,True,,,4.318583985367079,False,True
HCP001110,1091173884,58924683237,GB7656218,MATTHEW,S,PARKER,,PA,207R00000X,Internal Medicine,MI426590,MI,90770,2110 MEDICAL PLZ,SYNTH CITY 10,MI,5555162819,True,,,31.057360753062742,False,True
HCP001111,8473977709,17165031989,GF9341810,DARRELL,C,EWING,,PA,207RR0500X,Rheumatology,MN873151,MN,90777,2111 MEDICAL PLZ,SYNTH CITY 11,MN,5552275806,True,,,4.640380811234884,False,True
HCP001112,3977504992,34646028689,FB3523139,BENJAMIN,A,TURNER,,DO,207RC0000X,Cardiovascular Disease,CA490064,CA,90784,2112 MEDICAL PLZ,SYNTH CITY 12,CA,5556926082,True,,,39.46115275639084,False,True
HCP001113,1125319958,91033858679,MP2259052,CALVIN,R,COLLINS,,MD,208000000X,Pediatrics,OR101779,OR,90791,2113 MEDICAL PLZ,SYNTH CITY 13,OR,5556757161,True,,,30.812032412832185,False,True
HCP001114,2785971724,01475066920,PM5611485,ANNA,D,CASEY,,DO,207Q00000X,Family Medicine,WA532325,WA,90798,2114 MEDICAL PLZ,SYNTH CITY 14,WA,5557171562,True,,,58.4312364966617,False,True
HCP001115,1484861954,02763464452,GM7646734,BRIAN,J,DANIEL,,DO,207RX0202X,Medical Oncology,AZ336798,AZ,90805,2115 MEDICAL PLZ,SYNTH CITY 15,AZ,5559190353,True,,,11.518297287464785,False,True
HCP001116,5900580635,66890809790,AR2321018,CARL,J,HAWKINS,,MD,207R00000X,Internal Medicine,CO644475,CO,90812,2116 MEDICAL PLZ,SYNTH CITY 16,CO,5553316573,True,,,1.5274962836986956,False,True
HCP001117,8418946736,87088549834,RR6672928,CINDY,R,BENNETT,,PA,207RR0500X,Rheumatology,TX880510,TX,90819,2117 MEDICAL PLZ,SYNTH CITY 17,TX,5555469405,True,,,7.08272441338766,False,True
HCP001118,5545594207,47126625724,BR3881903,JESSICA,J,HOWARD,SR,NP,207RC0000X,Cardiovascular Disease,FL623774,FL,90826,2118 MEDICAL PLZ,SYNTH CITY 18,FL,5554758181,True,,,13.833367921839267,False,True
HCP001119,2683482428,30380515765,PG6001533,JUSTIN,W,HUDSON,,DO,208000000X,Pediatrics,GA499728,GA,90833,2119 MEDICAL PLZ,SYNTH CITY 19,GA,5555524697,True,,,13.995421415737589,False,True
HCP001120,9655423660,15455481330,AR7324720,CHRISTINE,C,MILLER,,DO,207Q00000X,Family Medicine,NY255110,NY,90840,2120 MEDICAL PLZ,SYNTH CITY 20,NY,5558589800,True,,,2.177127315264294,False,True
HCP001121,5778703541,00737889420,MA2223359,MICHELLE,A,FOSTER,,NP,207RX0202X,Medical Oncology,NJ202730,NJ,90847,2121 MEDICAL PLZ,SYNTH CITY 21,NJ,5552700716,True,,,16.760050663246496,False,True
HCP001122,8311844236,34341020029,BM1465727,GREG,C,JIMENEZ,,DO,207R00000X,Internal Medicine,MA997187,MA,90854,2122 MEDICAL PLZ,SYNTH CITY 22,MA,5558420889,True,,,22.867935472416516,False,True
HCP001123,3720525146,22993631080,GB7153511,SHANNON,W,WILLIAMS,,MD,207RR0500X,Rheumatology,PA914117,PA,90861,2123 MEDICAL PLZ,SYNTH CITY 23,PA,5559478952,True,,,19.58227729377672,True,True
HCP001124,7665660511,98466196469,MM8618871,CHRISTOPHER,T,JOHNSTON,,NP,207RC0000X,Cardiovascular Disease,IL961484,IL,90868,2124 MEDICAL PLZ,SYNTH CITY 24,IL,5551321596,True,,,16.9925214411894,False,True
HCP001125,2680225234,26856334948,FM2386447,KENNETH,J,EVANS,,MD,208000000X,Pediatrics,OH396078,OH,90875,2125 MEDICAL PLZ,SYNTH CITY 25,OH,5557282919,True,,,26.101833434259422,False,True
HCP001126,3885002071,61530410216,PG6175483,BRYAN,L,LEE,,DO,207Q00000X,Family Medicine,MI569722,MI,90882,2126 MEDICAL PLZ,SYNTH CITY 26,MI,5556202070,True,,,3.1067926878029932,False,True
HCP001127,3175739895,79886841286,RR7013092,CHELSEY,C,GONZALEZ,SR,NP,207RX0202X,Medical Oncology,MN191299,MN,90889,2127 MEDICAL PLZ,SYNTH CITY 27,MN,5559122072,True,,,5.173444457838511,False,True
HCP001128,6027526311,65101229784,FF8361969,SARAH,S,WALTON,,DO,207R00000X,Internal Medicine,CA521055,CA,90896,2128 MEDICAL PLZ,SYNTH CITY 28,CA,5553905946,True,,,22.42773065523316,False,True
HCP001129,1063058998,86580559458,BA4647207,JENNIFER,T,BROWN,,DO,207RR0500X,Rheumatology,OR433331,OR,90903,2129 MEDICAL PLZ,SYNTH CITY 29,OR,5555317813,True,,,2.679132073533538,False,True
HCP001130,4358308193,47690121901,GB3658491,KRISTEN,N,BERNARD,,MD,207RC0000X,Cardiovascular Disease,WA126007,WA,90910,2130 MEDICAL PLZ,SYNTH CITY 30,WA,5554341446,True,,,16.44187589473914,False,True
HCP001131,5807722363,34919640084,PP4326735,SONYA,C,GUZMAN,,NP,208000000X,Pediatrics,AZ783267,AZ,90917,2131 MEDICAL PLZ,SYNTH CITY 31,AZ,5559658478,True,,,14.375758304771026,False,True
HCP001132,3326273380,73660080371,GA5722575,SHARON,J,POWELL,,MD,207Q00000X,Family Medicine,CO967979,CO,90924,2132 MEDICAL PLZ,SYNTH CITY 32,CO,5558166864,True,,,6.127437285411469,False,True
HCP001133,0123924611,13995905415,GP4424053,JASON,E,CARTER,,PA,207RX0202X,Medical Oncology,TX733581,TX,90931,2133 MEDICAL PLZ,SYNTH CITY 33,TX,5558671626,True,,,0.9806258344361757,True,True
HCP001134,9646917853,69239045265,BB2757788,JOEL,K,BELTRAN,,NP,207R00000X,Internal Medicine,FL950023,FL,90938,2134 MEDICAL PLZ,SYNTH CITY 34,FL,5553892629,True,,,10.37882656507982,False,True
HCP001135,3249897562,45620038498,RR2997126,AARON,M,GILES,,MD,207RR0500X,Rheumatology,GA119496,GA,90945,2135 MEDICAL PLZ,SYNTH CITY 35,GA,5553676566,True,,,25.260878057665238,False,True
HCP001136,6833132718,50655811459,MB8482755,CHARLES,A,RUSSO,,PA,207RC0000X,Cardiovascular Disease,NY264725,NY,90952,2136 MEDICAL PLZ,SYNTH CITY 36,NY,5558495516,True,,,7.55502075623672,False,True
HCP001137,4779792652,18226439667,PB4980225,DANIEL,W,WELCH,,PA,208000000X,Pediatrics,NJ601591,NJ,90959,2137 MEDICAL PLZ,SYNTH CITY 37,NJ,5552981238,True,,,0.7410702497139855,False,True
HCP001138,5891620218,14137601590,RA4249263,BRANDON,K,SCHULTZ,,NP,207Q00000X,Family Medicine,MA961970,MA,90966,2138 MEDICAL PLZ,SYNTH CITY 38,MA,5557512547,True,,,2.616743378265333,False,True
HCP001139,8658191985,43271838376,RG3609601,RICHARD,S,MUNOZ,,MD,207RX0202X,Medical Oncology,PA246616,PA,90973,2139 MEDICAL PLZ,SYNTH CITY 39,PA,5555916283,True,,,4.898843334097856,False,True
HCP001140,9195193492,58300955549,MM8038031,JESSICA,A,HERNANDEZ,,NP,207R00000X,Internal Medicine,IL718791,IL,90980,2140 MEDICAL PLZ,SYNTH CITY 40,IL,5557842022,True,,,2.755303417329232,False,True
HCP001141,5456233464,70773642198,RA9653231,JESSICA,E,MCGEE,,PA,207RR0500X,Rheumatology,OH901744,OH,90987,2141 MEDICAL PLZ,SYNTH CITY 41,OH,5552190810,True,,,3.528339935361067,False,True
HCP001142,7876095960,24073072216,FG3737404,MICHAEL,R,COLLINS,,MD,207RC0000X,Cardiovascular Disease,MI777336,MI,90994,2142 MEDICAL PLZ,SYNTH CITY 42,MI,5556620613,True,,,7.300050529065172,False,True
HCP001143,2046389369,45168359748,AM2157772,BOBBY,C,MURRAY,,DO,208000000X,Pediatrics,MN823493,MN,91001,2143 MEDICAL PLZ,SYNTH CITY 43,MN,5555360948,True,,,17.830433416680286,False,True
HCP001144,4243048616,85772753154,GM7129549,STEVEN,K,TAPIA,,NP,207Q00000X,Family Medicine,CA247090,CA,91008,2144 MEDICAL PLZ,SYNTH CITY 44,CA,5557590322,True,,,29.65107993726831,False,True
HCP001145,2916649694,29438723759,MR3717458,STACY,R,FIELDS,,MD,207RX0202X,Medical Oncology,OR472786,OR,91015,2145 MEDICAL PLZ,SYNTH CITY 45,OR,5556069276,True,,,10.57849214352959,False,True
HCP001146,6115048855,22574814609,RP7212159,ZACHARY,K,MUELLER,,NP,207R00000X,Internal Medicine,WA695976,WA,91022,2146 MEDICAL PLZ,SYNTH CITY 46,WA,5551943378,True,,,2.5182372007517335,False,True
HCP001147,6179241719,43901173072,MG1683822,GLENDA,T,NASH,,MD,207RR0500X,Rheumatology,AZ684705,AZ,91029,2147 MEDICAL PLZ,SYNTH CITY 47,AZ,5552172043,True,,,14.363232122809816,False,True
HCP001148,5269226465,12653936447,FF7042454,MICHAEL,C,BARRON,,PA,207RC0000X,Cardiovascular Disease,CO678917,CO,91036,2148 MEDICAL PLZ,SYNTH CITY 48,CO,5553911064,True,,,11.1920978659005,False,True
HCP001149,0107273365,77152131307,FM7805438,MICHAEL,N,SILVA,,MD,208000000X,Pediatrics,TX455210,TX,91043,2149 MEDICAL PLZ,SYNTH CITY 49,TX,5551672920,True,,,21.638409217740413,False,True
HCP001150,1730067133,75582844950,BM2125057,BRENDA,D,FLORES,,DO,207Q00000X,Family Medicine,FL546643,FL,91050,2150 MEDICAL PLZ,SYNTH CITY 0,FL,5559767735,True,,,1.8249193695742978,False,True
HCP001151,4119734091,40720950252,RR8593575,JENNIFER,S,REYNOLDS,,PA,207RX0202X,Medical Oncology,GA846914,GA,91057,2151 MEDICAL PLZ,SYNTH CITY 1,GA,5552639116,True,,,0.43893189988498105,False,True
HCP001152,3271217903,90658258669,GB9157774,KENDRA,J,JOHNSON,,MD,207R00000X,Internal Medicine,NY974820,NY,91064,2152 MEDICAL PLZ,SYNTH CITY 2,NY,5557167294,True,,,6.024657589718445,False,True
HCP001153,4804660684,02488688038,GM4053781,GINA,A,TORRES,,DO,207RR0500X,Rheumatology,NJ456581,NJ,91071,2153 MEDICAL PLZ,SYNTH CITY 3,NJ,5556090970,True,,,15.626742656903676,False,True
HCP001154,8499241130,41487229588,GG3666871,CHERYL,K,PRICE,,DO,207RC0000X,Cardiovascular Disease,MA877903,MA,91078,2154 MEDICAL PLZ,SYNTH CITY 4,MA,5554745515,True,,,12.525207631202992,False,True
HCP001155,1420671558,18615172468,GA2603339,CARLA,M,WILSON,,PA,208000000X,Pediatrics,PA904163,PA,91085,2155 MEDICAL PLZ,SYNTH CITY 5,PA,5552653444,True,,,5.9059744570223565,False,True
HCP001156,0119720452,09114397236,RB2682464,VICTORIA,K,MCDANIEL,,PA,207Q00000X,Family Medicine,IL646653,IL,91092,2156 MEDICAL PLZ,SYNTH CITY 6,IL,5559267355,True,,,3.7667422934720975,False,True
HCP001157,2017114887,93205440442,PR9661305,CRYSTAL,S,BURGESS,III,NP,207RX0202X,Medical Oncology,OH892374,OH,91099,2157 MEDICAL PLZ,SYNTH CITY 7,OH,5551918379,True,,,12.803701258034712,False,True
HCP001158,5582745613,45646572048,AR4248865,AARON,A,RYAN,,PA,207R00000X,Internal Medicine,MI971125,MI,90000,2158 MEDICAL PLZ,SYNTH CITY 0,CA,5558480628,True,,2024-02-20,2.4726101229403903,False,True
HCP001159,0981420629,40030810165,MF3613149,KEVIN,E,TRAN,,NP,207RR0500X,Rheumatology,MN438391,MN,91113,2159 MEDICAL PLZ,SYNTH CITY 9,MN,5557347821,True,,,3.90114664413509,False,True
HCP001160,8310764369,54726622010,MA5176272,CHELSEA,R,HALL,,DO,207RC0000X,Cardiovascular Disease,CA730953,CA,91120,2160 MEDICAL PLZ,SYNTH CITY 10,CA,5559530992,True,,,3.749660037939023,False,True
HCP001161,4949901159,53878560740,AF3274264,KATHRYN,R,CLARK,,NP,208000000X,Pediatrics,OR867947,OR,91127,2161 MEDICAL PLZ,SYNTH CITY 11,OR,5551713720,True,,,8.95489808178195,False,True
HCP001162,9042375003,97822437723,PG5866480,THOMAS,L,JONES,,MD,207Q00000X,Family Medicine,WA351816,WA,91134,2162 MEDICAL PLZ,SYNTH CITY 12,WA,5556410838,True,,,4.197866772678459,False,True
HCP001163,3718429152,02684239919,PG2472340,MICHAEL,T,TRAN,SR,DO,207RX0202X,Medical Oncology,AZ782718,AZ,91141,2163 MEDICAL PLZ,SYNTH CITY 13,AZ,5559844125,True,,,4.514505736290983,False,True
HCP001164,4346362500,83005888348,PG4015553,SCOTT,L,WALTON,,PA,207R00000X,Internal Medicine,CO973601,CO,91148,2164 MEDICAL PLZ,SYNTH CITY 14,CO,5551471860,True,,,7.198414237918112,False,True
HCP001165,3489069708,92228131905,BF5654286,KELSEY,A,CLARK,,MD,207RR0500X,Rheumatology,TX982156,TX,91155,2165 MEDICAL PLZ,SYNTH CITY 15,TX,5559274855,True,,,7.711675682933067,False,True
HCP001166,4292996160,44326928009,AF8330631,MARY,K,COLON,,PA,207RC0000X,Cardiovascular Disease,FL772629,FL,91162,2166 MEDICAL PLZ,SYNTH CITY 16,FL,5559818051,True,,,3.4192858511838184,False,True
HCP001167,0282094438,99470791008,BF3314938,ANGELA,G,CAMERON,,NP,208000000X,Pediatrics,GA434210,GA,91169,2167 MEDICAL PLZ,SYNTH CITY 17,GA,5553312143,True,,,47.88787948750591,False,True
HCP001168,3968960948,36078436804,FA0575249,ERIN,J,LEE,,PA,207Q00000X,Family Medicine,NY662299,NY,91176,2168 MEDICAL PLZ,SYNTH CITY 18,NY,5554282652,True,,,1.9406974191482025,False,True
HCP001169,9802462405,14346750032,GM2424306,ANGELA,J,PERRY,,DO,207RX0202X,Medical Oncology,NJ275580,NJ,91183,2169 MEDICAL PLZ,SYNTH CITY 19,NJ,5558982891,True,,,7.19114686424181,False,True
HCP001170,5406970280,74000805271,RA8100734,LAURA,M,FISHER,,PA,207R00000X,Internal Medicine,MA368665,MA,91190,2170 MEDICAL PLZ,SYNTH CITY 20,MA,5551584699,True,,,66.03775441747912,False,True
HCP001171,8153937445,60050687626,BR0540175,SHAWN,C,BALL,,MD,207RR0500X,Rheumatology,PA694599,PA,91197,2171 MEDICAL PLZ,SYNTH CITY 21,PA,5554606368,True,,,28.692668414557787,False,True
HCP001172,3257161539,17367464624,AF0483480,AUDREY,K,LYONS,,DO,207RC0000X,Cardiovascular Disease,IL332491,IL,91204,2172 MEDICAL PLZ,SYNTH CITY 22,IL,5556335051,True,,,27.285137848437657,False,True
HCP001173,4275842365,13970946016,BA6281033,WILLIE,J,RIOS,,PA,208000000X,Pediatrics,OH479854,OH,91211,2173 MEDICAL PLZ,SYNTH CITY 23,OH,5557381764,True,,,8.421878520872609,False,True
HCP001174,7462596918,28140214669,AF5013855,KIMBERLY,F,WILSON,,NP,207Q00000X,Family Medicine,MI748904,MI,91218,2174 MEDICAL PLZ,SYNTH CITY 24,MI,5553785113,True,,,12.021441540410692,False,True
HCP001175,8581888095,35573157088,MR3166921,ANDREW,J,HALL,,MD,207RX0202X,Medical Oncology,MN704277,MN,91225,2175 MEDICAL PLZ,SYNTH CITY 25,MN,5552668026,True,,,4.711412858948426,False,True
HCP001176,8306498030,73137427041,MR4987101,LORI,L,GARRISON,,MD,207R00000X,Internal Medicine,CA976857,CA,91232,2176 MEDICAL PLZ,SYNTH CITY 26,CA,5557686468,True,,,7.634742099566281,False,True
HCP001177,6122954079,16322270999,PF4187190,JOSEPH,Z,HUNT,,NP,207RR0500X,Rheumatology,OR895076,OR,91239,2177 MEDICAL PLZ,SYNTH CITY 27,OR,5559553093,True,,,3.572261228968227,False,True
HCP001178,1343432385,42498828704,PG5308722,STEVEN,J,PRATT,,MD,207RC0000X,Cardiovascular Disease,WA663389,WA,91246,2178 MEDICAL PLZ,SYNTH CITY 28,WA,5558622544,True,,,2.360324690973619,False,True
HCP001179,4419816309,89792111714,PR1101339,CINDY,J,RIOS,,DO,208000000X,Pediatrics,AZ751811,AZ,91253,2179 MEDICAL PLZ,SYNTH CITY 29,AZ,5554038378,True,,,4.782321790825925,False,True
HCP001180,1398781645,12598408506,RR8966168,ADAM,D,WILKERSON,,MD,207Q00000X,Family Medicine,CO280941,CO,91260,2180 MEDICAL PLZ,SYNTH CITY 30,CO,5558724412,True,,,7.4598008822021615,False,True
HCP001181,9537314483,21459514972,MP2531833,THOMAS,C,ANDERSON,,NP,207RX0202X,Medical Oncology,TX975606,TX,91267,2181 MEDICAL PLZ,SYNTH CITY 31,TX,5557981132,True,,,0.6217327979543819,False,True
HCP001182,8764674809,85994721437,GA4405989,SCOTT,V,VALDEZ,,MD,207R00000X,Internal Medicine,FL485698,FL,91274,2182 MEDICAL PLZ,SYNTH CITY 32,FL,5555905691,True,,,47.686038608441464,False,True
HCP001183,8204162886,80441199023,BA5482530,MATTHEW,A,VALENTINE,,NP,207RR0500X,Rheumatology,GA130664,GA,91281,2183 MEDICAL PLZ,SYNTH CITY 33,GA,5557268617,True,,,3.382850321368982,False,True
HCP001184,6148042966,50068718282,GR4650734,BARBARA,M,DAVIS,,NP,207RC0000X,Cardiovascular Disease,NY673763,NY,91288,2184 MEDICAL PLZ,SYNTH CITY 34,NY,5555705591,True,,,12.532875924773801,False,True
HCP001185,3195316567,67235390186,RA1888820,ADAM,R,BAUTISTA,,NP,208000000X,Pediatrics,NJ104095,NJ,91295,2185 MEDICAL PLZ,SYNTH CITY 35,NJ,5557691739,True,,,27.162686341975782,False,True
HCP001186,8639368579,46460041714,BR8039480,JAMES,L,REYNOLDS,,MD,207Q00000X,Family Medicine,MA109237,MA,91302,2186 MEDICAL PLZ,SYNTH CITY 36,MA,5557609608,True,,,2.1068198592477043,False,True
HCP001187,0473357008,24363832860,BA7693040,NICOLE,L,CASTILLO,,DO,207RX0202X,Medical Oncology,PA892206,PA,91309,2187 MEDICAL PLZ,SYNTH CITY 37,PA,5555623715,True,,,16.141085932186204,False,True
HCP001188,6828918089,39508932536,FB2640571,EUGENE,L,GUERRA,,PA,207R00000X,Internal Medicine,IL413331,IL,91316,2188 MEDICAL PLZ,SYNTH CITY 38,IL,5558539878,True,,,2.6908223038989556,False,True
HCP001189,6072652459,00684019702,PM2699830,ROBERT,T,COLLINS,SR,NP,207RR0500X,Rheumatology,OH407611,OH,91323,2189 MEDICAL PLZ,SYNTH CITY 39,OH,5552346324,True,,,1.1523664353390364,True,True
HCP001190,9630647185,84372092087,BG6832088,ROBERT,G,WHITEHEAD,,PA,207RC0000X,Cardiovascular Disease,MI316256,MI,91330,2190 MEDICAL PLZ,SYNTH CITY 40,MI,5553184703,True,,,9.37310604357846,False,True
HCP001191,7848031127,34417758881,AG0011338,JONATHON,R,CONWAY,,PA,208000000X,Pediatrics,MN557411,MN,91337,2191 MEDICAL PLZ,SYNTH CITY 41,MN,5553461200,True,,,2.6346112812378593,False,True
HCP001192,0432437180,39678923258,PG4748566,DANIEL,C,WHITE,,NP,207Q00000X,Family Medicine,CA473444,CA,91344,2192 MEDICAL PLZ,SYNTH CITY 42,CA,5559443513,True,,,4.534389536498385,False,True
HCP001193,5306570966,95563273040,GM9636579,WYATT,C,SMITH,,PA,207RX0202X,Medical Oncology,OR395507,OR,91351,2193 MEDICAL PLZ,SYNTH CITY 43,OR,5554631050,True,,,15.146391899891265,False,True
HCP001194,4526511058,69963868294,RF8621130,NICHOLAS,M,BUSH,,NP,207R00000X,Internal Medicine,WA940154,WA,91358,2194 MEDICAL PLZ,SYNTH CITY 44,WA,5558203601,True,,,1.5076756466603656,False,True
HCP001195,9459466105,56017615070,PB2983113,JOSHUA,G,MERCADO,,PA,207RR0500X,Rheumatology,AZ824437,AZ,91365,2195 MEDICAL PLZ,SYNTH CITY 45,AZ,5553342504,True,,,14.706996863459256,True,True
HCP001196,9389992519,05398456994,FM2123671,PETER,C,SANTOS,,PA,207RC0000X,Cardiovascular Disease,CO334119,CO,91372,2196 MEDICAL PLZ,SYNTH CITY 46,CO,5555754356,True,,,2.620680612964436,False,True
HCP001197,5471977467,74326569832,BG8294721,JESSE,N,HEBERT,,DO,208000000X,Pediatrics,TX464670,TX,91379,2197 MEDICAL PLZ,SYNTH CITY 47,TX,5556849966,True,,,8.319918954990483,False,True
HCP001198,6421972517,84145330518,PM2696798,CHARLES,I,THOMAS,,PA,207Q00000X,Family Medicine,FL747013,FL,91386,2198 MEDICAL PLZ,SYNTH CITY 48,FL,5553051069,True,,,1.3723009802340367,False,True
HCP001199,4602561464,36525113210,GA7061614,CHRISTIAN,M,THOMAS,,MD,207RX0202X,Medical Oncology,GA674001,GA,91393,2199 MEDICAL PLZ,SYNTH CITY 49,GA,5556768461,False,2024-03-08,,0.4334508011602707,False,True
HCP001200,4332184520,70888460519,RB5574833,ROBERT,A,ALLEN,,MD,207R00000X,Internal Medicine,CA685290,CA,90000,2200 MEDICAL PLZ,SYNTH CITY 0,CA,5553514409,True,,,48.51869544729042,False,True
HCP001201,8769840645,79520710123,FB7823897,DAVID,G,BENNETT,,NP,207RR0500X,Rheumatology,OR709425,OR,90007,2201 MEDICAL PLZ,SYNTH CITY 1,OR,5551268185,True,,,15.364851265216236,False,True
HCP001202,6450890119,28335823344,RB4257942,AARON,J,COX,,MD,207RC0000X,Cardiovascular Disease,WA962225,WA,90014,2202 MEDICAL PLZ,SYNTH CITY 2,WA,5558977773,True,,,2.2347411706743605,False,True
HCP001203,5753454813,28893919208,GF2461978,VANESSA,P,MOLINA,,PA,208000000X,Pediatrics,AZ429146,AZ,90021,2203 MEDICAL PLZ,SYNTH CITY 3,AZ,5556126928,True,,,1.1991597144303123,False,True
HCP001204,5031844371,92663899911,MP4121115,JENNIFER,B,THOMPSON,,NP,207Q00000X,Family Medicine,CO701148,CO,90028,2204 MEDICAL PLZ,SYNTH CITY 4,CO,5551877559,True,,,1.649860104335022,True,True
HCP001205,2817212931,48968191184,BA2809727,MICHAEL,J,LEE,,NP,207RX0202X,Medical Oncology,TX106583,TX,90035,2205 MEDICAL PLZ,SYNTH CITY 5,TX,5558923757,True,,,2.8451413871770166,False,True
HCP001206,7780253960,44746454531,BF3442325,CARRIE,H,LOPEZ,,DO,207R00000X,Internal Medicine,FL996528,FL,90042,2206 MEDICAL PLZ,SYNTH CITY 6,FL,5555362717,True,,,20.65663725365372,False,True
HCP001207,6774508793,29060754735,PG0954002,STEVEN,G,LOWE,,DO,207RR0500X,Rheumatology,GA779263,GA,90049,2207 MEDICAL PLZ,SYNTH CITY 7,GA,5554526493,True,,,2.0956707598046624,False,True
HCP001208,8192566585,17559586074,GF1720472,REBECCA,C,FORBES,,PA,207RC0000X,Cardiovascular Disease,NY232426,NY,90959,2208 MEDICAL PLZ,SYNTH CITY 37,NJ,5559263771,True,,2024-02-14,8.719770960648464,False,True
HCP001209,1479022802,90253047254,BA8958395,PETER,E,SHERMAN,,PA,208000000X,Pediatrics,NJ602922,NJ,90063,2209 MEDICAL PLZ,SYNTH CITY 9,NJ,5558625433,True,,,8.021680924712633,False,True
HCP001210,9687659273,36941114026,MM6092084,PAMELA,R,HANSON,,NP,207Q00000X,Family Medicine,MA574694,MA,90070,2210 MEDICAL PLZ,SYNTH CITY 10,MA,5551123909,True,,,6.039770056252435,False,True
HCP001211,1738672538,30220941631,GM6267699,JOHNATHAN,D,MCCARTY,,DO,207RX0202X,Medical Oncology,PA540831,PA,90077,2211 MEDICAL PLZ,SYNTH CITY 11,PA,5552560544,True,,,11.080288780261984,False,True
HCP001212,9599990055,63956271886,RR0213510,LISA,K,HUYNH,,DO,207R00000X,Internal Medicine,IL747536,IL,90084,2212 MEDICAL PLZ,SYNTH CITY 12,IL,5556326222,True,,,30.659738439639252,False,True
HCP001213,4131890228,92048842045,AR7333870,MATTHEW,M,WILSON,,DO,207RR0500X,Rheumatology,OH832414,OH,90091,2213 MEDICAL PLZ,SYNTH CITY 13,OH,5555566343,True,,,15.41287193572101,False,True
HCP001214,7840342845,64994704448,MG4622536,TANYA,L,COLLIER,,NP,207RC0000X,Cardiovascular Disease,MI354991,MI,90098,2214 MEDICAL PLZ,SYNTH CITY 14,MI,5558140776,True,,,3.8729606860497623,False,True
HCP001215,2275672295,31982775920,PF1948838,JESSE,S,SMITH,,DO,208000000X,Pediatrics,MN106968,MN,90105,2215 MEDICAL PLZ,SYNTH CITY 15,MN,5552714105,True,,,9.980817695301024,False,True
HCP001216,3788029627,28946625088,BM0067839,ROBERT,T,SMITH,,DO,207Q00000X,Family Medicine,CA761370,CA,90112,2216 MEDICAL PLZ,SYNTH CITY 16,CA,5554335016,True,,,1.513241245191303,False,True
HCP001217,8241521292,86868243713,MA2726443,MATTHEW,C,HENSLEY,,PA,207RX0202X,Medical Oncology,OR812415,OR,90119,2217 MEDICAL PLZ,SYNTH CITY 17,OR,5554830230,True,,,3.60564037588342,False,True
HCP001218,4956078594,26645360590,GM0012816,REBECCA,C,HUDSON,,DO,207R00000X,Internal Medicine,WA872444,WA,90126,2218 MEDICAL PLZ,SYNTH CITY 18,WA,5551717314,True,,,14.21221847630616,False,True
HCP001219,6817997623,70407667766,BP4143158,DANIEL,B,KERR,,MD,207RR0500X,Rheumatology,AZ721812,AZ,90133,2219 MEDICAL PLZ,SYNTH CITY 19,AZ,5553155408,True,,,8.143801670155145,False,True
HCP001220,2165729114,77542758420,BP2529987,PATRICK,C,MONTOYA,SR,DO,207RC0000X,Cardiovascular Disease,CO776725,CO,90140,2220 MEDICAL PLZ,SYNTH CITY 20,CO,5552170866,True,,,5.9048860655414295,False,True
HCP001221,5003807208,05953802109,BA9924647,CASSANDRA,S,RICHARDSON,,NP,208000000X,Pediatrics,TX109393,TX,90147,2221 MEDICAL PLZ,SYNTH CITY 21,TX,5556585517,True,,,1.9261762510452853,False,True
HCP001222,0306008299,43276038422,BR3208377,DANA,J,HAYES,,MD,207Q00000X,Family Medicine,FL701180,FL,90154,2222 MEDICAL PLZ,SYNTH CITY 22,FL,5557064410,True,,,5.814424837790738,False,True
HCP001223,2057148308,02762090941,FF1464691,LAUREN,M,ROSALES,,MD,207RX0202X,Medical Oncology,GA428481,GA,90161,2223 MEDICAL PLZ,SYNTH CITY 23,GA,5554541636,False,2024-02-11,,1.4319079207896541,False,True
HCP001224,9194473598,35964961037,FB9103154,NICOLE,B,HERNANDEZ,,DO,207R00000X,Internal Medicine,NY716346,NY,90168,2224 MEDICAL PLZ,SYNTH CITY 24,NY,5557281331,True,,,2.9390438154677403,False,True
HCP001225,3545801458,02406555666,BM1091139,KELLIE,L,HUFFMAN,,MD,207RR0500X,Rheumatology,NJ666389,NJ,90175,2225 MEDICAL PLZ,SYNTH CITY 25,NJ,5558495528,True,,,0.9654710665450243,False,True
HCP001226,3473794204,60842397578,MF0127019,NICHOLAS,R,KERR,,PA,207RC0000X,Cardiovascular Disease,MA970472,MA,90182,2226 MEDICAL PLZ,SYNTH CITY 26,MA,5555537207,True,,,0.4491323944199714,False,True
HCP001227,1981667573,49863223953,RF7639690,SHAWN,J,JENNINGS,,NP,208000000X,Pediatrics,PA855634,PA,90259,2227 MEDICAL PLZ,SYNTH CITY 37,TX,5552093496,True,,2024-03-20,10.563004993030889,False,True
HCP001228,5091112461,94816410201,GP5703605,LISA,K,BLANKENSHIP,,MD,207Q00000X,Family Medicine,IL987790,IL,90196,2228 MEDICAL PLZ,SYNTH CITY 28,IL,5551813355,True,,,2.655323462161367,False,True
HCP001229,0621042486,81401367627,RM7878231,HOLLY,P,GARCIA,,MD,207RX0202X,Medical Oncology,OH299481,OH,90203,2229 MEDICAL PLZ,SYNTH CITY 29,OH,5557417358,True,,,3.2586045163946102,False,True
HCP001230,3941557423,03120392968,MR5809017,RAYMOND,J,RICHARDS,,DO,207R00000X,Internal Medicine,MI561344,MI,90210,2230 MEDICAL PLZ,SYNTH CITY 30,MI,5555315173,True,,,1.7344634735774311,False,True
HCP001231,1302378595,31484961439,FG6958182,CHERYL,L,TERRY,,PA,207RR0500X,Rheumatology,MN183387,MN,90217,2231 MEDICAL PLZ,SYNTH CITY 31,MN,5555794008,True,,,81.31003732638129,False,True
HCP001232,4200375143,52025886399,FA4461534,ASHLEY,J,SMITH,JR,PA,207RC0000X,Cardiovascular Disease,CA741531,CA,90224,2232 MEDICAL PLZ,SYNTH CITY 32,CA,5559285869,False,2024-03-19,,6.585739385593917,False,True
HCP001233,6662364028,34515282343,MP9826380,TONY,J,COHEN,,NP,208000000X,Pediatrics,OR707569,OR,90231,2233 MEDICAL PLZ,SYNTH CITY 33,OR,5554303398,True,,,25.15140126687473,False,True
HCP001234,9983801793,17841257546,RP1132795,THOMAS,L,KNOX,,NP,207Q00000X,Family Medicine,WA731448,WA,90238,2234 MEDICAL PLZ,SYNTH CITY 34,WA,5553643621,True,,,24.493984695333037,False,True
HCP001235,7861567866,20912346371,RP5077624,VALERIE,C,CARNEY,,DO,207RX0202X,Medical Oncology,AZ460605,AZ,90245,2235 MEDICAL PLZ,SYNTH CITY 35,AZ,5559171851,True,,,1.0615694353224794,False,True
HCP001236,4218559316,19559370600,FF7896164,DAVID,B,ALLEN,,PA,207R00000X,Internal Medicine,CO442272,CO,90252,2236 MEDICAL PLZ,SYNTH CITY 36,CO,5559679106,True,,,0.8960304765647237,False,True
HCP001237,5213670495,90654794646,RP2855143,PETER,D,DELEON,,MD,207RR0500X,Rheumatology,TX744803,TX,90259,2237 MEDICAL PLZ,SYNTH CITY 37,TX,5557705399,True,,,1.3913156381269758,False,True
HCP001238,6126522856,63057486552,RA0705161,ERIKA,C,CARRILLO,,DO,207RC0000X,Cardiovascular Disease,FL280120,FL,90266,2238 MEDICAL PLZ,SYNTH CITY 38,FL,5551560448,True,,,3.679279490922285,False,True
HCP001239,0873479519,02588179777,GM5937049,KEVIN,M,LEWIS,,NP,208000000X,Pediatrics,GA221372,GA,90273,2239 MEDICAL PLZ,SYNTH CITY 39,GA,5551958001,True,,,9.041229074550301,False,True
HCP001240,1157600598,13893705688,AF0019277,CINDY,A,SOSA,,PA,207Q00000X,Family Medicine,NY483439,NY,90280,2240 MEDICAL PLZ,SYNTH CITY 40,NY,5558087881,True,,,4.274875917962797,False,True
HCP001241,7432714492,67774539252,FR1883307,LEE,K,COOK,,DO,207RX0202X,Medical Oncology,NJ458835,NJ,90287,2241 MEDICAL PLZ,SYNTH CITY 41,NJ,5557179473,True,,,4.496868689411724,False,True
HCP001242,3765334156,60027802009,FP6472435,MICHAEL,L,KERR,,PA,207R00000X,Internal Medicine,MA900316,MA,90294,2242 MEDICAL PLZ,SYNTH CITY 42,MA,5559046379,True,,,4.512913079713484,False,True
HCP001243,6146801835,89801862389,RG7092909,BROOKE,R,ALLEN,,NP,207RR0500X,Rheumatology,PA517308,PA,90301,2243 MEDICAL PLZ,SYNTH CITY 43,PA,5559557604,True,,,11.895113702020367,False,True
HCP001244,1617962000,30414592389,FF7776120,MOLLY,A,WONG,,MD,207RC0000X,Cardiovascular Disease,IL730765,IL,90308,2244 MEDICAL PLZ,SYNTH CITY 44,IL,5554787512,True,,,29.895153700349194,False,True
HCP001245,1905287037,41503264483,PR1706228,RACHAEL,M,MASON,,PA,208000000X,Pediatrics,OH826211,OH,90315,2245 MEDICAL PLZ,SYNTH CITY 45,OH,5552841784,True,,,10.30194351502559,False,True
HCP001246,3067422642,42871925146,AB7997912,MARK,B,JOHNSON,,PA,207Q00000X,Family Medicine,MI433240,MI,90322,2246 MEDICAL PLZ,SYNTH CITY 46,MI,5551145916,True,,,2.395947560782823,False,True
HCP001247,6361499828,44417227787,AF4344696,KENNETH,J,YOUNG,,NP,207RX0202X,Medical Oncology,MN346050,MN,90329,2247 MEDICAL PLZ,SYNTH CITY 47,MN,5556201127,True,,,7.5442941155691665,False,True
HCP001248,1155237757,60071702929,BM6627383,LEE,L,BARNES,,PA,207R00000X,Internal Medicine,CA514088,CA,90336,2248 MEDICAL PLZ,SYNTH CITY 48,CA,5554806077,True,,,15.553962639488068,False,True
HCP001249,3886984442,37263305025,MF2833032,BRENDA,H,ESPINOZA,,MD,207RR0500X,Rheumatology,OR761775,OR,90343,2249 MEDICAL PLZ,SYNTH CITY 49,OR,5555270049,True,,,2.482988287184347,False,True
HCP001250,6284876862,67828511786,MR9818577,ASHLEY,A,JOHNSON,,MD,207RC0000X,Cardiovascular Disease,WA868057,WA,90350,2250 MEDICAL PLZ,SYNTH CITY 0,WA,5554126789,True,,,1.9966828874038312,False,True
HCP001251,2390658401,80855976849,PR5649615,LISA,T,BAILEY,,NP,208000000X,Pediatrics,AZ822372,AZ,90357,2251 MEDICAL PLZ,SYNTH CITY 1,AZ,5552380661,True,,,6.971041412614942,False,True
HCP001252,4495458463,04729162075,MR5843338,THOMAS,K,WAGNER,,DO,207Q00000X,Family Medicine,CO787993,CO,90364,2252 MEDICAL PLZ,SYNTH CITY 2,CO,5552039116,True,,,5.903241109947822,False,True
HCP001253,2413353675,52728436656,BP6298175,SABRINA,D,LEWIS,,MD,207RX0202X,Medical Oncology,TX296574,TX,90371,2253 MEDICAL PLZ,SYNTH CITY 3,TX,5551594088,True,,,5.560924588719235,False,True
HCP001254,8837096709,21062920875,PP1496615,JAMES,J,SMITH,,MD,207R00000X,Internal Medicine,FL359297,FL,90378,2254 MEDICAL PLZ,SYNTH CITY 4,FL,5556162441,True,,,19.059078369325686,False,True
HCP001255,0791402510,02297170727,GP3598591,CAROL,C,RUIZ,,DO,207RR0500X,Rheumatology,GA450051,GA,90385,2255 MEDICAL PLZ,SYNTH CITY 5,GA,5554651867,True,,,17.264129047877958,False,True
HCP001256,6850314942,50624929803,RG7907959,DIANA,L,WILLIAMS,,MD,207RC0000X,Cardiovascular Disease,NY809495,NY,90392,2256 MEDICAL PLZ,SYNTH CITY 6,NY,5558699464,True,,,3.5082957616482635,False,True
HCP001257,3854386786,41549086020,RM6541712,LAUREN,R,CAMACHO,,PA,208000000X,Pediatrics,NJ178643,NJ,90399,2257 MEDICAL PLZ,SYNTH CITY 7,NJ,5555379242,True,,,1.4193290412062398,False,True
HCP001258,5273073465,79965460425,RG5436281,DOUGLAS,W,COOPER,,MD,207Q00000X,Family Medicine,MA471138,MA,90406,2258 MEDICAL PLZ,SYNTH CITY 8,MA,5554400172,True,,,2.8951422513871194,False,True
HCP001259,9518162117,68937515062,AM3400954,KATHRYN,K,LAWRENCE,,MD,207RX0202X,Medical Oncology,PA928742,PA,90413,2259 MEDICAL PLZ,SYNTH CITY 9,PA,5556900281,True,,,25.453782168123215,False,True
HCP001260,3262450109,17811733504,FP7264472,BRUCE,B,BROWN,,NP,207R00000X,Internal Medicine,IL443449,IL,90420,2260 MEDICAL PLZ,SYNTH CITY 10,IL,5559417979,True,,,26.49605801547827,False,True
HCP001261,3910241660,96906311104,PG1718302,HEIDI,M,MATHIS,,DO,207RR0500X,Rheumatology,OH989780,OH,90427,2261 MEDICAL PLZ,SYNTH CITY 11,OH,5553086110,True,,,17.765719265806585,False,True
HCP001262,4641480916,23856812970,BF0563249,JASON,A,MYERS,,NP,207RC0000X,Cardiovascular Disease,MI194528,MI,90434,2262 MEDICAL PLZ,SYNTH CITY 12,MI,5551538699,True,,,8.40020838188095,False,True
HCP001263,1003782251,88266042047,GA8035971,JESSICA,V,RICHARDSON,,MD,208000000X,Pediatrics,MN913868,MN,90441,2263 MEDICAL PLZ,SYNTH CITY 13,MN,5555800898,True,,,4.109618180934337,False,True
HCP001264,6565092650,09959887978,AF4944765,ANNE,T,PHELPS,,NP,207Q00000X,Family Medicine,CA960804,CA,90448,2264 MEDICAL PLZ,SYNTH CITY 14,CA,5551434755,True,,,7.253616477779865,False,True
HCP001265,5760479886,13248889098,PA7602713,RANDY,L,SIMMONS,,DO,207RX0202X,Medical Oncology,OR110125,OR,90455,2265 MEDICAL PLZ,SYNTH CITY 15,OR,5558661177,True,,,7.22791652616408,False,True
HCP001266,9666687071,60280927206,PA2393090,WILLIAM,G,SIMPSON,,DO,207R00000X,Internal Medicine,WA777841,WA,90462,2266 MEDICAL PLZ,SYNTH CITY 16,WA,5552224378,True,,,26.760380757291887,False,True
HCP001267,6089451879,15634710442,FA7726233,JOSHUA,E,GIBBS,,NP,207RR0500X,Rheumatology,AZ288889,AZ,90469,2267 MEDICAL PLZ,SYNTH CITY 17,AZ,5559346134,True,,,13.789675445662999,False,True
HCP001268,6855387760,25132254483,AP2962599,CASSIE,M,KANE,JR,PA,207RC0000X,Cardiovascular Disease,CO694952,CO,90476,2268 MEDICAL PLZ,SYNTH CITY 18,CO,5557529408,True,,,8.745742462252172,False,True
HCP001269,2370176101,28822842748,RP9550119,MARY,D,RASMUSSEN,,DO,208000000X,Pediatrics,TX788471,TX,90483,2269 MEDICAL PLZ,SYNTH CITY 19,TX,5554259706,True,,,4.343819932478945,False,True
HCP001270,3730792801,36989639089,AM8692680,PAULA,S,CISNEROS,,NP,207Q00000X,Family Medicine,FL834391,FL,90490,2270 MEDICAL PLZ,SYNTH CITY 20,FL,5557670817,True,,,5.228345632340977,False,True
HCP001271,5646698519,39591757353,MB6470163,JARED,I,HUNT,,DO,207RX0202X,Medical Oncology,GA182684,GA,90497,2271 MEDICAL PLZ,SYNTH CITY 21,GA,5555737256,True,,,6.026046324393027,False,True
HCP001272,6868025316,76646812176,MM5816827,RYAN,H,STEVENS,,MD,207R00000X,Internal Medicine,NY999834,NY,90504,2272 MEDICAL PLZ,SYNTH CITY 22,NY,5554341450,True,,,4.433486843382436,False,True
HCP001273,0825726512,23434909796,RA7790550,CRAIG,R,MORRIS,,NP,207RR0500X,Rheumatology,NJ714073,NJ,90511,2273 MEDICAL PLZ,SYNTH CITY 23,NJ,5557726652,True,,,10.668476569674686,False,True
HCP001274,3433915402,24537389618,PG3767689,JOSHUA,M,GROSS,,PA,207RC0000X,Cardiovascular Disease,MA844080,MA,90518,2274 MEDICAL PLZ,SYNTH CITY 24,MA,5555255692,True,,,1.2663900650828848,False,True
HCP001275,6081256052,14611952687,FM8279380,JENNIFER,T,GRAHAM,SR,NP,208000000X,Pediatrics,PA575836,PA,90525,2275 MEDICAL PLZ,SYNTH CITY 25,PA,5554413301,True,,,144.05754854832477,False,True
HCP001276,8090771006,92806457202,PM9810014,ASHLEY,A,LOPEZ,,DO,207Q00000X,Family Medicine,IL763147,IL,90532,2276 MEDICAL PLZ,SYNTH CITY 26,IL,5558855237,True,,,4.378974120425258,False,True
HCP001277,0227624927,62282742378,AR2622879,TRISTAN,R,NEAL,,MD,207RX0202X,Medical Oncology,OH527192,OH,90539,2277 MEDICAL PLZ,SYNTH CITY 27,OH,5555155133,True,,,5.579836192781058,False,True
HCP001278,4304232539,75387557771,BF5383563,LAURIE,S,HOOD,,NP,207R00000X,Internal Medicine,MI973778,MI,90546,2278 MEDICAL PLZ,SYNTH CITY 28,MI,5555826720,True,,,27.59190921239077,False,True
HCP001279,5748572158,88659720211,GR6427504,BRIAN,S,EVANS,JR,MD,207RR0500X,Rheumatology,MN834070,MN,90553,2279 MEDICAL PLZ,SYNTH CITY 29,MN,5552521046,True,,,1.5320772852859503,False,True
HCP001280,1792405908,95415900826,MG4621901,ANN,C,TORRES,,DO,207RC0000X,Cardiovascular Disease,CA204295,CA,90560,2280 MEDICAL PLZ,SYNTH CITY 30,CA,5554302063,True,,,24.09117219639017,False,True
HCP001281,0456260997,75903091019,GA3482174,SARAH,T,MORENO,,DO,208000000X,Pediatrics,OR307730,OR,90567,2281 MEDICAL PLZ,SYNTH CITY 31,OR,5552805074,True,,,3.15768032913153,True,True
HCP001282,8390330446,42463496030,RP4271781,STEVEN,M,FISHER,,NP,207Q00000X,Family Medicine,WA707341,WA,90574,2282 MEDICAL PLZ,SYNTH CITY 32,WA,5551071646,True,,,12.106904357055155,False,True
HCP001283,9793552982,91586778937,BM0015955,JAMES,S,WHITE,,NP,207RX0202X,Medical Oncology,AZ764101,AZ,90581,2283 MEDICAL PLZ,SYNTH CITY 33,AZ,5554685050,True,,,7.29590593992133,False,True
HCP001284,8337967482,48781291763,AA8171316,DEBORAH,E,COOKE,,MD,207R00000X,Internal Medicine,CO767723,CO,90588,2284 MEDICAL PLZ,SYNTH CITY 34,CO,5556926139,True,,,17.124937766904814,False,True
HCP001285,3618827687,83418251262,GG6240517,SHARON,D,MEDINA,,PA,207RR0500X,Rheumatology,TX453149,TX,90595,2285 MEDICAL PLZ,SYNTH CITY 35,TX,5558857393,True,,,2.2188216261039,False,True
HCP001286,7474848257,60921807372,MR5563560,BENJAMIN,M,SANCHEZ,,DO,207RC0000X,Cardiovascular Disease,FL523714,FL,90602,2286 MEDICAL PLZ,SYNTH CITY 36,FL,5554550673,True,,,11.321943456618088,False,True
HCP001287,6802163793,34333444264,BP8359323,ZACHARY,K,EDWARDS,,DO,208000000X,Pediatrics,GA348839,GA,90609,2287 MEDICAL PLZ,SYNTH CITY 37,GA,5555889379,True,,,12.193264955752731,False,True
HCP001288,1395653730,71717256389,BP6283271,JAMES,D,FISHER,,PA,207Q00000X,Family Medicine,NY711463,NY,90616,2288 MEDICAL PLZ,SYNTH CITY 38,NY,5558912796,True,,,6.263791061998032,False,True
HCP001289,5650010718,28012021319,PM5691514,MELANIE,P,PETERSEN,,PA,207RX0202X,Medical Oncology,NJ186326,NJ,90623,2289 MEDICAL PLZ,SYNTH CITY 39,NJ,5558286858,True,,,23.210433542633332,False,True
HCP001290,7582687340,41627743902,MR4729571,RANDY,P,MORAN,,DO,207R00000X,Internal Medicine,MA964393,MA,90637,2290 MEDICAL PLZ,SYNTH CITY 41,PA,5558464594,True,,2024-02-01,6.804758797943132,False,True
HCP001291,4744524008,67645734220,AB7607799,GREGORY,C,PHELPS,,MD,207RR0500X,Rheumatology,PA315473,PA,90637,2291 MEDICAL PLZ,SYNTH CITY 41,PA,5556376777,True,,,2.3166566631847396,False,True
HCP001292,2923462263,23007512688,BP4251445,ALLEN,J,STEELE,,MD,207RC0000X,Cardiovascular Disease,IL985142,IL,90644,2292 MEDICAL PLZ,SYNTH CITY 42,IL,5556119391,True,,,9.425146368931072,False,True
HCP001293,9268691604,53188120682,GM4777743,STEPHANIE,T,WALKER,,NP,208000000X,Pediatrics,OH129165,OH,90651,2293 MEDICAL PLZ,SYNTH CITY 43,OH,5557482814,True,,,4.038383932131528,False,True
HCP001294,6691061124,71870244148,BA3421071,PATRICIA,M,PACE,,DO,207Q00000X,Family Medicine,MI122424,MI,90658,2294 MEDICAL PLZ,SYNTH CITY 44,MI,5552531293,True,,,10.386315077692398,False,True
HCP001295,0590894495,69238579617,MB1914988,JENNIFER,J,BARNETT,,NP,207RX0202X,Medical Oncology,MN907503,MN,90665,2295 MEDICAL PLZ,SYNTH CITY 45,MN,5556123851,True,,,3.3271878797946584,False,True
HCP001296,4666323975,75895142604,GF6528416,JESSICA,K,TORRES,,PA,207R00000X,Internal Medicine,CA666353,CA,90672,2296 MEDICAL PLZ,SYNTH CITY 46,CA,5559469739,True,,,18.682221582322402,False,True
HCP001297,6399938607,53803512658,PA3890728,STACY,T,CROSS,,MD,207RR0500X,Rheumatology,OR947684,OR,90679,2297 MEDICAL PLZ,SYNTH CITY 47,OR,5557909608,True,,,5.109646944349367,False,True
HCP001298,4133771863,67269746967,RF3336496,STEPHEN,C,MITCHELL,,NP,207RC0000X,Cardiovascular Disease,WA129255,WA,90686,2298 MEDICAL PLZ,SYNTH CITY 48,WA,5559696544,True,,,45.307795094301824,False,True
HCP001299,9652870285,71865654148,AF8508041,STEVEN,J,DAY,,DO,208000000X,Pediatrics,AZ888099,AZ,90693,2299 MEDICAL PLZ,SYNTH CITY 49,AZ,5556096933,True,,,5.505200604642335,False,True
HCP001300,8264241570,50369952835,BF4781590,JOSHUA,Y,STEWART,,NP,207Q00000X,Family Medicine,CO701348,CO,90700,2300 MEDICAL PLZ,SYNTH CITY 0,CO,5554792223,True,,,1.4416444299121982,False,True
HCP001301,2296361100,55165920411,BM4819458,PARKER,V,HESTER,,MD,207RX0202X,Medical Oncology,TX924921,TX,90707,2301 MEDICAL PLZ,SYNTH CITY 1,TX,5551627952,True,,,1.911236127726295,False,True
HCP001302,9072305110,98457376793,AG3015935,WILLIAM,D,THOMAS,,PA,207R00000X,Internal Medicine,FL650952,FL,90714,2302 MEDICAL PLZ,SYNTH CITY 2,FL,5552705871,True,,,67.08692124392711,False,True
HCP001303,5376099615,54618523612,RR3542218,ADRIAN,P,HOWELL,,NP,207RR0500X,Rheumatology,GA214891,GA,90721,2303 MEDICAL PLZ,SYNTH CITY 3,GA,5559606076,True,,,7.3573452599663876,False,True
HCP001304,8451850092,00873123754,AA2248435,JASON,K,BAKER,,MD,207RC0000X,Cardiovascular Disease,NY417692,NY,90728,2304 MEDICAL PLZ,SYNTH CITY 4,NY,5559576227,True,,,10.131906264227633,False,True
HCP001305,4203501372,00321456969,RP3008837,JERRY,J,CARROLL,SR,MD,208000000X,Pediatrics,NJ217690,NJ,90735,2305 MEDICAL PLZ,SYNTH CITY 5,NJ,5555289723,True,,,11.518863141412064,False,True
HCP001306,0299954798,11800354264,AP3637220,JESSE,A,VILLARREAL,,PA,207Q00000X,Family Medicine,MA646858,MA,90742,2306 MEDICAL PLZ,SYNTH CITY 6,MA,5551623718,True,,,0.6491620692149237,False,True
HCP001307,0687080800,20033243523,RP7383773,DANIEL,M,GIBSON,,DO,207RX0202X,Medical Oncology,PA576801,PA,90749,2307 MEDICAL PLZ,SYNTH CITY 7,PA,5556992535,True,,,6.689564951457374,False,True
HCP001308,5742544948,25213250998,BP0772491,PHILIP,R,MIRANDA,,NP,207R00000X,Internal Medicine,IL713583,IL,90756,2308 MEDICAL PLZ,SYNTH CITY 8,IL,5559552721,True,,,15.088329166160335,False,True
HCP001309,2752015273,50073823524,AA8212447,KRISTEN,M,DAVID,,PA,207RR0500X,Rheumatology,OH211402,OH,91176,2309 MEDICAL PLZ,SYNTH CITY 18,NY,5552423679,True,,2024-02-15,2.8246302557606224,True,True
HCP001310,8326661054,41275254267,AA9205399,JIMMY,W,MCGRATH,,MD,207RC0000X,Cardiovascular Disease,MI402474,MI,90770,2310 MEDICAL PLZ,SYNTH CITY 10,MI,5551030300,True,,,0.8588536389499121,False,True
HCP001311,7469868179,94606286306,GM0479327,BRIANNA,J,FISHER,,MD,208000000X,Pediatrics,MN932916,MN,90133,2311 MEDICAL PLZ,SYNTH CITY 19,AZ,5552712399,True,,2024-02-23,8.185543022271265,False,True
HCP001312,2486084637,00789265573,BG6430504,ERICA,P,SAMPSON,,NP,207Q00000X,Family Medicine,CA349689,CA,90315,2312 MEDICAL PLZ,SYNTH CITY 45,OH,5553204016,True,,2024-02-11,1.6352633278520734,False,True
HCP001313,3707080891,76608742691,RG7116236,AARON,C,RODRIGUEZ,,MD,207RX0202X,Medical Oncology,OR417437,OR,90791,2313 MEDICAL PLZ,SYNTH CITY 13,OR,5557312753,True,,,26.293603503772193,False,True
HCP001314,1172523668,52146029182,GP9620757,VICTORIA,J,EVANS,,NP,207R00000X,Internal Medicine,WA716585,WA,90798,2314 MEDICAL PLZ,SYNTH CITY 14,WA,5556625508,True,,,2.032338786513458,False,True
HCP001315,1887405003,74758330201,RG6365975,NICOLAS,D,LEWIS,,PA,207RR0500X,Rheumatology,AZ570734,AZ,90805,2315 MEDICAL PLZ,SYNTH CITY 15,AZ,5558659548,True,,,0.7999137342327979,False,True
HCP001316,1444258705,57734174379,RA8513226,CHRISTINE,M,ANDRADE,,PA,207RC0000X,Cardiovascular Disease,CO107864,CO,90812,2316 MEDICAL PLZ,SYNTH CITY 16,CO,5558420506,True,,,6.492144876860547,False,True
HCP001317,1864940055,33901272276,MM6557332,JAMES,R,WALTON,JR,MD,208000000X,Pediatrics,TX436226,TX,90819,2317 MEDICAL PLZ,SYNTH CITY 17,TX,5552978933,True,,,1.1304191603305809,False,True
HCP001318,3716769658,69997223527,AR4344533,JOSEPH,J,MILLER,,DO,207Q00000X,Family Medicine,FL476845,FL,90826,2318 MEDICAL PLZ,SYNTH CITY 18,FL,5551269205,True,,,39.25509067149434,False,True
HCP001319,6735036496,70591906922,PF6165574,JARED,C,JONES,,NP,207RX0202X,Medical Oncology,GA600343,GA,90833,2319 MEDICAL PLZ,SYNTH CITY 19,GA,5553579130,True,,,33.34037154737387,False,True
HCP001320,5428268119,92652252562,MR5174707,JILL,K,STEWART,,NP,207R00000X,Internal Medicine,NY522956,NY,90840,2320 MEDICAL PLZ,SYNTH CITY 20,NY,5556040832,True,,,1.8402858530745738,False,True
HCP001321,3948437710,04444958446,BR9113108,GRANT,A,CISNEROS,,MD,207RR0500X,Rheumatology,NJ459050,NJ,90847,2321 MEDICAL PLZ,SYNTH CITY 21,NJ,5551356010,True,,,5.728343641988216,False,True
HCP001322,0245494758,48872477607,GA5797266,AMANDA,J,FOSTER,,MD,207RC0000X,Cardiovascular Disease,MA775092,MA,90854,2322 MEDICAL PLZ,SYNTH CITY 22,MA,5557645389,True,,,4.810550116983358,False,True
HCP001323,3482675774,57382115266,FB9832864,SUSAN,A,MYERS,,NP,208000000X,Pediatrics,PA996896,PA,90861,2323 MEDICAL PLZ,SYNTH CITY 23,PA,5556005772,True,,,126.29525112757594,False,True
HCP001324,6255513452,34611093661,BP7534710,DONALD,J,HODGES,,DO,207Q00000X,Family Medicine,IL517431,IL,90868,2324 MEDICAL PLZ,SYNTH CITY 24,IL,5558230194,True,,,4.009358333551658,False,True
HCP001325,3999477714,95420923462,BF3035439,PHILLIP,M,NICHOLS,,DO,207RX0202X,Medical Oncology,OH686965,OH,90875,2325 MEDICAL PLZ,SYNTH CITY 25,OH,5553490994,True,,,15.531604563903917,False,True
HCP001326,4698109814,81835206041,RG1961357,MATTHEW,G,KELLY,III,DO,207R00000X,Internal Medicine,MI142283,MI,90882,2326 MEDICAL PLZ,SYNTH CITY 26,MI,5553719236,True,,,42.81558445579265,False,True
HCP001327,2940531660,44901796328,MF4180911,TREVOR,R,SMITH,,MD,207RR0500X,Rheumatology,MN332220,MN,90889,2327 MEDICAL PLZ,SYNTH CITY 27,MN,5558190588,True,,,1.4766200894499706,False,True
HCP001328,7484368817,87138175760,AF9972972,SUSAN,K,OCONNOR,,DO,207RC0000X,Cardiovascular Disease,CA316098,CA,90896,2328 MEDICAL PLZ,SYNTH CITY 28,CA,5556789759,True,,,5.179560294519796,False,True
HCP001329,2269121853,07050265468,BR1994042,BARBARA,K,NGUYEN,,MD,208000000X,Pediatrics,OR902784,OR,90903,2329 MEDICAL PLZ,SYNTH CITY 29,OR,5558796392,True,,,16.102843047467907,False,True
HCP001330,5079103888,18892624957,GA1633080,CARRIE,M,WILSON,,PA,207Q00000X,Family Medicine,WA699512,WA,90910,2330 MEDICAL PLZ,SYNTH CITY 30,WA,5551615120,True,,,1.1699456131443051,False,True
HCP001331,6448425804,27025832952,RA7959651,DAVID,K,LAM,,NP,207RX0202X,Medical Oncology,AZ650732,AZ,90917,2331 MEDICAL PLZ,SYNTH CITY 31,AZ,5552881911,True,,,33.076401459416445,False,True
HCP001332,0713842330,56248394373,FF5037352,MEGAN,M,BURNS,,PA,207R00000X,Internal Medicine,CO784692,CO,90924,2332 MEDICAL PLZ,SYNTH CITY 32,CO,5554652753,True,,,2.1727838563820927,False,True
HCP001333,9994383765,94495536028,BR8397841,MELISSA,F,HODGE,,MD,207RR0500X,Rheumatology,TX117304,TX,90931,2333 MEDICAL PLZ,SYNTH CITY 33,TX,5558388056,True,,,2.748380491361306,False,True
HCP001334,5642738319,96422182016,GF9381510,NATASHA,M,PEREZ,,NP,207RC0000X,Cardiovascular Disease,FL506027,FL,90938,2334 MEDICAL PLZ,SYNTH CITY 34,FL,5553436158,True,,,8.176890422280255,False,True
HCP001335,7820857838,31500706419,BM1518400,STEPHEN,D,THOMAS,,DO,208000000X,Pediatrics,GA644835,GA,90945,2335 MEDICAL PLZ,SYNTH CITY 35,GA,5558173707,True,,,1.4426585772662432,False,True
HCP001336,7102193258,96898270376,PP0561246,SCOTT,T,KIRK,,PA,207Q00000X,Family Medicine,NY300468,NY,90952,2336 MEDICAL PLZ,SYNTH CITY 36,NY,5554532263,True,,,8.154515847760171,False,True
HCP001337,2386577375,11021590200,AM9761859,MARIA,B,BRIDGES,,DO,207RX0202X,Medical Oncology,NJ563788,NJ,90959,2337 MEDICAL PLZ,SYNTH CITY 37,NJ,5551955486,True,,,16.01759290425585,False,True
HCP001338,4488497247,32304227815,RM0706452,WILLIAM,M,GUZMAN,,PA,207R00000X,Internal Medicine,MA153881,MA,90966,2338 MEDICAL PLZ,SYNTH CITY 38,MA,5553732018,True,,,6.135250064767746,False,True
HCP001339,5013000810,44664822588,PA7181155,ALICIA,J,PINEDA,,NP,207RR0500X,Rheumatology,PA697598,PA,90973,2339 MEDICAL PLZ,SYNTH CITY 39,PA,5557410356,True,,,5.66500294521011,False,True
HCP001340,2044201756,51394051066,BP1551654,KEVIN,M,FRAZIER,,DO,207RC0000X,Cardiovascular Disease,IL833688,IL,90980,2340 MEDICAL PLZ,SYNTH CITY 40,IL,5551474229,True,,,6.32272600346308,False,True
HCP001341,6509511021,80334125589,FP8346978,AMANDA,C,JOHNSON,,MD,208000000X,Pediatrics,OH896556,OH,90987,2341 MEDICAL PLZ,SYNTH CITY 41,OH,5555036422,True,,,1.763922841083429,False,True
HCP001342,1232907257,93017800487,AR2237362,JEREMY,S,JOHNSON,,DO,207Q00000X,Family Medicine,MI102862,MI,90994,2342 MEDICAL PLZ,SYNTH CITY 42,MI,5556031914,True,,,0.7629504611937123,False,True
HCP001343,7105263348,09124477639,AF3350813,KATHERINE,D,BURGESS,,NP,207RX0202X,Medical Oncology,MN591467,MN,91001,2343 MEDICAL PLZ,SYNTH CITY 43,MN,5553222222,True,,,23.764164492880678,False,True
HCP001344,7827375396,92194806142,FF9604746,MARY,A,JONES,,NP,207R00000X,Internal Medicine,CA602564,CA,91008,2344 MEDICAL PLZ,SYNTH CITY 44,CA,5559480772,True,,,0.5356749220078025,False,True
HCP001345,2290233479,10311021132,RM6604694,TIMOTHY,J,JOHNSON,,MD,207RR0500X,Rheumatology,OR895534,OR,91015,2345 MEDICAL PLZ,SYNTH CITY 45,OR,5554210372,True,,,1.0947257867286204,False,True
HCP001346,3709777189,21180609550,RF1790260,DEBRA,A,NGUYEN,,PA,207RC0000X,Cardiovascular Disease,WA395199,WA,91022,2346 MEDICAL PLZ,SYNTH CITY 46,WA,5555280325,True,,,12.688011362252507,False,True
HCP001347,7548985317,41566804075,GP8389071,ALEXIS,S,WARD,,PA,208000000X,Pediatrics,AZ616710,AZ,90182,2347 MEDICAL PLZ,SYNTH CITY 26,MA,5553290393,True,,2024-02-26,12.142198176696366,False,True
HCP001348,8310071856,23667694212,PP2077013,SHANE,D,JOHNSTON,,DO,207Q00000X,Family Medicine,CO547036,CO,91036,2348 MEDICAL PLZ,SYNTH CITY 48,CO,5557910897,True,,,27.03549050634229,False,True
HCP001349,0837691852,74859665272,MP4912395,KELLY,G,RICHARDSON,,DO,207RX0202X,Medical Oncology,TX339856,TX,91043,2349 MEDICAL PLZ,SYNTH CITY 49,TX,5559173378,True,,,1.3342182412465406,False,True
HCP001350,5998985878,31150222022,PM3153629,JOHN,C,MITCHELL,,MD,207R00000X,Internal Medicine,FL705800,FL,91050,2350 MEDICAL PLZ,SYNTH CITY 0,FL,5559037236,True,,,6.190638606699165,False,True
HCP001351,5937107204,64801397599,AG9113926,MARIA,R,LOPEZ,,DO,207RR0500X,Rheumatology,GA136608,GA,91057,2351 MEDICAL PLZ,SYNTH CITY 1,GA,5554396550,True,,,8.933467502852736,False,True
HCP001352,0602104834,23076969116,PF4308995,HEATHER,M,MITCHELL,,MD,207RC0000X,Cardiovascular Disease,NY255983,NY,91064,2352 MEDICAL PLZ,SYNTH CITY 2,NY,5552392391,True,,,14.463847821436485,False,True
HCP001353,0617851932,76255131090,PF2596077,SHERRY,R,JOHNSON,,PA,208000000X,Pediatrics,NJ433079,NJ,91071,2353 MEDICAL PLZ,SYNTH CITY 3,NJ,5554203462,True,,,3.30955146090352,False,True
HCP001354,6925327747,49083694463,BM2620121,TAYLOR,R,OCHOA,,DO,207Q00000X,Family Medicine,MA580765,MA,91078,2354 MEDICAL PLZ,SYNTH CITY 4,MA,5554445898,True,,,0.602504351940468,False,True
HCP001355,4514829413,14138968848,AP5592167,JOSEPH,M,REYES,,MD,207RX0202X,Medical Oncology,PA837562,PA,91085,2355 MEDICAL PLZ,SYNTH CITY 5,PA,5558721672,True,,,35.62516201537572,False,True
HCP001356,9810586773,19980897403,BM8403760,ANGELA,P,LUNA,SR,DO,207R00000X,Internal Medicine,IL842174,IL,91092,2356 MEDICAL PLZ,SYNTH CITY 6,IL,5552170522,True,,,13.075018723338559,False,True
HCP001357,5768219748,88575460835,MF3108561,VICTORIA,D,DAVIS,,DO,207RR0500X,Rheumatology,OH551721,OH,91099,2357 MEDICAL PLZ,SYNTH CITY 7,OH,5557694016,True,,,10.871123079643992,False,True
HCP001358,1959922174,96418807362,AP8614577,BRIANNA,A,EDWARDS,,PA,207RC0000X,Cardiovascular Disease,MI837121,MI,91106,2358 MEDICAL PLZ,SYNTH CITY 8,MI,5552801267,True,,,25.404163787341744,False,True
HCP001359,7536565261,67015369723,BA7617487,LOGAN,G,HODGES,,MD,208000000X,Pediatrics,MN911358,MN,91113,2359 MEDICAL PLZ,SYNTH CITY 9,MN,5555629732,True,,,2.4314066259203977,False,True
HCP001360,8628206756,23220253490,PA5148054,NICOLE,W,FOSTER,,DO,207Q00000X,Family Medicine,CA800730,CA,91120,2360 MEDICAL PLZ,SYNTH CITY 10,CA,5553142876,False,2024-02-20,,7.232413085566216,False,True
HCP001361,3105922199,34740508984,FM8748472,KIMBERLY,W,CAMPBELL,,MD,207RX0202X,Medical Oncology,OR658056,OR,91127,2361 MEDICAL PLZ,SYNTH CITY 11,OR,5553523108,True,,,6.843088264527419,False,True
HCP001362,4319363808,47420859322,FA1765445,BRITTANY,E,PEREZ,,MD,207R00000X,Internal Medicine,WA798560,WA,91134,2362 MEDICAL PLZ,SYNTH CITY 12,WA,5558138041,True,,,25.09647269872995,False,True
HCP001363,5060007783,17936557289,AG0336337,WILLIAM,J,SHEPHERD,SR,PA,207RR0500X,Rheumatology,AZ192578,AZ,91141,2363 MEDICAL PLZ,SYNTH CITY 13,AZ,5555826937,True,,,15.318258298653081,False,True
HCP001364,4734436684,49957519742,MG8251731,ANGIE,D,EDWARDS,,NP,207RC0000X,Cardiovascular Disease,CO945541,CO,91148,2364 MEDICAL PLZ,SYNTH CITY 14,CO,5551675026,True,,,12.41227132537513,False,True
HCP001365,2522257486,20696248345,PR7446043,BRANDON,J,ELLIOTT,,PA,208000000X,Pediatrics,TX689734,TX,91155,2365 MEDICAL PLZ,SYNTH CITY 15,TX,5555125599,True,,,0.674868523982308,False,True
HCP001366,8727379488,17351815464,AM8601221,JAMES,J,SHAFFER,,PA,207Q00000X,Family Medicine,FL966992,FL,91162,2366 MEDICAL PLZ,SYNTH CITY 16,FL,5558834869,True,,,2.5278664353299916,False,True
HCP001367,7864162285,67490441717,PG2971716,DARRELL,M,STEWART,,DO,207RX0202X,Medical Oncology,GA805435,GA,91169,2367 MEDICAL PLZ,SYNTH CITY 17,GA,5557865363,True,,,1.8319954187559564,False,True
HCP001368,7423664474,53374400980,GR7048253,RICARDO,C,MITCHELL,,MD,207R00000X,Internal Medicine,NY624741,NY,91176,2368 MEDICAL PLZ,SYNTH CITY 18,NY,5554164474,True,,,11.417338078630484,False,True
HCP001369,2266164484,02216623975,AG3819975,ZACHARY,B,GREEN,,NP,207RR0500X,Rheumatology,NJ828139,NJ,91183,2369 MEDICAL PLZ,SYNTH CITY 19,NJ,5552630881,True,,,8.677316522788127,False,True
HCP001370,3598370716,96281954206,PP9259577,SARAH,W,VAZQUEZ,,PA,207RC0000X,Cardiovascular Disease,MA924153,MA,91190,2370 MEDICAL PLZ,SYNTH CITY 20,MA,5555153923,True,,,3.1105679036916745,False,True
HCP001371,3908123409,70907684941,RF0638178,WENDY,C,LEE,,MD,208000000X,Pediatrics,PA929792,PA,91197,2371 MEDICAL PLZ,SYNTH CITY 21,PA,5553646482,True,,,8.238023602684526,False,True
HCP001372,6181846885,16496412818,MG4025428,JOHN,A,WILLIAMS,,DO,207Q00000X,Family Medicine,IL234010,IL,91204,2372 MEDICAL PLZ,SYNTH CITY 22,IL,5551489769,True,,,27.760258828746714,True,True
HCP001373,6022547734,05965381430,BB0778046,THOMAS,D,WHITE,,DO,207RX0202X,Medical Oncology,OH211883,OH,91211,2373 MEDICAL PLZ,SYNTH CITY 23,OH,5551165267,True,,,11.85298335635979,False,True
HCP001374,9043660429,96881721588,MF5214107,SYLVIA,C,REYES,,PA,207R00000X,Internal Medicine,MI536344,MI,91218,2374 MEDICAL PLZ,SYNTH CITY 24,MI,5557081971,True,,,4.521764177813157,False,True
HCP001375,4580437679,83847294940,BG1738902,LISA,S,ANDERSON,,NP,207RR0500X,Rheumatology,MN274956,MN,91225,2375 MEDICAL PLZ,SYNTH CITY 25,MN,5553043531,True,,,37.08761605932488,False,True
HCP001376,7355202772,18077130681,FG0220670,JEREMY,T,GUZMAN,,MD,207RC0000X,Cardiovascular Disease,CA612563,CA,91232,2376 MEDICAL PLZ,SYNTH CITY 26,CA,5555893519,True,,,2.9420408574507864,True,True
HCP001377,5108530580,87681877180,BB2699191,MARIA,C,WILLIAMS,,NP,208000000X,Pediatrics,OR414275,OR,91239,2377 MEDICAL PLZ,SYNTH CITY 27,OR,5558865679,True,,,2.589299000889885,False,True
HCP001378,5611483491,25129894617,GA8498401,JOHN,W,WEAVER,,DO,207Q00000X,Family Medicine,WA959570,WA,91246,2378 MEDICAL PLZ,SYNTH CITY 28,WA,5557075716,True,,,29.29756812523817,False,True
HCP001379,2483192615,80939570191,RA6347135,MICHELLE,J,COLEMAN,,MD,207RX0202X,Medical Oncology,AZ674214,AZ,91253,2379 MEDICAL PLZ,SYNTH CITY 29,AZ,5551558939,True,,,6.7834311942421355,False,True
HCP001380,1051132045,49235095636,RM2686641,CYNTHIA,A,ALLEN,,MD,207R00000X,Internal Medicine,CO543188,CO,91260,2380 MEDICAL PLZ,SYNTH CITY 30,CO,5551201351,True,,,2.644387080682849,False,True
HCP001381,5371516084,64228172040,PP2776011,BONNIE,J,SALAS,,NP,207RR0500X,Rheumatology,TX522839,TX,91267,2381 MEDICAL PLZ,SYNTH CITY 31,TX,5559998921,True,,,38.820574323443545,False,True
HCP001382,1247403938,02853589388,AR2785384,RUSSELL,G,WATSON,,DO,207RC0000X,Cardiovascular Disease,FL589020,FL,91274,2382 MEDICAL PLZ,SYNTH CITY 32,FL,5552808002,True,,,5.973079617264109,False,True
HCP001383,0612196648,40697172354,BG1708976,SCOTT,T,HARRIS,,NP,208000000X,Pediatrics,GA899802,GA,91281,2383 MEDICAL PLZ,SYNTH CITY 33,GA,5552147530,True,,,26.639917013384693,False,True
HCP001384,5041327912,43408994606,MP7044457,JANE,M,TURNER,,NP,207Q00000X,Family Medicine,NY637896,NY,91127,2384 MEDICAL PLZ,SYNTH CITY 11,OR,5552799491,True,,2024-03-11,5.155019040082389,False,True
HCP001385,6591128569,39183720611,RB9324296,MICHAEL,L,JAMES,JR,NP,207RX0202X,Medical Oncology,NJ538063,NJ,91295,2385 MEDICAL PLZ,SYNTH CITY 35,NJ,5559718200,True,,,70.41249513203002,False,True
HCP001386,4572042586,78971290563,MA2214494,JASON,K,NEAL,III,DO,207R00000X,Internal Medicine,MA395103,MA,91302,2386 MEDICAL PLZ,SYNTH CITY 36,MA,5559310491,True,,,14.476042924693614,False,True
HCP001387,4420081455,52384409574,BB0853714,CHRISTOPHER,B,BALL,,PA,207RR0500X,Rheumatology,PA791155,PA,91309,2387 MEDICAL PLZ,SYNTH CITY 37,PA,5553339451,True,,,2.193138645645603,True,True
HCP001388,5747288640,37969175169,GB3662670,BILLY,A,SMITH,,PA,207RC0000X,Cardiovascular Disease,IL681683,IL,91316,2388 MEDICAL PLZ,SYNTH CITY 38,IL,5555801294,True,,,3.3972031134833887,False,True
HCP001389,2472943960,96897994689,PP3481179,JOHN,N,SHARP,,DO,208000000X,Pediatrics,OH559533,OH,91323,2389 MEDICAL PLZ,SYNTH CITY 39,OH,5559764632,True,,,100.19786313992454,False,True
HCP001390,9424436167,24838551675,BM6892291,JENNIFER,J,LEE,,PA,207Q00000X,Family Medicine,MI224490,MI,90420,2390 MEDICAL PLZ,SYNTH CITY 10,IL,5559791326,True,,2024-03-22,19.530022991842618,False,True
HCP001391,0574712143,14707288403,MF6893929,MICHELLE,C,JOHNSON,,NP,207RX0202X,Medical Oncology,MN137598,MN,91337,2391 MEDICAL PLZ,SYNTH CITY 41,MN,5554992570,True,,,9.376018540873076,False,True
HCP001392,0043234547,94075335934,AF7784951,RICHARD,M,GONZALEZ,,MD,207R00000X,Internal Medicine,CA196578,CA,91344,2392 MEDICAL PLZ,SYNTH CITY 42,CA,5551417816,True,,,5.753790276355337,False,True
HCP001393,5185351355,93913456494,MA1208683,MATTHEW,N,GENTRY,JR,DO,207RR0500X,Rheumatology,OR191841,OR,91351,2393 MEDICAL PLZ,SYNTH CITY 43,OR,5552926204,True,,,6.122237846805075,False,True
HCP001394,6101768508,79255295934,RB5777602,MARY,J,OLSON,,DO,207RC0000X,Cardiovascular Disease,WA891901,WA,91176,2394 MEDICAL PLZ,SYNTH CITY 18,NY,5554086913,True,,2024-02-01,3.3075769455219475,False,True
HCP001395,3933851578,71901206539,BR5692176,LYNN,D,FLORES,,NP,208000000X,Pediatrics,AZ586989,AZ,91365,2395 MEDICAL PLZ,SYNTH CITY 45,AZ,5552189966,True,,,240.90088172733886,False,True
HCP001396,9873145269,24170034717,BR5707450,JOHN,M,BOYD,,PA,207Q00000X,Family Medicine,CO894657,CO,91372,2396 MEDICAL PLZ,SYNTH CITY 46,CO,5557458524,True,,,50.52919931057903,False,True
HCP001397,2609765252,68447634563,BR3128164,DANA,G,JONES,,MD,207RX0202X,Medical Oncology,TX456450,TX,91379,2397 MEDICAL PLZ,SYNTH CITY 47,TX,5558117091,True,,,67.49368233154065,False,True
HCP001398,9616311327,16420022561,GG1403727,BRENDA,D,KNOX,,PA,207R00000X,Internal Medicine,FL574973,FL,91386,2398 MEDICAL PLZ,SYNTH CITY 48,FL,5558348108,True,,,22.79336858273401,False,True
HCP001399,2370326243,36076113924,GF4161535,CHRISTINE,S,PACHECO,,NP,207RR0500X,Rheumatology,GA345600,GA,91393,2399 MEDICAL PLZ,SYNTH CITY 49,GA,5556294651,True,,,1.530269822298686,False,True
HCP001400,2600352951,08015560175,FB2348449,MICHELLE,J,SMITH,III,PA,207RC0000X,Cardiovascular Disease,CA463141,CA,90000,2400 MEDICAL PLZ,SYNTH CITY 0,CA,5553109340,True,,,11.498523703028848,False,True
HCP001401,8568352529,22656177138,BG8837949,MARY,C,WOOD,,PA,208000000X,Pediatrics,OR268734,OR,90007,2401 MEDICAL PLZ,SYNTH CITY 1,OR,5551033496,True,,,1.6205010988360256,False,True
HCP001402,3898818075,13827688535,MR1044921,SCOTT,A,SANDERS,,MD,207Q00000X,Family Medicine,WA978423,WA,90014,2402 MEDICAL PLZ,SYNTH CITY 2,WA,5553369253,True,,,1.2845902037436965,False,True
HCP001403,8302386551,73056603315,GP7842563,EDUARDO,E,WRIGHT,,DO,207RX0202X,Medical Oncology,AZ648686,AZ,90021,2403 MEDICAL PLZ,SYNTH CITY 3,AZ,5559458592,True,,,1.519192634860154,False,True
HCP001404,7745580507,98793269936,PP6161450,JENNIFER,H,MERCER,,DO,207R00000X,Internal Medicine,CO682740,CO,90028,2404 MEDICAL PLZ,SYNTH CITY 4,CO,5557555017,True,,,5.130656011990448,False,True
HCP001405,8033167841,41907305341,MB1315579,SHAWN,J,JENKINS,,MD,207RR0500X,Rheumatology,TX160467,TX,90035,2405 MEDICAL PLZ,SYNTH CITY 5,TX,5558656463,True,,,3.7159389797128157,False,True
HCP001406,5757258913,06481020176,MF2882863,CARLOS,C,ASHLEY,JR,DO,207RC0000X,Cardiovascular Disease,FL720025,FL,90042,2406 MEDICAL PLZ,SYNTH CITY 6,FL,5555471062,True,,,17.74266153920665,False,True
HCP001407,1162558807,30148962784,MG8608541,VANESSA,R,DORSEY,JR,NP,208000000X,Pediatrics,GA345193,GA,90049,2407 MEDICAL PLZ,SYNTH CITY 7,GA,5557747155,True,,,42.90054428892183,False,True
HCP001408,7734034797,65491574216,MP8914381,CHERYL,J,ROMAN,SR,NP,207Q00000X,Family Medicine,NY452150,NY,90056,2408 MEDICAL PLZ,SYNTH CITY 8,NY,5557216033,True,,,16.09435273404146,False,True
HCP001409,3213883515,08992818139,GB3394015,NATHAN,D,TAYLOR,,NP,207RX0202X,Medical Oncology,NJ865335,NJ,90063,2409 MEDICAL PLZ,SYNTH CITY 9,NJ,5551868026,True,,,0.97348237341098,False,True
HCP001410,3619763741,66232737230,AA0925943,SUSAN,B,CORTEZ,,MD,207R00000X,Internal Medicine,MA942469,MA,90070,2410 MEDICAL PLZ,SYNTH CITY 10,MA,5552107546,True,,,9.858756355964404,False,True
HCP001411,3465137396,07976642490,AR8531658,ALEXA,E,LEE,,PA,207RR0500X,Rheumatology,PA245028,PA,90077,2411 MEDICAL PLZ,SYNTH CITY 11,PA,5557883564,True,,,9.865841716863716,False,True
HCP001412,6255979752,82723757771,AB3805733,TERRENCE,J,BOWERS,,NP,207RC0000X,Cardiovascular Disease,IL620998,IL,90084,2412 MEDICAL PLZ,SYNTH CITY 12,IL,5558653030,True,,,5.102766277786045,False,True
HCP001413,0120599010,26350900486,GB2656431,CHARLES,D,BROWN,,DO,208000000X,Pediatrics,OH359327,OH,90091,2413 MEDICAL PLZ,SYNTH CITY 13,OH,5558160866,True,,,9.796810363276514,False,True
HCP001414,5330759809,86198594577,GP8684565,MATTHEW,R,MILLER,,MD,207Q00000X,Family Medicine,MI720464,MI,91057,2414 MEDICAL PLZ,SYNTH CITY 1,GA,5558189293,True,,2024-03-14,19.437699066671765,False,True
HCP001415,0973927276,05031609159,FG9055764,TIFFANY,J,JIMENEZ,,NP,207RX0202X,Medical Oncology,MN954796,MN,90105,2415 MEDICAL PLZ,SYNTH CITY 15,MN,5556915170,True,,,2.4640184535221854,False,True
HCP001416,9934615250,72373423421,AG1089561,YESENIA,D,STEVENS,,MD,207R00000X,Internal Medicine,CA200292,CA,90112,2416 MEDICAL PLZ,SYNTH CITY 16,CA,5557628045,True,,,0.5437814753322634,False,True
HCP001417,3145224051,33350112525,MM5544743,THOMAS,R,WARREN,,PA,207RR0500X,Rheumatology,OR838663,OR,90119,2417 MEDICAL PLZ,SYNTH CITY 17,OR,5554445906,True,,,7.336281122469234,False,True
HCP001418,0930779562,50190089415,AF5816046,TINA,T,WASHINGTON,,PA,207RC0000X,Cardiovascular Disease,WA363647,WA,90126,2418 MEDICAL PLZ,SYNTH CITY 18,WA,5557813702,True,,,2.8997199775443985,False,True
HCP001419,5249628640,85870755609,RR6262581,JONATHAN,B,LEONARD,,PA,208000000X,Pediatrics,AZ583140,AZ,90133,2419 MEDICAL PLZ,SYNTH CITY 19,AZ,5554068530,True,,,42.729706286413915,False,True
HCP001420,3147700058,77959429536,FP7058679,RICHARD,M,PARKER,,MD,207Q00000X,Family Medicine,CO235637,CO,90140,2420 MEDICAL PLZ,SYNTH CITY 20,CO,5557280991,True,,,2.563146954355274,False,True
HCP001421,3509972188,71915454062,AF2735481,ROBERT,R,CONNER,,MD,207RX0202X,Medical Oncology,TX745832,TX,90147,2421 MEDICAL PLZ,SYNTH CITY 21,TX,5556378305,True,,,6.809296023764635,False,True
HCP001422,3350060968,81637378003,GR4877936,ANDREA,M,ALLEN,,PA,207R00000X,Internal Medicine,FL808135,FL,90154,2422 MEDICAL PLZ,SYNTH CITY 22,FL,5553016891,True,,,1.22180799301234,False,True
HCP001423,0366575104,29958615558,RB0614969,STACY,J,HOGAN,,MD,207RR0500X,Rheumatology,GA166936,GA,90161,2423 MEDICAL PLZ,SYNTH CITY 23,GA,5553765948,True,,,3.0042602326605845,False,True
HCP001424,6425606384,12156541208,BM2600323,REBECCA,K,MACDONALD,,DO,207RC0000X,Cardiovascular Disease,NY238713,NY,90168,2424 MEDICAL PLZ,SYNTH CITY 24,NY,5559293212,True,,,1.1943458120626185,False,True
HCP001425,3083600304,93212052018,BM4487528,FRANCES,D,DAVIS,,MD,208000000X,Pediatrics,NJ951307,NJ,90175,2425 MEDICAL PLZ,SYNTH CITY 25,NJ,5552440021,True,,,18.330827151945133,True,True
HCP001426,0791387083,83576909931,BR0001709,IAN,J,AYALA,,DO,207Q00000X,Family Medicine,MA830062,MA,90182,2426 MEDICAL PLZ,SYNTH CITY 26,MA,5556625671,True,,,2.0998570387883797,False,True
HCP001427,8543768955,32342351178,FA4180534,MONICA,A,ROSE,,PA,207RX0202X,Medical Oncology,PA980217,PA,90189,2427 MEDICAL PLZ,SYNTH CITY 27,PA,5554908526,True,,,1.9999355428712318,False,True
HCP001428,4636846501,01960939201,FR5134580,HANNAH,R,LYNCH,,MD,207R00000X,Internal Medicine,IL714818,IL,90196,2428 MEDICAL PLZ,SYNTH CITY 28,IL,5554077047,True,,,7.387353223847734,False,True
HCP001429,0511267995,21050038431,MF9176339,WILLIAM,D,BREWER,,NP,207RR0500X,Rheumatology,OH766077,OH,90203,2429 MEDICAL PLZ,SYNTH CITY 29,OH,5554395691,True,,,30.589698301350722,False,True
HCP001430,6734585550,91047072115,MG6887527,TOMMY,M,KING,,NP,207RC0000X,Cardiovascular Disease,MI220182,MI,90210,2430 MEDICAL PLZ,SYNTH CITY 30,MI,5556127229,True,,,25.49049853344499,False,True
HCP001431,7391289189,45254424184,FR4798358,KAREN,D,CROSS,,NP,208000000X,Pediatrics,MN122566,MN,90217,2431 MEDICAL PLZ,SYNTH CITY 31,MN,5558927882,True,,,7.08867521188164,False,True
HCP001432,5504038642,02891905829,RF8052624,SUSAN,J,PARSONS,,PA,207Q00000X,Family Medicine,CA713305,CA,90224,2432 MEDICAL PLZ,SYNTH CITY 32,CA,5553256335,True,,,6.484414053181276,False,True
HCP001433,6344882199,11065061574,FR8812313,MATTHEW,C,LOPEZ,,NP,207RX0202X,Medical Oncology,OR469352,OR,90231,2433 MEDICAL PLZ,SYNTH CITY 33,OR,5557498187,True,,,25.354139775193854,False,True
HCP001434,1604132252,88972198445,RF6922172,DUSTIN,M,SAWYER,,MD,207R00000X,Internal Medicine,WA115725,WA,90238,2434 MEDICAL PLZ,SYNTH CITY 34,WA,5557674179,True,,,1.0952572182163327,False,True
HCP001435,7735228323,71691297634,BP5780833,DENISE,M,HULL,,DO,207RR0500X,Rheumatology,AZ724081,AZ,90077,2435 MEDICAL PLZ,SYNTH CITY 11,PA,5553855706,True,,2024-03-08,5.8233923252427715,False,True
HCP001436,8152904594,12835380925,BP7126553,JENNIFER,D,JONES,,NP,207RC0000X,Cardiovascular Disease,CO724105,CO,90252,2436 MEDICAL PLZ,SYNTH CITY 36,CO,5559422335,True,,,21.78410939036527,False,True
HCP001437,6958536461,60466197341,FM8529577,TRACY,J,HILL,,DO,208000000X,Pediatrics,TX902789,TX,90259,2437 MEDICAL PLZ,SYNTH CITY 37,TX,5558761302,True,,,3.2240214634826305,False,True
HCP001438,6301941632,50906129192,FR7274022,SONIA,E,BLACKWELL,,NP,207Q00000X,Family Medicine,FL249126,FL,90266,2438 MEDICAL PLZ,SYNTH CITY 38,FL,5556466365,True,,,2.7433210407933917,False,True
HCP001439,5411260099,94040397435,MP5083882,LESLIE,K,LOVE,,DO,207RX0202X,Medical Oncology,GA813310,GA,90301,2439 MEDICAL PLZ,SYNTH CITY 43,PA,5555713427,True,,2024-02-17,37.72296363758718,False,True
HCP001440,9741258997,95012213536,PF0363587,NATHANIEL,L,GONZALEZ,,NP,207R00000X,Internal Medicine,NY399343,NY,90280,2440 MEDICAL PLZ,SYNTH CITY 40,NY,5554737495,True,,,23.275006370505288,False,True
HCP001441,6347933817,88820842484,MG4994871,CHRISTINA,B,MELENDEZ,,PA,207RR0500X,Rheumatology,NJ810550,NJ,90287,2441 MEDICAL PLZ,SYNTH CITY 41,NJ,5559411700,True,,,2.4423927580515032,False,True
HCP001442,5597445456,30816048916,BP5783032,JENNIFER,S,YOUNG,,PA,207RC0000X,Cardiovascular Disease,MA567261,MA,90294,2442 MEDICAL PLZ,SYNTH CITY 42,MA,5555794620,True,,,1.6765945733651795,True,True
HCP001443,5150869274,77658132810,RF7279726,WILLIAM,S,ROJAS,,DO,208000000X,Pediatrics,PA305747,PA,90301,2443 MEDICAL PLZ,SYNTH CITY 43,PA,5554901395,True,,,3.973989449131826,False,True
HCP001444,2285957124,04265580746,PF2761285,DYLAN,Y,JOHNSON,,MD,207Q00000X,Family Medicine,IL286499,IL,90308,2444 MEDICAL PLZ,SYNTH CITY 44,IL,5559686939,True,,,11.18089762137734,False,True
HCP001445,7889785300,03923689811,PR6963873,BRANDON,G,REYES,,MD,207RX0202X,Medical Oncology,OH349140,OH,90315,2445 MEDICAL PLZ,SYNTH CITY 45,OH,5553050157,True,,,3.0311335664906487,False,True
HCP001446,8231012336,16606990948,BM8271792,BRADLEY,J,ORTIZ,,PA,207R00000X,Internal Medicine,MI394533,MI,90322,2446 MEDICAL PLZ,SYNTH CITY 46,MI,5555935722,True,,,6.046387800593216,True,True
HCP001447,8581047775,81204265569,AB4083151,JOHN,H,NEAL,,DO,207RR0500X,Rheumatology,MN849476,MN,90329,2447 MEDICAL PLZ,SYNTH CITY 47,MN,5553315334,True,,,38.03481820971535,False,True
HCP001448,5138869172,03026799192,RR9574042,FRANK,A,FLEMING,,MD,207RC0000X,Cardiovascular Disease,CA816787,CA,90336,2448 MEDICAL PLZ,SYNTH CITY 48,CA,5559658149,True,,,2.2845928756521827,False,True
HCP001449,9913211915,64042892188,RP4308995,EDWARD,S,LEON,,PA,208000000X,Pediatrics,OR196717,OR,90343,2449 MEDICAL PLZ,SYNTH CITY 49,OR,5556284214,True,,,7.841807681368278,False,True
HCP001450,0929301600,94070753922,MF4798094,CHRISTINA,A,HENDRICKS,,PA,207Q00000X,Family Medicine,WA968061,WA,90350,2450 MEDICAL PLZ,SYNTH CITY 0,WA,5559448790,True,,,3.838826801851361,False,True
HCP001451,4094702899,02957173760,RF3788438,HEATHER,K,SINGH,,DO,207RX0202X,Medical Oncology,AZ289196,AZ,90357,2451 MEDICAL PLZ,SYNTH CITY 1,AZ,5555932574,True,,,15.90613113165351,False,True
HCP001452,3052603230,06426952470,FG6569143,JEFFREY,S,HILL,,NP,207R00000X,Internal Medicine,CO559589,CO,90364,2452 MEDICAL PLZ,SYNTH CITY 2,CO,5553636799,True,,,5.449138054076043,False,True
HCP001453,9729437514,12329991517,AF2435150,JENNIFER,J,DAVIS,,DO,207RR0500X,Rheumatology,TX810700,TX,90371,2453 MEDICAL PLZ,SYNTH CITY 3,TX,5553975229,True,,,1.2288819843823493,False,True
HCP001454,5635900249,90557513149,FF4186732,JUDY,E,FITZGERALD,,MD,207RC0000X,Cardiovascular Disease,FL752695,FL,90378,2454 MEDICAL PLZ,SYNTH CITY 4,FL,5558739227,True,,,13.476426444157058,False,True
HCP001455,2820871905,37047840574,RF8740378,GARY,M,WOOD,,PA,208000000X,Pediatrics,GA943702,GA,90385,2455 MEDICAL PLZ,SYNTH CITY 5,GA,5552280725,True,,,4.436987226280144,False,True
HCP001456,3453103293,76147654681,FP5117471,DANA,R,DIXON,,DO,207Q00000X,Family Medicine,NY484653,NY,90392,2456 MEDICAL PLZ,SYNTH CITY 6,NY,5553441540,True,,,36.147949930330206,False,True
HCP001457,7005749842,06310450440,RB1147272,TIMOTHY,C,RUSSELL,,PA,207RX0202X,Medical Oncology,NJ773448,NJ,90399,2457 MEDICAL PLZ,SYNTH CITY 7,NJ,5556017310,True,,,6.960400185505058,False,True
HCP001458,0475176760,85909705367,FG0073853,KELLY,C,ROBINSON,,PA,207R00000X,Internal Medicine,MA166636,MA,90406,2458 MEDICAL PLZ,SYNTH CITY 8,MA,5559516873,True,,,11.889852378453451,False,True
HCP001459,2195290806,63106736328,GA6302307,TONY,N,JOHNSON,,MD,207RR0500X,Rheumatology,PA742986,PA,90413,2459 MEDICAL PLZ,SYNTH CITY 9,PA,5555540267,True,,,6.772293814907763,False,True
HCP001460,5864869669,55924053528,RG6424476,BRIAN,M,HARPER,,DO,207RC0000X,Cardiovascular Disease,IL475937,IL,90420,2460 MEDICAL PLZ,SYNTH CITY 10,IL,5558619434,True,,,11.979382954408067,False,True
HCP001461,5932634228,01726101513,GM7419789,CAROLINE,T,THORNTON,,NP,208000000X,Pediatrics,OH604316,OH,90427,2461 MEDICAL PLZ,SYNTH CITY 11,OH,5556320015,True,,,0.15196850332790268,False,True
HCP001462,3979653656,32799580894,AM0635910,MISTY,M,VELASQUEZ,,NP,207Q00000X,Family Medicine,MI247806,MI,90434,2462 MEDICAL PLZ,SYNTH CITY 12,MI,5557332301,True,,,8.68043340058692,False,True
HCP001463,0264057791,13810770887,FR1785340,NICHOLAS,J,HARRIS,JR,NP,207RX0202X,Medical Oncology,MN675521,MN,90441,2463 MEDICAL PLZ,SYNTH CITY 13,MN,5558690794,True,,,10.136586331389264,False,True
HCP001464,2318226505,20677686223,PA3451090,JACKIE,M,JOHNSON,,DO,207R00000X,Internal Medicine,CA294404,CA,90448,2464 MEDICAL PLZ,SYNTH CITY 14,CA,5558330712,True,,,4.775442277631937,False,True
HCP001465,1153662600,80082654372,PB8750265,BETH,E,GARCIA,,NP,207RR0500X,Rheumatology,OR438605,OR,90455,2465 MEDICAL PLZ,SYNTH CITY 15,OR,5555263763,True,,,34.83752323584359,False,True
HCP001466,6990082243,60391042241,AR8489312,KRISTINE,C,ORTEGA,,NP,207RC0000X,Cardiovascular Disease,WA710699,WA,90462,2466 MEDICAL PLZ,SYNTH CITY 16,WA,5553754133,True,,,11.632033009624514,False,True
HCP001467,5426406349,07273561170,PG0780946,MARY,M,CLARK,,PA,208000000X,Pediatrics,AZ688321,AZ,90469,2467 MEDICAL PLZ,SYNTH CITY 17,AZ,5553295037,True,,,4.494392329706278,False,True
HCP001468,9735143387,40460034037,GG1754616,BRIDGET,R,SCOTT,,DO,207Q00000X,Family Medicine,CO428779,CO,90476,2468 MEDICAL PLZ,SYNTH CITY 18,CO,5554959134,True,,,1.212202010766524,False,True
HCP001469,2400139509,05744538690,GR6743744,BRIANNA,J,TAYLOR,,DO,207RX0202X,Medical Oncology,TX866278,TX,90483,2469 MEDICAL PLZ,SYNTH CITY 19,TX,5551260945,True,,,20.166757861608403,False,True
HCP001470,9789629455,57145573907,BM0230361,HEATHER,J,ROSS,,NP,207R00000X,Internal Medicine,FL673991,FL,90490,2470 MEDICAL PLZ,SYNTH CITY 20,FL,5555014918,False,2024-03-07,,35.883267467559776,False,True
HCP001471,4453611145,45968514714,GR9622516,NICOLE,A,LEE,,PA,207RR0500X,Rheumatology,GA134875,GA,90497,2471 MEDICAL PLZ,SYNTH CITY 21,GA,5555345732,True,,,38.14938647475853,False,True
HCP001472,1794817365,54819021857,MM2144491,HOLLY,G,WILLIAMS,,NP,207RC0000X,Cardiovascular Disease,NY708621,NY,90504,2472 MEDICAL PLZ,SYNTH CITY 22,NY,5551320554,True,,,33.87920655797511,False,True
HCP001473,4628849224,23143878458,MR9027001,THERESA,S,THOMPSON,,MD,208000000X,Pediatrics,NJ948351,NJ,90511,2473 MEDICAL PLZ,SYNTH CITY 23,NJ,5551914422,True,,,8.245640321932356,False,True
HCP001474,8665970710,87395443198,PR6992407,DAVID,T,HOGAN,,MD,207Q00000X,Family Medicine,MA470139,MA,90518,2474 MEDICAL PLZ,SYNTH CITY 24,MA,5556685674,True,,,1.6831405881554393,False,True
HCP001475,0233670286,56589814469,GF8749320,GEORGE,T,NGUYEN,JR,PA,207RX0202X,Medical Oncology,PA165694,PA,90525,2475 MEDICAL PLZ,SYNTH CITY 25,PA,5553072353,True,,,25.251218345257588,False,True
HCP001476,3479244212,63611927266,PR4829488,DONALD,M,GARCIA,,NP,207R00000X,Internal Medicine,IL644752,IL,90532,2476 MEDICAL PLZ,SYNTH CITY 26,IL,5553278350,True,,,2.822853128021992,False,True
HCP001477,3629461542,93662361478,MM8267861,EMILY,C,HANSON,,DO,207RR0500X,Rheumatology,OH430640,OH,90882,2477 MEDICAL PLZ,SYNTH CITY 26,MI,5555156856,True,,2024-02-29,9.672480684946697,False,True
HCP001478,6527022696,87538114226,FM5796254,JOSE,R,CLINE,SR,MD,207RC0000X,Cardiovascular Disease,MI631978,MI,90546,2478 MEDICAL PLZ,SYNTH CITY 28,MI,5551635470,True,,,22.241711477061457,False,True
HCP001479,3087115465,93292155401,PB2833977,JENNIFER,R,PEARSON,,MD,208000000X,Pediatrics,MN854897,MN,90553,2479 MEDICAL PLZ,SYNTH CITY 29,MN,5555545978,True,,,11.827660048538037,False,True
HCP001480,5138578229,51403578086,BB7624805,MONICA,K,BURGESS,,PA,207Q00000X,Family Medicine,CA602757,CA,90560,2480 MEDICAL PLZ,SYNTH CITY 30,CA,5553822410,True,,,11.047676666121006,False,True
HCP001481,5026498290,82027544766,GA3173244,JEFFREY,W,SCHNEIDER,,PA,207RX0202X,Medical Oncology,OR294265,OR,90567,2481 MEDICAL PLZ,SYNTH CITY 31,OR,5558214538,True,,,1.780732278734505,False,True
HCP001482,7710705279,99907162123,FF4645321,JAMES,M,JONES,,DO,207R00000X,Internal Medicine,WA689117,WA,90574,2482 MEDICAL PLZ,SYNTH CITY 32,WA,5558608658,True,,,84.81857344127891,False,True
HCP001483,3967343781,86071115057,GB3736653,ROBERT,A,GALLOWAY,,MD,207RR0500X,Rheumatology,AZ509304,AZ,90581,2483 MEDICAL PLZ,SYNTH CITY 33,AZ,5551244032,False,2024-03-07,,10.157345665479298,False,True
HCP001484,0030160689,96027234379,GM7449320,DANIEL,R,SANCHEZ,,MD,207RC0000X,Cardiovascular Disease,CO766344,CO,90588,2484 MEDICAL PLZ,SYNTH CITY 34,CO,5551397133,True,,,4.363416649256593,False,True
HCP001485,5997499434,30593518961,AP1085563,JOSHUA,V,GEORGE,JR,DO,208000000X,Pediatrics,TX634027,TX,90595,2485 MEDICAL PLZ,SYNTH CITY 35,TX,5559486976,True,,,11.794691594789498,False,True
HCP001486,6608268614,96681055261,BR0587430,JOHNATHAN,M,JUAREZ,,NP,207Q00000X,Family Medicine,FL439221,FL,90602,2486 MEDICAL PLZ,SYNTH CITY 36,FL,5553632218,True,,,16.52442408195792,False,True
HCP001487,0151471964,95001189619,FR6476963,CHARLES,R,SULLIVAN,,PA,207RX0202X,Medical Oncology,GA193501,GA,90609,2487 MEDICAL PLZ,SYNTH CITY 37,GA,5556461348,True,,,1.6109510851404347,False,True
HCP001488,8384726526,60179102026,PM4159253,ANNE,D,HALL,,MD,207R00000X,Internal Medicine,NY274783,NY,90616,2488 MEDICAL PLZ,SYNTH CITY 38,NY,5551369196,True,,,1.5204741761688554,False,True
HCP001489,6727399084,71045592714,GG1189029,JUSTIN,L,GUTIERREZ,,DO,207RR0500X,Rheumatology,NJ985205,NJ,90623,2489 MEDICAL PLZ,SYNTH CITY 39,NJ,5557703214,True,,,17.53350417694144,False,True
HCP001490,7410711874,94461817514,FR5321559,EMILY,C,MOORE,,DO,207RC0000X,Cardiovascular Disease,MA335502,MA,90630,2490 MEDICAL PLZ,SYNTH CITY 40,MA,5556820545,True,,,1.0260165606144582,False,True
HCP001491,1516504838,45404477536,RP2246675,CHRIS,L,GARCIA,JR,NP,208000000X,Pediatrics,PA570164,PA,90637,2491 MEDICAL PLZ,SYNTH CITY 41,PA,5559697843,True,,,39.25192402326142,False,True
HCP001492,3014018857,94374635125,RB5058373,HANNAH,D,MOSS,,PA,207Q00000X,Family Medicine,IL338687,IL,90644,2492 MEDICAL PLZ,SYNTH CITY 42,IL,5558836484,True,,,1.3467950330556915,False,True
HCP001493,4253477234,50579965184,MP0364650,PERRY,R,MCGEE,,DO,207RX0202X,Medical Oncology,OH134919,OH,90651,2493 MEDICAL PLZ,SYNTH CITY 43,OH,5551167121,True,,,10.18363432569769,False,True
HCP001494,2961373208,87159490397,BR3733335,THOMAS,J,SNYDER,,MD,207R00000X,Internal Medicine,MI638705,MI,90658,2494 MEDICAL PLZ,SYNTH CITY 44,MI,5554882837,True,,,25.93344932677997,False,True
HCP001495,0188169979,10229833768,PM7832912,MICHAEL,E,MENDOZA,,PA,207RR0500X,Rheumatology,MN482259,MN,90665,2495 MEDICAL PLZ,SYNTH CITY 45,MN,5551895832,True,,,7.312195603011405,False,True
HCP001496,2460131065,72270350643,GA6407403,ROY,M,MARTINEZ,,DO,207RC0000X,Cardiovascular Disease,CA137527,CA,90672,2496 MEDICAL PLZ,SYNTH CITY 46,CA,5551580854,True,,,77.17456936564321,False,True
HCP001497,2698943067,31635921753,MR1758911,JILL,T,BARTLETT,,DO,208000000X,Pediatrics,OR330065,OR,90679,2497 MEDICAL PLZ,SYNTH CITY 47,OR,5558410994,True,,,6.472270422614266,False,True
HCP001498,7272991580,51222368547,MG0506978,JOSEPH,T,BEAN,,NP,207Q00000X,Family Medicine,WA280358,WA,90686,2498 MEDICAL PLZ,SYNTH CITY 48,WA,5559826498,True,,,30.578535611214807,False,True
HCP001499,9226394127,72620583749,MG2805259,TRACY,G,JACOBS,,MD,207RX0202X,Medical Oncology,AZ728533,AZ,90693,2499 MEDICAL PLZ,SYNTH CITY 49,AZ,5554709822,True,,,1.0289128650379007,False,True
HCP001500,4765066558,61718655163,PP9972299,DYLAN,A,SMITH,,DO,207R00000X,Internal Medicine,CO862899,CO,90700,2500 MEDICAL PLZ,SYNTH CITY 0,CO,5559418918,True,,,14.160823389519521,False,True
HCP001501,9583688103,29607988878,PM1902778,NATALIE,T,JACKSON,,MD,207RR0500X,Rheumatology,TX648027,TX,90707,2501 MEDICAL PLZ,SYNTH CITY 1,TX,5553035099,True,,,12.779997646477883,False,True
HCP001502,5439741625,32046692778,RF3431337,MELANIE,R,RODRIGUEZ,,MD,207RC0000X,Cardiovascular Disease,FL219646,FL,90714,2502 MEDICAL PLZ,SYNTH CITY 2,FL,5559577110,True,,,3.7664084376739777,False,True
HCP001503,4561072214,44372008712,PM4337182,HEATHER,T,KING,,MD,208000000X,Pediatrics,GA104522,GA,90721,2503 MEDICAL PLZ,SYNTH CITY 3,GA,5552375323,True,,,6.425030882189223,False,True
HCP001504,6359482851,13690072879,PR6128298,JASMINE,C,SPENCER,,NP,207Q00000X,Family Medicine,NY769457,NY,90728,2504 MEDICAL PLZ,SYNTH CITY 4,NY,5554607538,True,,,24.309358191491157,False,True
HCP001505,9799942666,94598708003,FA5969881,KAREN,P,MITCHELL,,PA,207RX0202X,Medical Oncology,NJ903878,NJ,90735,2505 MEDICAL PLZ,SYNTH CITY 5,NJ,5552077256,True,,,63.683285246922345,False,True
HCP001506,5276791063,56057033341,GA0587334,SARAH,L,ROGERS,,MD,207R00000X,Internal Medicine,MA747172,MA,90742,2506 MEDICAL PLZ,SYNTH CITY 6,MA,5554363948,True,,,37.324380038374514,False,True
HCP001507,3811246453,06909975350,FF5247980,BARBARA,J,RICHARDSON,,NP,207RR0500X,Rheumatology,PA812364,PA,90749,2507 MEDICAL PLZ,SYNTH CITY 7,PA,5553942116,True,,,10.436912845665642,False,True
HCP001508,5034049705,81800388608,BP2509099,JAMES,M,MASON,,DO,207RC0000X,Cardiovascular Disease,IL380023,IL,90756,2508 MEDICAL PLZ,SYNTH CITY 8,IL,5553947046,True,,,3.337364843122321,False,True
HCP001509,2436962940,93274740389,FM0260790,JOHN,D,CHAVEZ,,NP,208000000X,Pediatrics,OH905931,OH,90763,2509 MEDICAL PLZ,SYNTH CITY 9,OH,5551726267,True,,,19.866220910213222,False,True
HCP001510,6763650630,57472695636,PR9383809,ADRIAN,N,JACKSON,,NP,207Q00000X,Family Medicine,MI562488,MI,90770,2510 MEDICAL PLZ,SYNTH CITY 10,MI,5552415876,True,,,4.482186264937686,False,True
HCP001511,5138122812,30940676507,RF1266848,BRIAN,T,DORSEY,,NP,207RX0202X,Medical Oncology,MN349707,MN,90777,2511 MEDICAL PLZ,SYNTH CITY 11,MN,5554319477,True,,,7.858186318527844,False,True
HCP001512,8933949876,24515656149,BG6611759,ALLEN,D,NORMAN,,DO,207R00000X,Internal Medicine,CA838243,CA,90784,2512 MEDICAL PLZ,SYNTH CITY 12,CA,5553649182,True,,,2.2542061202894077,False,True
HCP001513,1909079315,94406168756,FM6137429,KRISTINA,S,CHRISTENSEN,,DO,207RR0500X,Rheumatology,OR598575,OR,90791,2513 MEDICAL PLZ,SYNTH CITY 13,OR,5559511058,True,,,46.985077830544945,False,True
HCP001514,5338421691,33438923077,PG9134723,CHELSEA,G,HALL,,DO,207RC0000X,Cardiovascular Disease,WA110044,WA,90798,2514 MEDICAL PLZ,SYNTH CITY 14,WA,5553117401,True,,,10.70997261503133,False,True
HCP001515,5823018135,61899696382,PR4215656,NATHANIEL,P,BELL,JR,PA,208000000X,Pediatrics,AZ553625,AZ,90805,2515 MEDICAL PLZ,SYNTH CITY 15,AZ,5554017152,True,,,1.1975852132901281,False,True
HCP001516,6931831500,95349769191,BM1430140,KRISTINA,J,COOKE,,PA,207Q00000X,Family Medicine,CO284045,CO,90812,2516 MEDICAL PLZ,SYNTH CITY 16,CO,5556027422,True,,,31.880880458408654,False,True
HCP001517,9916728733,05238873424,GR7190082,LUIS,A,YATES,,PA,207RX0202X,Medical Oncology,TX842699,TX,90938,2517 MEDICAL PLZ,SYNTH CITY 34,FL,5552757554,True,,2024-02-03,67.51477496153905,False,True
HCP001518,8697766490,82794197491,GB1351571,HEATHER,J,JOHNSON,,MD,207R00000X,Internal Medicine,FL271130,FL,90826,2518 MEDICAL PLZ,SYNTH CITY 18,FL,5558903862,True,,,32.78697374858104,False,True
HCP001519,2960331017,61996363961,AP7736263,GREGORY,N,HENDERSON,,MD,207RR0500X,Rheumatology,GA805278,GA,90833,2519 MEDICAL PLZ,SYNTH CITY 19,GA,5556716385,True,,,10.168571872390524,False,True
HCP001520,7559518023,31582366957,PF8917685,LAURIE,W,SMITH,,MD,207RC0000X,Cardiovascular Disease,NY906899,NY,90840,2520 MEDICAL PLZ,SYNTH CITY 20,NY,5551635718,True,,,1.8826777547435727,False,True
HCP001521,7902476432,68492807926,AP4499292,HOWARD,M,WRIGHT,,NP,208000000X,Pediatrics,NJ632788,NJ,90847,2521 MEDICAL PLZ,SYNTH CITY 21,NJ,5554547217,True,,,19.75109894273328,False,True
HCP001522,4798384002,41109264320,AM4919079,FELICIA,J,PETERSON,,PA,207Q00000X,Family Medicine,MA822093,MA,90854,2522 MEDICAL PLZ,SYNTH CITY 22,MA,5552964865,True,,,44.54004162712313,False,True
HCP001523,1443828052,67366434143,FB5002524,LEROY,A,ALVAREZ,,DO,207RX0202X,Medical Oncology,PA391593,PA,90861,2523 MEDICAL PLZ,SYNTH CITY 23,PA,5551447045,True,,,16.809142120918327,False,True
HCP001524,6635043154,63827350090,GG6013935,JENNIFER,D,HARRIS,,PA,207R00000X,Internal Medicine,IL741891,IL,90868,2524 MEDICAL PLZ,SYNTH CITY 24,IL,5554996768,True,,,9.261718898039083,False,True
HCP001525,3286974084,96633304052,MF2130246,MARGARET,T,SCOTT,,NP,207RR0500X,Rheumatology,OH481216,OH,90875,2525 MEDICAL PLZ,SYNTH CITY 25,OH,5556640924,True,,,18.477057627525316,False,True
HCP001526,9022564303,03936568374,BA7682701,TINA,M,BREWER,,NP,207RC0000X,Cardiovascular Disease,MI854701,MI,90882,2526 MEDICAL PLZ,SYNTH CITY 26,MI,5558502918,True,,,46.95304583815392,False,True
HCP001527,1163172756,23640025392,FF2820564,MARTIN,C,KAUFMAN,,DO,208000000X,Pediatrics,MN675319,MN,90889,2527 MEDICAL PLZ,SYNTH CITY 27,MN,5558537477,True,,,16.663276421471345,False,True
HCP001528,3821462959,38127925474,MM8161073,MARK,G,GARZA,,MD,207Q00000X,Family Medicine,CA506306,CA,90896,2528 MEDICAL PLZ,SYNTH CITY 28,CA,5551889611,True,,,4.683274818521126,False,True
HCP001529,8286320063,84212677965,FF3852108,CORY,E,STEPHENS,,DO,207RX0202X,Medical Oncology,OR537894,OR,90903,2529 MEDICAL PLZ,SYNTH CITY 29,OR,5559636021,True,,,3.5090850739507164,False,True
HCP001530,8427427884,72310845010,GM1718965,ELIZABETH,D,JOHNSON,,PA,207R00000X,Internal Medicine,WA893139,WA,90910,2530 MEDICAL PLZ,SYNTH CITY 30,WA,5557259912,True,,,6.119055122426732,False,True
HCP001531,9295138835,10310788811,PA7107700,STEPHEN,C,RODRIGUEZ,,PA,207RR0500X,Rheumatology,AZ577817,AZ,90917,2531 MEDICAL PLZ,SYNTH CITY 31,AZ,5559808982,True,,,3.778937074256822,False,True
HCP001532,9253729047,86522533674,BB2393954,DANIELLE,S,HERNANDEZ,,PA,207RC0000X,Cardiovascular Disease,CO983855,CO,90924,2532 MEDICAL PLZ,SYNTH CITY 32,CO,5558383407,True,,,17.483935327455175,False,True
HCP001533,0585177625,88000982953,PA1268545,JON,J,RICHARDSON,,PA,208000000X,Pediatrics,TX478564,TX,90931,2533 MEDICAL PLZ,SYNTH CITY 33,TX,5556830004,True,,,17.633415575769373,False,True
HCP001534,2548220575,01285988250,FF1030622,NICOLE,J,RODGERS,,MD,207Q00000X,Family Medicine,FL615783,FL,90938,2534 MEDICAL PLZ,SYNTH CITY 34,FL,5559876140,True,,,5.731632137589937,False,True
HCP001535,7343529419,28791381000,PF1731954,RACHEL,B,SUTTON,,NP,207RX0202X,Medical Oncology,GA777909,GA,90945,2535 MEDICAL PLZ,SYNTH CITY 35,GA,5551052872,True,,,7.837280248100314,False,True
HCP001536,2143167437,59185539023,MF9154308,JUSTIN,C,SNYDER,,NP,207R00000X,Internal Medicine,NY236800,NY,90952,2536 MEDICAL PLZ,SYNTH CITY 36,NY,5556753768,True,,,37.92214627280024,False,True
HCP001537,4373644754,53043892442,AR6414229,JESSICA,J,GRAY,,NP,207RR0500X,Rheumatology,NJ792025,NJ,90959,2537 MEDICAL PLZ,SYNTH CITY 37,NJ,5556489311,True,,,1.299524711052843,False,True
HCP001538,3000983973,18638397601,RP2833347,TREVOR,S,MCKNIGHT,,MD,207RC0000X,Cardiovascular Disease,MA971627,MA,90966,2538 MEDICAL PLZ,SYNTH CITY 38,MA,5558828195,True,,,7.481781269140076,False,True
HCP001539,9072758052,63729249038,FB0118528,HEATHER,M,ROGERS,,NP,208000000X,Pediatrics,PA298576,PA,90973,2539 MEDICAL PLZ,SYNTH CITY 39,PA,5557412123,True,,,27.596081027804882,False,True
HCP001540,8562404862,87774353680,MF1283072,TANYA,B,BROWN,,DO,207Q00000X,Family Medicine,IL926484,IL,90980,2540 MEDICAL PLZ,SYNTH CITY 40,IL,5559746482,True,,,4.1384077565133,False,True
HCP001541,0833875632,90458979155,AM0629366,AMANDA,A,HOOVER,,PA,207RX0202X,Medical Oncology,OH714718,OH,90987,2541 MEDICAL PLZ,SYNTH CITY 41,OH,5551516410,True,,,3.998087228168502,False,True
HCP001542,7816641402,91216174350,GG7100932,LESLIE,K,MOORE,,MD,207R00000X,Internal Medicine,MI972981,MI,90994,2542 MEDICAL PLZ,SYNTH CITY 42,MI,5557855249,True,,,9.302908205808626,False,True
HCP001543,1450979004,92279648213,GM6726094,CHERYL,R,HUNTER,,PA,207RR0500X,Rheumatology,MN200362,MN,91001,2543 MEDICAL PLZ,SYNTH CITY 43,MN,5559212880,True,,,4.592142233894853,False,True
HCP001544,6232543101,86676994093,BA7192062,AMY,B,WILSON,,DO,207RC0000X,Cardiovascular Disease,CA298121,CA,91008,2544 MEDICAL PLZ,SYNTH CITY 44,CA,5557642626,True,,,4.368400074317476,False,True
HCP001545,8127840865,52373945665,FP7069593,NICHOLAS,R,RODRIGUEZ,,MD,208000000X,Pediatrics,OR158201,OR,91015,2545 MEDICAL PLZ,SYNTH CITY 45,OR,5556146705,True,,,2.240945790430395,False,True
HCP001546,1536417979,10189584097,MA9000981,JESSICA,P,MOORE,,DO,207Q00000X,Family Medicine,WA281648,WA,91022,2546 MEDICAL PLZ,SYNTH CITY 46,WA,5551277322,True,,,5.443301517036914,False,True
HCP001547,8206269929,45356842068,FR4405545,JOSHUA,J,PRICE,,NP,207RX0202X,Medical Oncology,AZ577420,AZ,91029,2547 MEDICAL PLZ,SYNTH CITY 47,AZ,5554902695,True,,,76.46733461877055,False,True
HCP001548,2033045867,41542855625,RM8076891,EVELYN,R,SMITH,,DO,207R00000X,Internal Medicine,CO191105,CO,91036,2548 MEDICAL PLZ,SYNTH CITY 48,CO,5555940147,True,,,4.267694923097746,False,True
HCP001549,4932110057,51641664107,BB6483830,JESSICA,F,STOUT,,NP,207RR0500X,Rheumatology,TX189312,TX,91043,2549 MEDICAL PLZ,SYNTH CITY 49,TX,5555745967,True,,,75.41034534540088,False,True
HCP001550,0674079609,44076240130,BM3168538,PAUL,M,JAMES,,DO,207RC0000X,Cardiovascular Disease,FL746790,FL,91050,2550 MEDICAL PLZ,SYNTH CITY 0,FL,5552981474,True,,,11.300920440274119,True,True
HCP001551,2564744615,82700641374,GA7122428,ZACHARY,J,GROSS,,DO,208000000X,Pediatrics,GA210946,GA,91057,2551 MEDICAL PLZ,SYNTH CITY 1,GA,5552990552,True,,,1.039264526287764,False,True
HCP001552,8032050683,76544188751,MR1399422,HEATHER,R,HOWELL,,DO,207Q00000X,Family Medicine,NY171722,NY,91064,2552 MEDICAL PLZ,SYNTH CITY 2,NY,5551572325,True,,,151.37593928707736,False,True
HCP001553,9102291983,49294998746,BB7729694,DIANE,T,WHITE,,NP,207RX0202X,Medical Oncology,NJ351632,NJ,91071,2553 MEDICAL PLZ,SYNTH CITY 3,NJ,5559676629,True,,,3.0551295497381137,False,True
HCP001554,0159849690,99816030770,RP8499537,AMBER,C,COOPER,,MD,207R00000X,Internal Medicine,MA789920,MA,91078,2554 MEDICAL PLZ,SYNTH CITY 4,MA,5551387017,True,,,16.80352619953971,False,True
HCP001555,8288559437,90327539447,BG7340786,KAYLA,J,BENNETT,,NP,207RR0500X,Rheumatology,PA522006,PA,91085,2555 MEDICAL PLZ,SYNTH CITY 5,PA,5556560578,True,,,41.739746790331914,False,True
HCP001556,0457156681,78814768292,AP9318061,ZACHARY,K,MCMAHON,,NP,207RC0000X,Cardiovascular Disease,IL518395,IL,91092,2556 MEDICAL PLZ,SYNTH CITY 6,IL,5559124031,True,,,6.011142081500003,False,True
HCP001557,4559817257,90993158404,GR8649238,RITA,L,GILL,,PA,208000000X,Pediatrics,OH943957,OH,91099,2557 MEDICAL PLZ,SYNTH CITY 7,OH,5552181791,True,,,1.579740782395459,False,True
HCP001558,4269096051,10856857509,RB6126390,JASON,D,MARTIN,,NP,207Q00000X,Family Medicine,MI828162,MI,91106,2558 MEDICAL PLZ,SYNTH CITY 8,MI,5559065707,True,,,4.723414210847782,False,True
HCP001559,9861467246,82366759152,GR8946402,OSCAR,J,BENNETT,,NP,207RX0202X,Medical Oncology,MN512677,MN,91113,2559 MEDICAL PLZ,SYNTH CITY 9,MN,5554706382,True,,,1.2963458065490727,False,True
HCP001560,1016237509,58585619095,FF0404117,CAROLYN,E,HOWELL,,MD,207R00000X,Internal Medicine,CA554233,CA,91120,2560 MEDICAL PLZ,SYNTH CITY 10,CA,5555624032,True,,,39.10907589975231,False,True
HCP001561,9843768448,47100315979,BM7470683,ANTHONY,J,DOMINGUEZ,,MD,207RR0500X,Rheumatology,OR839113,OR,91127,2561 MEDICAL PLZ,SYNTH CITY 11,OR,5558567126,True,,,11.788912881977492,False,True
HCP001562,5738468375,64708998679,PB1919908,JAVIER,D,GARCIA,,NP,207RC0000X,Cardiovascular Disease,WA485647,WA,91134,2562 MEDICAL PLZ,SYNTH CITY 12,WA,5558340446,True,,,3.49189858481806,False,True
HCP001563,4593898594,49132826998,GM7354854,MICHELLE,B,HILL,,NP,208000000X,Pediatrics,AZ820579,AZ,91141,2563 MEDICAL PLZ,SYNTH CITY 13,AZ,5552174388,True,,,0.843975872545527,False,True
HCP001564,7119441708,19019675271,AP3041463,JAMES,C,CLARK,,MD,207Q00000X,Family Medicine,CO120800,CO,91148,2564 MEDICAL PLZ,SYNTH CITY 14,CO,5556166474,True,,,3.153694817513826,True,True
HCP001565,7099521677,67371857607,PA2731853,DWAYNE,J,GIBSON,,NP,207RX0202X,Medical Oncology,TX605600,TX,91155,2565 MEDICAL PLZ,SYNTH CITY 15,TX,5559675980,True,,,12.731386910586643,False,True
HCP001566,3017480062,29473841521,BF0050791,CHRISTINA,J,HAYES,JR,DO,207R00000X,Internal Medicine,FL900964,FL,91162,2566 MEDICAL PLZ,SYNTH CITY 16,FL,5558378148,True,,,6.177424890934592,False,True
HCP001567,9769657617,12860365760,RG9260188,JAMES,K,HARTMAN,,PA,207RR0500X,Rheumatology,GA147869,GA,91169,2567 MEDICAL PLZ,SYNTH CITY 17,GA,5554605723,True,,,8.817737192477665,False,True
HCP001568,4326046677,04986494750,MR7600844,WILLIAM,B,CANTRELL,,DO,207RC0000X,Cardiovascular Disease,NY582708,NY,91176,2568 MEDICAL PLZ,SYNTH CITY 18,NY,5556028596,True,,,10.250189654377863,False,True
HCP001569,4544888546,68895392397,MG4844012,STEPHANIE,M,WALL,,NP,208000000X,Pediatrics,NJ596184,NJ,91183,2569 MEDICAL PLZ,SYNTH CITY 19,NJ,5551037850,True,,,58.30866299531462,False,True
HCP001570,8094814802,49536205711,MF9335966,FRANK,K,PATEL,,PA,207Q00000X,Family Medicine,MA357852,MA,91190,2570 MEDICAL PLZ,SYNTH CITY 20,MA,5552398526,True,,,29.323606097887733,False,True
HCP001571,4584543761,58784627052,MB9186937,WILLIAM,C,VASQUEZ,,MD,207RX0202X,Medical Oncology,PA753791,PA,91197,2571 MEDICAL PLZ,SYNTH CITY 21,PA,5558058823,True,,,53.70432905428337,False,True
HCP001572,3848666889,35242197540,FB5498683,MELANIE,A,MILLER,JR,PA,207R00000X,Internal Medicine,IL209519,IL,91204,2572 MEDICAL PLZ,SYNTH CITY 22,IL,5558707248,True,,,13.874580150177989,False,True
HCP001573,6454072235,85394189223,FB0121192,MICHELLE,E,STOUT,,DO,207RR0500X,Rheumatology,OH802707,OH,91211,2573 MEDICAL PLZ,SYNTH CITY 23,OH,5551152403,True,,,89.93297813143754,False,True
HCP001574,7197019848,85609124776,RM1725633,ASHLEE,L,HARRIS,,PA,207RC0000X,Cardiovascular Disease,MI444988,MI,90980,2574 MEDICAL PLZ,SYNTH CITY 40,IL,5555255569,True,,2024-02-28,23.584874419816483,False,True
HCP001575,4035226578,85170397508,GR7918728,LUKE,M,BRIGGS,,NP,208000000X,Pediatrics,MN615595,MN,91225,2575 MEDICAL PLZ,SYNTH CITY 25,MN,5556700401,True,,,3.3167970995932032,False,True
HCP001576,9606353396,26909828810,MM8919863,CHRISTINE,J,ANDERSON,,NP,207Q00000X,Family Medicine,CA170380,CA,90273,2576 MEDICAL PLZ,SYNTH CITY 39,GA,5557512745,True,,2024-02-13,6.742148672710118,False,True
HCP001577,8703694900,71923605243,PG7063586,ANTHONY,J,GONZALES,,PA,207RX0202X,Medical Oncology,OR333839,OR,91239,2577 MEDICAL PLZ,SYNTH CITY 27,OR,5551318115,True,,,5.3572308712049725,False,True
HCP001578,2699003218,14067520471,PR6826777,LAURIE,M,BRAY,,NP,207R00000X,Internal Medicine,WA205600,WA,91246,2578 MEDICAL PLZ,SYNTH CITY 28,WA,5556755158,True,,,2.165120113509226,False,True
HCP001579,9471282365,50367980408,AP0191456,ADAM,M,ODOM,,NP,207RR0500X,Rheumatology,AZ997519,AZ,91253,2579 MEDICAL PLZ,SYNTH CITY 29,AZ,5551974046,True,,,4.997172303464722,False,True
HCP001580,4190468239,16044531792,GA1376700,LAURA,M,DUNLAP,,NP,207RC0000X,Cardiovascular Disease,CO625834,CO,91260,2580 MEDICAL PLZ,SYNTH CITY 30,CO,5552692168,True,,,6.146323099795459,False,True
HCP001581,8070238570,63415591720,FR4136222,DEBBIE,J,HARRIS,,DO,208000000X,Pediatrics,TX375290,TX,91267,2581 MEDICAL PLZ,SYNTH CITY 31,TX,5553955727,True,,,8.678085797821266,False,True
HCP001582,6296921730,57204958884,BR5347382,ROBERT,C,BELL,,PA,207Q00000X,Family Medicine,FL883456,FL,91274,2582 MEDICAL PLZ,SYNTH CITY 32,FL,5552863994,True,,,3.4534826175022117,False,True
HCP001583,5099906237,55987940834,FR3665508,PATRICK,D,BRADSHAW,,MD,207RX0202X,Medical Oncology,GA459398,GA,91281,2583 MEDICAL PLZ,SYNTH CITY 33,GA,5556614449,True,,,4.460885518161228,False,True
HCP001584,5680562670,92110036656,AR1361492,TRACY,K,ALVARADO,,MD,207R00000X,Internal Medicine,NY147399,NY,91288,2584 MEDICAL PLZ,SYNTH CITY 34,NY,5552317527,True,,,4.787758498780583,False,True
HCP001585,0317191977,41668288722,AP4314183,MARY,S,THOMAS,,NP,207RR0500X,Rheumatology,NJ205168,NJ,91295,2585 MEDICAL PLZ,SYNTH CITY 35,NJ,5551687128,True,,,14.1438015748669,False,True
HCP001586,2711500985,01485897023,GP9949916,BRENDA,J,HORTON,,PA,207RC0000X,Cardiovascular Disease,MA273159,MA,91302,2586 MEDICAL PLZ,SYNTH CITY 36,MA,5556433908,True,,,68.55067059273443,False,True
HCP001587,9891735661,77652528007,PG5088205,CHARLES,A,WILLIAMS,,MD,208000000X,Pediatrics,PA693436,PA,91309,2587 MEDICAL PLZ,SYNTH CITY 37,PA,5554232345,True,,,30.301995373048833,False,True
HCP001588,7638628470,55776505990,RB0051648,EMILY,L,ERICKSON,,NP,207Q00000X,Family Medicine,IL225868,IL,91316,2588 MEDICAL PLZ,SYNTH CITY 38,IL,5555124049,True,,,5.3707023297216,False,True
HCP001589,5095330408,11030025244,MA9092403,STEVEN,M,PEREZ,,NP,207RX0202X,Medical Oncology,OH430911,OH,91323,2589 MEDICAL PLZ,SYNTH CITY 39,OH,5559333653,True,,,28.959018139601135,False,True
HCP001590,7640865979,14523541558,AG9273177,CHRIS,A,PATTERSON,,DO,207R00000X,Internal Medicine,MI755599,MI,91330,2590 MEDICAL PLZ,SYNTH CITY 40,MI,5551291709,True,,,0.7412464878146809,False,True
HCP001591,3130572589,33734218018,PB8730764,AMANDA,L,GARCIA,,DO,207RR0500X,Rheumatology,MN904039,MN,91337,2591 MEDICAL PLZ,SYNTH CITY 41,MN,5552834819,True,,,0.9854479695169367,False,True
HCP001592,4564693362,14124648706,AB7531375,CAROL,L,GOLDEN,,MD,207RC0000X,Cardiovascular Disease,CA209403,CA,91344,2592 MEDICAL PLZ,SYNTH CITY 42,CA,5551778637,True,,,20.04798231373317,False,True
HCP001593,7570137068,27637646277,GM8622983,KENNETH,K,PETERS,III,MD,208000000X,Pediatrics,OR380162,OR,91351,2593 MEDICAL PLZ,SYNTH CITY 43,OR,5559346962,True,,,1.6398872069483634,False,True
HCP001594,4952021192,42171033255,GG6130968,LISA,T,CROSS,,PA,207Q00000X,Family Medicine,WA882851,WA,91358,2594 MEDICAL PLZ,SYNTH CITY 44,WA,5556179507,True,,,6.049794634745213,False,True
HCP001595,7398052580,60801744017,GB4498415,SARAH,M,ORTIZ,,MD,207RX0202X,Medical Oncology,AZ908959,AZ,91365,2595 MEDICAL PLZ,SYNTH CITY 45,AZ,5554937906,True,,,15.702628737506577,False,True
HCP001596,7232877374,45907649753,MA2425834,ELIJAH,M,WHITE,,DO,207R00000X,Internal Medicine,CO310921,CO,91372,2596 MEDICAL PLZ,SYNTH CITY 46,CO,5559059025,True,,,11.016315578584555,False,True
HCP001597,7665237740,11202828872,RM7366557,PETER,J,BROOKS,,PA,207RR0500X,Rheumatology,TX900057,TX,91379,2597 MEDICAL PLZ,SYNTH CITY 47,TX,5554148266,True,,,6.143549602576583,False,True
HCP001598,8852193035,84945460053,BP7117435,ARIEL,L,MAY,,DO,207RC0000X,Cardiovascular Disease,FL726690,FL,91386,2598 MEDICAL PLZ,SYNTH CITY 48,FL,5551703475,True,,,3.147792207985906,False,True
HCP001599,6032903521,74391405375,MR9257145,TODD,K,LOPEZ,,PA,208000000X,Pediatrics,GA314067,GA,91393,2599 MEDICAL PLZ,SYNTH CITY 49,GA,5558719250,True,,,13.200558202389773,False,True
HCP001600,7262068951,60236329070,FP8309840,HEATHER,M,SHERMAN,,NP,207Q00000X,Family Medicine,CA757832,CA,90000,2600 MEDICAL PLZ,SYNTH CITY 0,CA,5558870401,True,,,3.0617722874170337,False,True
HCP001601,6104517688,31867667000,RG9930842,MICHAEL,L,VAUGHN,,PA,207RX0202X,Medical Oncology,OR456825,OR,90007,2601 MEDICAL PLZ,SYNTH CITY 1,OR,5559364440,True,,,22.72544378104249,False,True
HCP001602,6114498903,69864332542,BG0303660,JACQUELINE,P,DAVIS,,DO,207R00000X,Internal Medicine,WA708749,WA,90014,2602 MEDICAL PLZ,SYNTH CITY 2,WA,5551327097,True,,,2.0588848045882244,False,True
HCP001603,5142914477,10756939957,AM0470442,KRISTY,T,WINTERS,,NP,207RR0500X,Rheumatology,AZ915567,AZ,90021,2603 MEDICAL PLZ,SYNTH CITY 3,AZ,5559564455,True,,,4.458585189806771,False,True
HCP001604,2746790312,37147782892,MM8028042,STEPHEN,C,HIGGINS,,NP,207RC0000X,Cardiovascular Disease,CO169639,CO,90028,2604 MEDICAL PLZ,SYNTH CITY 4,CO,5555554213,True,,,1.7255534207716297,False,True
HCP001605,8617980015,39077956086,MF0771806,GABRIELA,H,NOBLE,,MD,208000000X,Pediatrics,TX394632,TX,90035,2605 MEDICAL PLZ,SYNTH CITY 5,TX,5557732086,True,,,24.448973831533042,False,True
HCP001606,5146752279,76444051984,MA5858093,ROBERT,E,MCKAY,,NP,207Q00000X,Family Medicine,FL212994,FL,90042,2606 MEDICAL PLZ,SYNTH CITY 6,FL,5554122431,True,,,6.7101760914959865,False,True
HCP001607,9438808435,59060037339,BP8699013,FRANK,B,CARR,,NP,207RX0202X,Medical Oncology,GA907977,GA,90049,2607 MEDICAL PLZ,SYNTH CITY 7,GA,5551056016,True,,,0.8905906917279605,False,True
HCP001608,9025915130,27607609764,PF7667115,NICHOLAS,J,ACOSTA,,PA,207R00000X,Internal Medicine,NY961477,NY,90056,2608 MEDICAL PLZ,SYNTH CITY 8,NY,5556580485,True,,,1.4852521535289567,False,True
HCP001609,6563657876,93726072234,AG1535190,HEATHER,J,CUMMINGS,,PA,207RR0500X,Rheumatology,NJ636698,NJ,90063,2609 MEDICAL PLZ,SYNTH CITY 9,NJ,5558473330,True,,,8.156895216907612,False,True
HCP001610,5288724714,18327886061,PR6227781,JEFFREY,M,MCCORMICK,III,DO,207RC0000X,Cardiovascular Disease,MA761880,MA,90070,2610 MEDICAL PLZ,SYNTH CITY 10,MA,5555762471,True,,,9.55915961379749,False,True
HCP001611,9729922333,79052251084,AR6764736,ZACHARY,J,BENNETT,,NP,208000000X,Pediatrics,PA134228,PA,90077,2611 MEDICAL PLZ,SYNTH CITY 11,PA,5551138375,True,,,2.0206200257200018,False,True
HCP001612,4452549395,46472960262,FM3964220,TREVOR,A,DEAN,,PA,207Q00000X,Family Medicine,IL178117,IL,90084,2612 MEDICAL PLZ,SYNTH CITY 12,IL,5555972306,True,,,15.104933189593682,False,True
HCP001613,3168974517,25436995548,RA7073572,STACEY,M,BROWN,,PA,207RX0202X,Medical Oncology,OH204188,OH,90091,2613 MEDICAL PLZ,SYNTH CITY 13,OH,5554488425,True,,,8.529470568478603,False,True
HCP001614,5101058720,52478077203,BA2180538,GREGORY,P,FERNANDEZ,,DO,207R00000X,Internal Medicine,MI826213,MI,90098,2614 MEDICAL PLZ,SYNTH CITY 14,MI,5557010904,True,,,7.792038043667868,False,True
HCP001615,5224949508,81264852312,PB4149772,KIMBERLY,J,MARTINEZ,,PA,207RR0500X,Rheumatology,MN961964,MN,90105,2615 MEDICAL PLZ,SYNTH CITY 15,MN,5554050943,True,,,10.024925144164957,False,True
HCP001616,6394201233,32536596311,MA3038099,LAUREN,J,PALMER,,MD,207RC0000X,Cardiovascular Disease,CA189892,CA,90112,2616 MEDICAL PLZ,SYNTH CITY 16,CA,5559272655,True,,,3.341394841705154,False,True
HCP001617,3478099534,71917824570,BB3644400,SARAH,A,LOPEZ,III,PA,208000000X,Pediatrics,OR536300,OR,90119,2617 MEDICAL PLZ,SYNTH CITY 17,OR,5556998886,True,,,0.6193971101008261,False,True
HCP001618,9347192079,91256672191,GF7313114,WILLIAM,J,BARNETT,,PA,207Q00000X,Family Medicine,WA568435,WA,90126,2618 MEDICAL PLZ,SYNTH CITY 18,WA,5559820184,True,,,5.0878312317482886,False,True
HCP001619,5963620781,43958032190,GB0923169,ASHLEY,C,LOWE,,DO,207RX0202X,Medical Oncology,AZ592212,AZ,90133,2619 MEDICAL PLZ,SYNTH CITY 19,AZ,5558203439,True,,,41.295983566318995,False,True
HCP001620,9347849843,11029233555,AF9906150,YESENIA,K,PEREZ,,MD,207R00000X,Internal Medicine,CO469584,CO,90140,2620 MEDICAL PLZ,SYNTH CITY 20,CO,5552747125,True,,,3.5491139914925904,False,True
HCP001621,1393513233,55545721613,MM7440728,THOMAS,A,CARTER,,PA,207RR0500X,Rheumatology,TX440360,TX,91295,2621 MEDICAL PLZ,SYNTH CITY 35,NJ,5554544993,True,,2024-03-16,47.92241347707693,False,True
HCP001622,9053055775,44193189259,MG5195034,REBECCA,A,KIRK,,DO,207RC0000X,Cardiovascular Disease,FL250383,FL,90154,2622 MEDICAL PLZ,SYNTH CITY 22,FL,5551384443,True,,,88.82031457761079,False,True
HCP001623,5592256254,62121550874,BB9286688,CHARLES,J,MORTON,,MD,208000000X,Pediatrics,GA797460,GA,90161,2623 MEDICAL PLZ,SYNTH CITY 23,GA,5554475774,True,,,9.853175461186154,False,True
HCP001624,6174425127,58203159415,PR4452171,NATHAN,L,VALENTINE,,DO,207Q00000X,Family Medicine,NY439866,NY,90168,2624 MEDICAL PLZ,SYNTH CITY 24,NY,5559854309,True,,,4.869529696840572,False,True
HCP001625,7445411763,38063114163,RB3362149,SHANNON,J,WILLIAMS,,PA,207RX0202X,Medical Oncology,NJ791739,NJ,90175,2625 MEDICAL PLZ,SYNTH CITY 25,NJ,5557890178,True,,,15.90391491568757,False,True
HCP001626,3014562789,14836848651,PF2933927,MARK,M,HUDSON,SR,DO,207R00000X,Internal Medicine,MA753179,MA,90182,2626 MEDICAL PLZ,SYNTH CITY 26,MA,5554561703,True,,,4.330769806259064,False,True
HCP001627,4183481124,37344153968,BA4556832,WHITNEY,M,VAZQUEZ,,DO,207RR0500X,Rheumatology,PA822656,PA,90189,2627 MEDICAL PLZ,SYNTH CITY 27,PA,5554734802,True,,,6.506594005361452,False,True
HCP001628,3038883484,71256772379,RR6470995,PAUL,L,BAUER,,NP,207RC0000X,Cardiovascular Disease,IL285196,IL,90196,2628 MEDICAL PLZ,SYNTH CITY 28,IL,5557588874,True,,,76.89119377982804,False,True
HCP001629,5248693462,14503167008,FP6733765,KEVIN,M,THOMAS,,DO,208000000X,Pediatrics,OH901180,OH,91050,2629 MEDICAL PLZ,SYNTH CITY 0,FL,5557381901,True,,2024-02-16,2.9541983568735257,False,True
HCP001630,4286024680,33992585775,FG8382408,THOMAS,K,CASTANEDA,,NP,207Q00000X,Family Medicine,MI575002,MI,90210,2630 MEDICAL PLZ,SYNTH CITY 30,MI,5555458489,True,,,11.218934525278849,False,True
HCP001631,7137723731,05912515263,RP9190288,RYAN,A,VEGA,JR,DO,207RX0202X,Medical Oncology,MN124990,MN,90217,2631 MEDICAL PLZ,SYNTH CITY 31,MN,5555654918,True,,,5.933524847224971,False,True
HCP001632,8361547994,68808496329,BA1525820,AMY,T,TAYLOR,,NP,207R00000X,Internal Medicine,CA161338,CA,90224,2632 MEDICAL PLZ,SYNTH CITY 32,CA,5558906115,True,,,5.182895073389338,False,True
HCP001633,5445293769,46656574859,GM4376381,TYLER,E,ONEAL,,DO,207RR0500X,Rheumatology,OR816485,OR,91337,2633 MEDICAL PLZ,SYNTH CITY 41,MN,5556976643,True,,2024-02-23,1.8542777948743503,False,True
HCP001634,7692195333,13878150412,BB8319018,JOSEPH,M,ROBINSON,,DO,207RC0000X,Cardiovascular Disease,WA629859,WA,90238,2634 MEDICAL PLZ,SYNTH CITY 34,WA,5554229521,True,,,14.74913518607324,False,True
HCP001635,0403613231,75668197100,MF1340506,DAVID,J,NEWMAN,,DO,208000000X,Pediatrics,AZ564576,AZ,90245,2635 MEDICAL PLZ,SYNTH CITY 35,AZ,5554472592,True,,,5.197003703430087,False,True
HCP001636,8238017320,40571068067,BB5651845,JESSICA,V,HARPER,,DO,207Q00000X,Family Medicine,CO387099,CO,90252,2636 MEDICAL PLZ,SYNTH CITY 36,CO,5552249484,True,,,6.293629824228559,False,True
HCP001637,7465887926,82726078554,MG4514482,RYAN,C,FOX,,PA,207RX0202X,Medical Oncology,TX731086,TX,90259,2637 MEDICAL PLZ,SYNTH CITY 37,TX,5553851940,True,,,14.42906967828464,False,True
HCP001638,1801031083,66101394223,MP0703512,DAVID,G,BIRD,,MD,207R00000X,Internal Medicine,FL799832,FL,90266,2638 MEDICAL PLZ,SYNTH CITY 38,FL,5554672825,True,,,1.8243633554495227,False,True
HCP001639,6173668834,43456369662,FA5079816,MARTIN,A,WONG,III,PA,207RR0500X,Rheumatology,GA515561,GA,90273,2639 MEDICAL PLZ,SYNTH CITY 39,GA,5559188217,True,,,16.861887900915665,False,True
HCP001640,5049404143,65706601688,PP6153210,RAVEN,P,JOHNSON,,PA,207RC0000X,Cardiovascular Disease,NY372284,NY,90280,2640 MEDICAL PLZ,SYNTH CITY 40,NY,5555359902,True,,,1.660137199621558,False,True
HCP001641,5794815402,86772439193,PB8593980,JENNIFER,C,RAMSEY,,DO,208000000X,Pediatrics,NJ890360,NJ,90287,2641 MEDICAL PLZ,SYNTH CITY 41,NJ,5551758113,True,,,24.297991860075644,False,True
HCP001642,0646085270,44273178843,BF1827369,ANDREW,J,TRUJILLO,,DO,207Q00000X,Family Medicine,MA329072,MA,90294,2642 MEDICAL PLZ,SYNTH CITY 42,MA,5557510866,True,,,12.031518992462285,False,True
HCP001643,4056253071,40789936048,MP9763505,MARK,C,WYATT,,PA,207RX0202X,Medical Oncology,PA909532,PA,90301,2643 MEDICAL PLZ,SYNTH CITY 43,PA,5554209500,True,,,3.3881322549177715,False,True
HCP001644,0079250144,00540258464,RR4258537,MELINDA,C,HO,,MD,207R00000X,Internal Medicine,IL921564,IL,90308,2644 MEDICAL PLZ,SYNTH CITY 44,IL,5559465741,True,,,3.30598111608213,False,True
HCP001645,9336738080,50829730110,MR7796047,MARIA,C,HILL,,DO,207RR0500X,Rheumatology,OH802994,OH,90315,2645 MEDICAL PLZ,SYNTH CITY 45,OH,5554274601,True,,,7.92577980552322,False,True
HCP001646,2172996987,73151009037,PA8996511,MICHELLE,H,KIRBY,,PA,207RC0000X,Cardiovascular Disease,MI656402,MI,90322,2646 MEDICAL PLZ,SYNTH CITY 46,MI,5556074998,True,,,36.587723808336406,False,True
HCP001647,3577829831,24168417788,GF1189693,KEVIN,J,WILLIAMS,,PA,208000000X,Pediatrics,MN676021,MN,90329,2647 MEDICAL PLZ,SYNTH CITY 47,MN,5552209605,True,,,2.660154615780868,False,True
HCP001648,2160993657,68583796920,GF6381923,MICHELLE,S,CURTIS,,MD,207Q00000X,Family Medicine,CA936529,CA,90336,2648 MEDICAL PLZ,SYNTH CITY 48,CA,5551962146,True,,,3.3530984851538705,False,True
HCP001649,2378063780,89737038625,AR5532344,JUSTIN,A,STEWART,,DO,207RX0202X,Medical Oncology,OR378982,OR,90343,2649 MEDICAL PLZ,SYNTH CITY 49,OR,5556229273,True,,,14.726497431344304,False,True
HCP001650,6977215212,97115621621,FF4355025,JAMES,T,RAMOS,,NP,207R00000X,Internal Medicine,WA184848,WA,90350,2650 MEDICAL PLZ,SYNTH CITY 0,WA,5556759906,True,,,20.054657210655716,False,True
HCP001651,8080568776,91248386474,AP1417698,JASON,J,RICHARDS,,DO,207RR0500X,Rheumatology,AZ238410,AZ,90357,2651 MEDICAL PLZ,SYNTH CITY 1,AZ,5559447423,True,,,7.819279473414201,False,True
HCP001652,5864257022,02358835082,AM3446856,RICHARD,S,HOLLOWAY,,MD,207RC0000X,Cardiovascular Disease,CO404700,CO,90364,2652 MEDICAL PLZ,SYNTH CITY 2,CO,5555443123,True,,,65.1149004850712,False,True
HCP001653,9524066146,70351195516,RR1258021,JOYCE,L,MEYER,,NP,208000000X,Pediatrics,TX136865,TX,90371,2653 MEDICAL PLZ,SYNTH CITY 3,TX,5552190050,True,,,4.694913094696766,False,True
HCP001654,5081760741,14285082686,FA2590137,JOEL,N,WEBER,,NP,207Q00000X,Family Medicine,FL966745,FL,90378,2654 MEDICAL PLZ,SYNTH CITY 4,FL,5559986814,True,,,2.880543700928253,False,True
HCP001655,7610816317,80757514983,RA5761179,SERGIO,G,MOLINA,,PA,207RX0202X,Medical Oncology,GA954124,GA,90385,2655 MEDICAL PLZ,SYNTH CITY 5,GA,5558109708,True,,,14.077114147577666,False,True
HCP001656,7550095039,86728723726,FF1735210,TAYLOR,C,HENSLEY,,NP,207R00000X,Internal Medicine,NY520149,NY,90392,2656 MEDICAL PLZ,SYNTH CITY 6,NY,5554329077,True,,,0.7825311935808151,False,True
HCP001657,8108003541,07093991319,GP5850469,LARRY,J,LANE,,PA,207RR0500X,Rheumatology,NJ941778,NJ,90399,2657 MEDICAL PLZ,SYNTH CITY 7,NJ,5558883378,True,,,2.439782900089702,False,True
HCP001658,9834398791,60481577532,BP2602370,AMY,M,RAMOS,,DO,207RC0000X,Cardiovascular Disease,MA819301,MA,90406,2658 MEDICAL PLZ,SYNTH CITY 8,MA,5559823106,True,,,4.874361331008826,False,True
HCP001659,0362258101,09216717336,AB8997138,JENNIFER,K,SULLIVAN,,DO,208000000X,Pediatrics,PA619320,PA,90413,2659 MEDICAL PLZ,SYNTH CITY 9,PA,5557631609,True,,,11.509357269991087,False,True
HCP001660,7693762164,22019144738,PG8345109,JUSTIN,K,WRIGHT,JR,NP,207Q00000X,Family Medicine,IL341461,IL,90420,2660 MEDICAL PLZ,SYNTH CITY 10,IL,5552976842,True,,,1.2504355723880316,False,True
HCP001661,0959193711,71268810304,GR0335368,SHANNON,K,BARKER,,NP,207RX0202X,Medical Oncology,OH898371,OH,90427,2661 MEDICAL PLZ,SYNTH CITY 11,OH,5556032136,True,,,3.3530551561523194,False,True
HCP001662,6992222698,42840782279,BG6801857,ASHLEY,D,WILLIAMS,,MD,207R00000X,Internal Medicine,MI438329,MI,90434,2662 MEDICAL PLZ,SYNTH CITY 12,MI,5559478897,True,,,54.404578344018255,False,True
HCP001663,6179335636,25333506512,BR9769733,ERNEST,W,WARD,,NP,207RR0500X,Rheumatology,MN975101,MN,90441,2663 MEDICAL PLZ,SYNTH CITY 13,MN,5559184036,True,,,4.167042951156704,False,True
HCP001664,4344685217,60029773944,RP2636109,STEVEN,J,JOHNSON,,MD,207RC0000X,Cardiovascular Disease,CA113469,CA,90315,2664 MEDICAL PLZ,SYNTH CITY 45,OH,5557746884,True,,2024-03-13,14.696398465561659,False,True
HCP001665,6147214830,33113244430,PG1099145,DANIELLE,N,ROBERTS,,DO,208000000X,Pediatrics,OR338864,OR,90455,2665 MEDICAL PLZ,SYNTH CITY 15,OR,5558035071,True,,,1.8353202339061991,False,True
HCP001666,9904009203,92069383420,BM0892214,KIMBERLY,S,HURST,,PA,207Q00000X,Family Medicine,WA389530,WA,90462,2666 MEDICAL PLZ,SYNTH CITY 16,WA,5555032730,True,,,22.186962336621022,False,True
HCP001667,8981143646,45616528427,BM6422219,JEFFREY,W,LARSON,,PA,207RX0202X,Medical Oncology,AZ691648,AZ,90469,2667 MEDICAL PLZ,SYNTH CITY 17,AZ,5556519723,True,,,38.53658596309561,False,True
HCP001668,6424844283,11558360872,AA8635504,SCOTT,A,POWERS,,NP,207R00000X,Internal Medicine,CO935297,CO,90476,2668 MEDICAL PLZ,SYNTH CITY 18,CO,5551973503,True,,,3.12506539710056,False,True
HCP001669,1350797944,21681553272,AM0305223,MATTHEW,S,CRUZ,,DO,207RR0500X,Rheumatology,TX642844,TX,90483,2669 MEDICAL PLZ,SYNTH CITY 19,TX,5555362527,True,,,2.700852990922241,False,True
HCP001670,7806100104,57195067476,MF9647297,LORI,J,GRAY,,NP,207RC0000X,Cardiovascular Disease,FL954629,FL,91078,2670 MEDICAL PLZ,SYNTH CITY 4,MA,5557491165,True,,2024-03-04,8.248358132531447,False,True
HCP001671,4341668455,14920850929,FF2184534,BRETT,S,OBRIEN,,DO,208000000X,Pediatrics,GA518849,GA,90497,2671 MEDICAL PLZ,SYNTH CITY 21,GA,5557914161,True,,,26.03196754127099,False,True
HCP001672,6765519890,78266100722,RM0344780,JOHN,M,WOODS,JR,NP,207Q00000X,Family Medicine,NY169653,NY,90504,2672 MEDICAL PLZ,SYNTH CITY 22,NY,5556157012,True,,,3.0402201152469397,False,True
HCP001673,0844668828,89969784909,RP9431180,ANGELA,D,RYAN,,DO,207RX0202X,Medical Oncology,NJ932291,NJ,90511,2673 MEDICAL PLZ,SYNTH CITY 23,NJ,5551267944,True,,,7.229780291234242,False,True
HCP001674,0036654008,80065308652,RA7776344,JESUS,K,KRAUSE,,DO,207R00000X,Internal Medicine,MA749806,MA,90518,2674 MEDICAL PLZ,SYNTH CITY 24,MA,5559725130,True,,,6.822722307733265,True,True
HCP001675,5080677557,58790224876,FA6024761,MICHAEL,J,SHAW,,MD,207RR0500X,Rheumatology,PA691776,PA,90525,2675 MEDICAL PLZ,SYNTH CITY 25,PA,5554234626,True,,,1.5259167197363896,False,True
HCP001676,2861002162,16048281723,GM5526001,AMANDA,K,MACK,,PA,207RC0000X,Cardiovascular Disease,IL662688,IL,90532,2676 MEDICAL PLZ,SYNTH CITY 26,IL,5553423027,True,,,1.1976432361559617,False,True
HCP001677,0966680940,53901226486,MP4318267,LUCAS,C,HERRERA,,DO,208000000X,Pediatrics,OH392733,OH,90539,2677 MEDICAL PLZ,SYNTH CITY 27,OH,5558668309,True,,,9.135670079844367,False,True
HCP001678,7684010821,29846344341,MA9920404,MICHAEL,B,YATES,,PA,207Q00000X,Family Medicine,MI113015,MI,90546,2678 MEDICAL PLZ,SYNTH CITY 28,MI,5557387412,True,,,38.088329690389095,False,True
HCP001679,6957685418,77373808782,GB7667042,MAURICE,K,CONTRERAS,,PA,207RX0202X,Medical Oncology,MN453027,MN,90553,2679 MEDICAL PLZ,SYNTH CITY 29,MN,5555746149,True,,,4.153374284080422,False,True
HCP001680,5626073824,92577242640,FF5996908,NICOLE,J,COOKE,,NP,207R00000X,Internal Medicine,CA414386,CA,90560,2680 MEDICAL PLZ,SYNTH CITY 30,CA,5558278978,True,,,9.522451512597153,False,True
HCP001681,3735023772,75256931384,FG2869070,JESSICA,T,BUTLER,,MD,207RR0500X,Rheumatology,OR384266,OR,90567,2681 MEDICAL PLZ,SYNTH CITY 31,OR,5552706522,True,,,2.28145043460381,False,True
HCP001682,1904515552,37332613408,FR6264486,KYLE,W,BRADLEY,,PA,207RC0000X,Cardiovascular Disease,WA519183,WA,90287,2682 MEDICAL PLZ,SYNTH CITY 41,NJ,5555446323,True,,2024-02-28,5.17382010585128,False,True
HCP001683,5110293946,45377746394,BG9938312,JOSHUA,D,CHAMBERS,,DO,208000000X,Pediatrics,AZ444985,AZ,90581,2683 MEDICAL PLZ,SYNTH CITY 33,AZ,5551104134,True,,,4.556302817766135,False,True
HCP001684,2199471154,78634210409,RP7678582,JOSHUA,D,GEORGE,,PA,207Q00000X,Family Medicine,CO263794,CO,90588,2684 MEDICAL PLZ,SYNTH CITY 34,CO,5552165055,True,,,39.84281360678297,False,True
HCP001685,1589060080,99517538624,FG2640001,ELIZABETH,A,SCOTT,,MD,207RX0202X,Medical Oncology,TX118897,TX,90595,2685 MEDICAL PLZ,SYNTH CITY 35,TX,5554716169,True,,,3.555296530884316,False,True
HCP001686,3077873693,09587705719,MP6890954,WILLIAM,L,FRAZIER,,MD,207R00000X,Internal Medicine,FL579513,FL,90602,2686 MEDICAL PLZ,SYNTH CITY 36,FL,5557359261,True,,,4.957809057476688,False,True
HCP001687,8972992852,74114903220,BG4681382,JOSHUA,R,OBRIEN,,MD,207RR0500X,Rheumatology,GA330294,GA,90609,2687 MEDICAL PLZ,SYNTH CITY 37,GA,5555508834,True,,,6.876078902493623,False,True
HCP001688,5703624499,19531270794,PR7552175,REBECCA,D,TATE,,PA,207RC0000X,Cardiovascular Disease,NY966370,NY,90616,2688 MEDICAL PLZ,SYNTH CITY 38,NY,5551060488,True,,,0.9779458349903197,False,True
HCP001689,6219310888,80550866597,MG8381003,JASON,G,NOLAN,,NP,208000000X,Pediatrics,NJ128172,NJ,90623,2689 MEDICAL PLZ,SYNTH CITY 39,NJ,5557894042,True,,,3.136781998730632,False,True
HCP001690,7109225160,88807016114,FG9432820,JESSICA,J,BENNETT,SR,NP,207Q00000X,Family Medicine,MA495052,MA,90630,2690 MEDICAL PLZ,SYNTH CITY 40,MA,5557988764,True,,,1.007247172764841,False,True
HCP001691,0718774157,93980136128,GG5915004,SHANNON,J,CALDWELL,,NP,207RX0202X,Medical Oncology,PA928894,PA,90637,2691 MEDICAL PLZ,SYNTH CITY 41,PA,5551055409,True,,,6.855894654669842,False,True
HCP001692,6609819647,73308210348,MP0023089,TINA,J,MORGAN,,MD,207R00000X,Internal Medicine,IL127890,IL,90644,2692 MEDICAL PLZ,SYNTH CITY 42,IL,5559087997,True,,,6.700244133344007,False,True
HCP001693,8988482385,42450514368,AA4727025,DANIEL,R,HALE,,PA,207RR0500X,Rheumatology,OH488113,OH,90651,2693 MEDICAL PLZ,SYNTH CITY 43,OH,5556721647,True,,,1.3373587596090173,False,True
HCP001694,1604776355,23713397362,PF9824906,BRIAN,J,TRAN,,NP,207RC0000X,Cardiovascular Disease,MI552888,MI,90658,2694 MEDICAL PLZ,SYNTH CITY 44,MI,5554085451,True,,,0.4773336022883866,False,True
HCP001695,6302207082,92965814172,AF5298933,COLE,K,GATES,,NP,208000000X,Pediatrics,MN449611,MN,90665,2695 MEDICAL PLZ,SYNTH CITY 45,MN,5556935833,True,,,41.83290060419295,False,True
HCP001696,0359495708,73563064863,AG7732062,JOHN,T,KENNEDY,III,NP,207Q00000X,Family Medicine,CA328339,CA,90672,2696 MEDICAL PLZ,SYNTH CITY 46,CA,5558848314,True,,,2.932055780457933,True,True
HCP001697,0578356814,23476128654,RR4383491,SUSAN,A,MARTINEZ,,DO,207RX0202X,Medical Oncology,OR264669,OR,90679,2697 MEDICAL PLZ,SYNTH CITY 47,OR,5558749166,True,,,23.109886214301973,False,True
HCP001698,7243517464,76556843216,PF5399988,ANDREA,B,LEWIS,,DO,207R00000X,Internal Medicine,WA778711,WA,90686,2698 MEDICAL PLZ,SYNTH CITY 48,WA,5553880194,True,,,10.909760273649319,True,True
HCP001699,3674028683,60481062156,PA7662816,ADAM,A,CARTER,,DO,207RR0500X,Rheumatology,AZ250928,AZ,90693,2699 MEDICAL PLZ,SYNTH CITY 49,AZ,5552749892,True,,,1.7124629417422572,False,True
HCP001700,4432106589,29718969126,GM9281448,KAREN,A,THOMAS,,DO,207RC0000X,Cardiovascular Disease,CO994046,CO,90700,2700 MEDICAL PLZ,SYNTH CITY 0,CO,5552725434,True,,,36.597191752834334,False,True
HCP001701,8579306712,38726269677,GA9388652,GRANT,J,MENDOZA,,MD,208000000X,Pediatrics,TX705672,TX,90707,2701 MEDICAL PLZ,SYNTH CITY 1,TX,5559890527,True,,,7.675133117451941,False,True
HCP001702,8245494231,35319136039,AB0600479,TAMARA,M,WHITE,,MD,207Q00000X,Family Medicine,FL756591,FL,90714,2702 MEDICAL PLZ,SYNTH CITY 2,FL,5559699398,True,,,9.01140604175711,False,True
HCP001703,7749830999,89375475622,MG3834355,DANIEL,L,KLEIN,,DO,207RX0202X,Medical Oncology,GA793069,GA,90721,2703 MEDICAL PLZ,SYNTH CITY 3,GA,5551593816,True,,,25.02938086424882,False,True
HCP001704,9750936863,17649779986,BB1832752,JAMES,K,DUNN,,DO,207R00000X,Internal Medicine,NY106005,NY,90728,2704 MEDICAL PLZ,SYNTH CITY 4,NY,5557835407,True,,,27.636941668254096,False,True
HCP001705,3938235108,38621541684,GR3285998,JOHN,A,WHITE,,DO,207RR0500X,Rheumatology,NJ787850,NJ,90735,2705 MEDICAL PLZ,SYNTH CITY 5,NJ,5559395601,True,,,0.8387917788384264,False,True
HCP001706,2942273642,93793960759,GB1079660,ANNETTE,S,RICE,,MD,207RC0000X,Cardiovascular Disease,MA483092,MA,90742,2706 MEDICAL PLZ,SYNTH CITY 6,MA,5559424388,True,,,29.227533301551006,False,True
HCP001707,2734131784,28281331924,AM1298167,JAMES,J,TURNER,,PA,208000000X,Pediatrics,PA313211,PA,90749,2707 MEDICAL PLZ,SYNTH CITY 7,PA,5555842301,True,,,17.23498695435805,False,True
HCP001708,2528619788,66795796718,RF8829511,CHRISTINE,J,EDWARDS,,NP,207Q00000X,Family Medicine,IL559405,IL,90756,2708 MEDICAL PLZ,SYNTH CITY 8,IL,5554569636,True,,,5.0163317290632765,False,True
HCP001709,1821936394,15748799949,MA0350566,ANDREW,A,LEE,III,PA,207RX0202X,Medical Oncology,OH573696,OH,90763,2709 MEDICAL PLZ,SYNTH CITY 9,OH,5556673702,True,,,1.0775200689041056,False,True
HCP001710,5139419126,47547664524,BA8824950,JOSHUA,B,KEY,,MD,207R00000X,Internal Medicine,MI952630,MI,90770,2710 MEDICAL PLZ,SYNTH CITY 10,MI,5557868364,True,,,6.302266869180535,False,True
HCP001711,0869831897,53559314116,PA3145989,TAMARA,C,DAVIS,,DO,207RR0500X,Rheumatology,MN127013,MN,90777,2711 MEDICAL PLZ,SYNTH CITY 11,MN,5559368961,True,,,9.135281174488693,False,True
HCP001712,9795061651,93889869710,MG8528490,EMILY,M,HOWARD,,PA,207RC0000X,Cardiovascular Disease,CA213007,CA,90784,2712 MEDICAL PLZ,SYNTH CITY 12,CA,5557414076,True,,,1.7946554284990555,False,True
HCP001713,0540024987,49341182133,BM5599296,HEATHER,L,WATSON,,MD,208000000X,Pediatrics,OR819293,OR,90791,2713 MEDICAL PLZ,SYNTH CITY 13,OR,5556752466,True,,,5.984386111391562,False,True
HCP001714,6308494247,02111327331,MF7068726,DUSTIN,K,WALSH,,PA,207Q00000X,Family Medicine,WA834281,WA,90798,2714 MEDICAL PLZ,SYNTH CITY 14,WA,5555324914,True,,,29.6144769365641,False,True
HCP001715,6135718297,91414550092,GM1362769,ANGELA,A,DANIELS,,NP,207RX0202X,Medical Oncology,AZ724751,AZ,90805,2715 MEDICAL PLZ,SYNTH CITY 15,AZ,5559436520,True,,,5.52814175147486,False,True
HCP001716,5226666555,66378310588,RA0968974,JONATHAN,N,WEBB,,NP,207R00000X,Internal Medicine,CO875168,CO,90812,2716 MEDICAL PLZ,SYNTH CITY 16,CO,5552538932,True,,,4.64252494043298,False,True
HCP001717,4815971153,29325178113,PF7941935,JAMES,W,STEVENS,,PA,207RR0500X,Rheumatology,TX418133,TX,90819,2717 MEDICAL PLZ,SYNTH CITY 17,TX,5557034179,True,,,74.66292263127463,False,True
HCP001718,7929261775,71741971371,GA0275328,JENNIFER,J,MORRIS,,NP,207RC0000X,Cardiovascular Disease,FL669444,FL,90826,2718 MEDICAL PLZ,SYNTH CITY 18,FL,5551396420,True,,,12.65981448020908,False,True
HCP001719,7872618187,19733642649,AP7879339,MICHAEL,R,PAYNE,,MD,208000000X,Pediatrics,GA629956,GA,90833,2719 MEDICAL PLZ,SYNTH CITY 19,GA,5552089866,True,,,1.149042369755408,False,True
HCP001720,8513555275,08069943869,BG3488504,ALEXANDER,D,RAMIREZ,,DO,207Q00000X,Family Medicine,NY620766,NY,90840,2720 MEDICAL PLZ,SYNTH CITY 20,NY,5557774825,True,,,9.17354985943652,False,True
HCP001721,4445559659,91201666983,BF9921789,AMY,C,DAY,,PA,207RX0202X,Medical Oncology,NJ706569,NJ,90847,2721 MEDICAL PLZ,SYNTH CITY 21,NJ,5554027652,True,,,0.9139243087155925,False,True
HCP001722,0111903916,64576016205,FP8178664,KENNETH,J,MOON,,DO,207R00000X,Internal Medicine,MA715634,MA,90854,2722 MEDICAL PLZ,SYNTH CITY 22,MA,5555949134,True,,,3.0365206826594218,False,True
HCP001723,2844006322,12275777154,RM7866507,ERIC,T,HOPKINS,,DO,207RR0500X,Rheumatology,PA412312,PA,90861,2723 MEDICAL PLZ,SYNTH CITY 23,PA,5554494460,True,,,4.389369274395142,False,True
HCP001724,3846074813,22350683136,GM8947415,JILL,E,MERCER,,NP,207RC0000X,Cardiovascular Disease,IL753469,IL,90868,2724 MEDICAL PLZ,SYNTH CITY 24,IL,5558468828,True,,,32.397823551059425,False,True
HCP001725,0765407438,91116077744,RP1224620,SHANNON,J,HIGGINS,,NP,208000000X,Pediatrics,OH211223,OH,90875,2725 MEDICAL PLZ,SYNTH CITY 25,OH,5557203440,True,,,3.625797334003561,False,True
HCP001726,1025242516,36017331227,RA1683807,STEPHANIE,S,FITZPATRICK,,NP,207Q00000X,Family Medicine,MI332530,MI,90882,2726 MEDICAL PLZ,SYNTH CITY 26,MI,5558066921,True,,,2.033633378978233,False,True
HCP001727,8508140711,08061627569,GP8337901,MICHAEL,J,LEWIS,,DO,207RX0202X,Medical Oncology,MN550464,MN,90889,2727 MEDICAL PLZ,SYNTH CITY 27,MN,5553853523,True,,,6.149144395979122,False,True
HCP001728,3713248839,56132620817,RP4572432,DANIELLE,N,SWEENEY,SR,MD,207R00000X,Internal Medicine,CA675677,CA,90896,2728 MEDICAL PLZ,SYNTH CITY 28,CA,5555964237,True,,,30.263499393084857,False,True
HCP001729,8449082055,74713067738,MM2878350,JESSE,M,POWELL,,PA,207RR0500X,Rheumatology,OR758301,OR,90903,2729 MEDICAL PLZ,SYNTH CITY 29,OR,5559914105,True,,,70.51476228374806,False,True
HCP001730,9969565917,49516340848,GR3140892,SAMUEL,A,HARRINGTON,,NP,207RC0000X,Cardiovascular Disease,WA813958,WA,90910,2730 MEDICAL PLZ,SYNTH CITY 30,WA,5556124345,True,,,11.654972295863857,False,True
HCP001731,5335061680,54469556538,MG0226134,GREGORY,A,BELL,,NP,208000000X,Pediatrics,AZ592633,AZ,90917,2731 MEDICAL PLZ,SYNTH CITY 31,AZ,5557652353,True,,,10.35582266203054,False,True
HCP001732,3408630705,47323174239,MM8439528,JULIA,K,WILKINSON,,PA,207Q00000X,Family Medicine,CO691147,CO,90924,2732 MEDICAL PLZ,SYNTH CITY 32,CO,5555892079,True,,,64.31051872102117,False,True
HCP001733,9375293013,94784688873,GP2947596,EUGENE,B,HERNANDEZ,,NP,207RX0202X,Medical Oncology,TX414143,TX,90931,2733 MEDICAL PLZ,SYNTH CITY 33,TX,5558444364,True,,,4.826987273802435,False,True
HCP001734,1022727287,10420688184,BA7265977,CHRIS,M,MITCHELL,,MD,207R00000X,Internal Medicine,FL804874,FL,90938,2734 MEDICAL PLZ,SYNTH CITY 34,FL,5557768645,True,,,3.3518517093541944,False,True
HCP001735,3083258814,50060618213,RG9261436,DIANA,N,GREER,III,PA,207RR0500X,Rheumatology,GA443525,GA,90945,2735 MEDICAL PLZ,SYNTH CITY 35,GA,5551629699,True,,,7.731103806631446,False,True
HCP001736,2795060062,33691669319,AG6121826,COLLEEN,D,RICE,,MD,207RC0000X,Cardiovascular Disease,NY136198,NY,90952,2736 MEDICAL PLZ,SYNTH CITY 36,NY,5557501496,True,,,12.433631701128846,False,True
HCP001737,4067411346,76117964836,MA9628306,PAIGE,C,ZUNIGA,,MD,208000000X,Pediatrics,NJ241272,NJ,90959,2737 MEDICAL PLZ,SYNTH CITY 37,NJ,5558121973,True,,,6.84021206744534,False,True
HCP001738,1124877162,31338995677,MR3767908,BRENDAN,L,DAVIS,,PA,207Q00000X,Family Medicine,MA621093,MA,90966,2738 MEDICAL PLZ,SYNTH CITY 38,MA,5551637240,True,,,7.126281818529975,False,True
HCP001739,7006209804,97215808692,MG6149820,CHRISTINA,P,PHILLIPS,,DO,207RX0202X,Medical Oncology,PA264159,PA,90973,2739 MEDICAL PLZ,SYNTH CITY 39,PA,5555874287,True,,,0.6426841267478118,False,True
HCP001740,5150853658,88179186673,RP4693807,ANGELA,J,HARRIS,,NP,207R00000X,Internal Medicine,IL530848,IL,90980,2740 MEDICAL PLZ,SYNTH CITY 40,IL,5552391201,True,,,15.424921344195255,False,True
HCP001741,1273466031,72101943451,RG5599171,REBECCA,K,MCDONALD,,MD,207RR0500X,Rheumatology,OH542934,OH,90987,2741 MEDICAL PLZ,SYNTH CITY 41,OH,5551194308,True,,,5.115184830282342,False,True
HCP001742,1974083572,33137488374,FF0468414,MATTHEW,J,RILEY,,DO,207RC0000X,Cardiovascular Disease,MI915027,MI,90994,2742 MEDICAL PLZ,SYNTH CITY 42,MI,5553795631,True,,,1.109460527523926,False,True
HCP001743,3629783556,79421322429,FM7962502,HOLLY,A,FRANCO,,PA,208000000X,Pediatrics,MN148112,MN,91001,2743 MEDICAL PLZ,SYNTH CITY 43,MN,5555817754,True,,,12.538892496118223,False,True
HCP001744,2009912140,86295929260,BG5108271,ANNETTE,E,LONG,,DO,207Q00000X,Family Medicine,CA565261,CA,91008,2744 MEDICAL PLZ,SYNTH CITY 44,CA,5556196391,True,,,8.413383470087018,False,True
HCP001745,0631840028,93654803032,RM2681549,CHARLES,B,BROWN,,DO,207RX0202X,Medical Oncology,OR390677,OR,91015,2745 MEDICAL PLZ,SYNTH CITY 45,OR,5554012176,True,,,5.295677403252235,False,True
HCP001746,1487475406,10357969260,AM3597369,ANTHONY,A,CAMERON,,MD,207R00000X,Internal Medicine,WA693191,WA,91022,2746 MEDICAL PLZ,SYNTH CITY 46,WA,5555377429,True,,,22.70621929957951,False,True
HCP001747,8761521219,79211005625,BM7758040,MICHELLE,S,WHITE,,PA,207RR0500X,Rheumatology,AZ267381,AZ,91029,2747 MEDICAL PLZ,SYNTH CITY 47,AZ,5557370391,True,,,4.075642128740572,False,True
HCP001748,4326955919,08278973654,MM8562487,BRITTANY,A,ROSS,,NP,207RC0000X,Cardiovascular Disease,CO444589,CO,91036,2748 MEDICAL PLZ,SYNTH CITY 48,CO,5556979155,True,,,1.134929174579915,True,True
HCP001749,9416316708,76436157200,GF6893170,CAROLINE,R,ROGERS,,NP,208000000X,Pediatrics,TX211468,TX,91043,2749 MEDICAL PLZ,SYNTH CITY 49,TX,5551005180,True,,,125.44103641506982,False,True
HCP001750,1178797175,28969590479,RF6017352,WILLIAM,T,NEWMAN,,PA,207Q00000X,Family Medicine,FL709440,FL,91050,2750 MEDICAL PLZ,SYNTH CITY 0,FL,5558385821,False,2024-03-23,,9.790928351812227,False,True
HCP001751,7774611322,84707481285,GM3950294,AMBER,S,STEWART,III,MD,207RX0202X,Medical Oncology,GA566930,GA,91057,2751 MEDICAL PLZ,SYNTH CITY 1,GA,5556485228,True,,,3.9992347294575508,False,True
HCP001752,0570557336,88166249183,PG0187265,MONICA,L,PARSONS,,MD,207R00000X,Internal Medicine,NY469262,NY,91064,2752 MEDICAL PLZ,SYNTH CITY 2,NY,5551072423,True,,,1.6496448401538042,False,True
HCP001753,2062144151,04742939867,GM2068879,TONY,V,HERNANDEZ,,MD,207RR0500X,Rheumatology,NJ346650,NJ,91071,2753 MEDICAL PLZ,SYNTH CITY 3,NJ,5559779829,True,,,0.8138896821216355,False,True
HCP001754,8116754630,33154195100,FB9472036,DEBRA,L,HANNA,,DO,207RC0000X,Cardiovascular Disease,MA526747,MA,91078,2754 MEDICAL PLZ,SYNTH CITY 4,MA,5554121953,True,,,7.335161884155684,False,True
HCP001755,3887634822,41702901862,FR6314340,RAYMOND,P,BARRY,,DO,208000000X,Pediatrics,PA349108,PA,91085,2755 MEDICAL PLZ,SYNTH CITY 5,PA,5553205781,True,,,5.161289523090591,False,True
HCP001756,6112654614,20388205623,MG2897931,CHRISTOPHER,D,THOMAS,,NP,207Q00000X,Family Medicine,IL334488,IL,91092,2756 MEDICAL PLZ,SYNTH CITY 6,IL,5551571377,True,,,1.2154605079997938,False,True
HCP001757,4066187517,49163064324,AM0257369,JESSICA,T,PACHECO,,NP,207RX0202X,Medical Oncology,OH333918,OH,91099,2757 MEDICAL PLZ,SYNTH CITY 7,OH,5554283251,True,,,68.9704707040026,False,True
HCP001758,1747122723,38198966875,FR3506102,ERIC,S,BROWN,,NP,207R00000X,Internal Medicine,MI688634,MI,91106,2758 MEDICAL PLZ,SYNTH CITY 8,MI,5553178685,True,,,2.8742986093853506,False,True
HCP001759,7036053941,55646338451,FM5305390,LONNIE,C,KLEIN,,NP,207RR0500X,Rheumatology,MN742537,MN,91113,2759 MEDICAL PLZ,SYNTH CITY 9,MN,5555631824,True,,,38.37774835200313,False,True
HCP001760,2733095105,23384128010,AR9706777,MARIA,C,LAWRENCE,III,PA,207RC0000X,Cardiovascular Disease,CA933156,CA,91120,2760 MEDICAL PLZ,SYNTH CITY 10,CA,5555501478,True,,,4.77838001940942,False,True
HCP001761,4922318959,99781842981,MR6404582,JACQUELINE,N,SIMPSON,,PA,208000000X,Pediatrics,OR605468,OR,91127,2761 MEDICAL PLZ,SYNTH CITY 11,OR,5555012322,True,,,13.72028674310158,False,True
HCP001762,6156866512,52753470323,MB5308525,MARGARET,H,WILLIAMS,,PA,207Q00000X,Family Medicine,WA101763,WA,91134,2762 MEDICAL PLZ,SYNTH CITY 12,WA,5558777607,True,,,26.18622233108039,False,True
HCP001763,3493537898,95331037600,RP7863568,ALEXIS,C,COOPER,SR,NP,207RX0202X,Medical Oncology,AZ951008,AZ,91141,2763 MEDICAL PLZ,SYNTH CITY 13,AZ,5552623774,True,,,8.196809836563625,False,True
HCP001764,1351578566,99899583101,PF8378355,BRENT,N,GALLOWAY,,PA,207R00000X,Internal Medicine,CO798001,CO,91148,2764 MEDICAL PLZ,SYNTH CITY 14,CO,5559158574,True,,,6.793197630951791,False,True
HCP001765,5934876371,88875468565,MM0107830,AMANDA,J,ADAMS,,MD,207RR0500X,Rheumatology,TX399838,TX,91155,2765 MEDICAL PLZ,SYNTH CITY 15,TX,5556522758,True,,,7.561706183076023,False,True
HCP001766,7499156397,69994902671,FA1098607,VANESSA,T,AVILA,,NP,207RC0000X,Cardiovascular Disease,FL107677,FL,91162,2766 MEDICAL PLZ,SYNTH CITY 16,FL,5559199340,False,2024-02-07,,4.65208672739319,False,True
HCP001767,0434082117,10083116049,GB7432744,TIFFANY,D,ROGERS,,PA,208000000X,Pediatrics,GA254908,GA,91169,2767 MEDICAL PLZ,SYNTH CITY 17,GA,5556145747,True,,,4.17395246983934,False,True
HCP001768,9479484088,86808299063,BR4536237,JUSTIN,C,LOWE,,MD,207Q00000X,Family Medicine,NY733588,NY,91176,2768 MEDICAL PLZ,SYNTH CITY 18,NY,5554254869,True,,,1.1102010277640826,False,True
HCP001769,3912393220,93875210277,PM5371084,MARY,A,HILL,,NP,207RX0202X,Medical Oncology,NJ787918,NJ,91183,2769 MEDICAL PLZ,SYNTH CITY 19,NJ,5555311600,True,,,0.5141207028033683,False,True
HCP001770,9029531495,38666486038,BR8971143,COURTNEY,D,MARTINEZ,,PA,207R00000X,Internal Medicine,MA946817,MA,91190,2770 MEDICAL PLZ,SYNTH CITY 20,MA,5551541811,True,,,2.1296403239230197,False,True
HCP001771,8714862702,35241987310,FP3718031,GARRETT,S,GILL,SR,DO,207RR0500X,Rheumatology,PA102056,PA,91197,2771 MEDICAL PLZ,SYNTH CITY 21,PA,5554414529,True,,,4.8227786877394,False,True
HCP001772,2111879815,56259467929,MP2103522,JASON,A,CAREY,,NP,207RC0000X,Cardiovascular Disease,IL685370,IL,91204,2772 MEDICAL PLZ,SYNTH CITY 22,IL,5558616994,True,,,15.818619677642209,False,True
HCP001773,2173261183,63534792580,AM1917398,KRISTEN,M,DICKSON,,MD,208000000X,Pediatrics,OH196725,OH,91211,2773 MEDICAL PLZ,SYNTH CITY 23,OH,5553358971,True,,,13.219802605568866,False,True
HCP001774,0757127762,05930179704,FR5257547,JESSICA,S,MURRAY,,PA,207Q00000X,Family Medicine,MI747410,MI,91218,2774 MEDICAL PLZ,SYNTH CITY 24,MI,5557579944,True,,,2.72375832954025,False,True
HCP001775,6943949316,52733722533,FM3628901,ROBERT,S,MYERS,,MD,207RX0202X,Medical Oncology,MN322268,MN,91225,2775 MEDICAL PLZ,SYNTH CITY 25,MN,5556252038,True,,,1.7867716237623277,False,True
HCP001776,5614676562,37454572440,PM0098778,MELISSA,J,JONES,,NP,207R00000X,Internal Medicine,CA397942,CA,91232,2776 MEDICAL PLZ,SYNTH CITY 26,CA,5552548994,True,,,14.516130406477043,False,True
HCP001777,9651657162,01742245755,MM3251214,ANDREW,R,REESE,,PA,207RR0500X,Rheumatology,OR839125,OR,91239,2777 MEDICAL PLZ,SYNTH CITY 27,OR,5552363562,True,,,25.697444461090896,False,True
HCP001778,8357847770,83949901506,AP4646628,SARA,N,BARNES,III,DO,207RC0000X,Cardiovascular Disease,WA691655,WA,91246,2778 MEDICAL PLZ,SYNTH CITY 28,WA,5558003364,True,,,31.813496870081348,False,True
HCP001779,2612778201,11113832563,AF0161338,DONNA,J,HARRIS,,NP,208000000X,Pediatrics,AZ661381,AZ,91253,2779 MEDICAL PLZ,SYNTH CITY 29,AZ,5555518738,True,,,3.745246757578227,False,True
HCP001780,7223785677,71137311203,AP0102859,TAMARA,C,CARRILLO,,PA,207Q00000X,Family Medicine,CO268066,CO,91260,2780 MEDICAL PLZ,SYNTH CITY 30,CO,5552014915,True,,,1.4253097692600385,False,True
HCP001781,3620083436,76215027178,BM7529321,MITCHELL,M,FREEMAN,,MD,207RX0202X,Medical Oncology,TX134892,TX,91267,2781 MEDICAL PLZ,SYNTH CITY 31,TX,5553617788,True,,,7.595351260174621,False,True
HCP001782,8293034855,00588635171,AM5545415,MATTHEW,Z,KNOX,,MD,207R00000X,Internal Medicine,FL733490,FL,91274,2782 MEDICAL PLZ,SYNTH CITY 32,FL,5551729555,True,,,126.07166492094206,False,True
HCP001783,6135619909,58630826273,PA6944688,CHARLES,M,CAMPBELL,,MD,207RR0500X,Rheumatology,GA977086,GA,91281,2783 MEDICAL PLZ,SYNTH CITY 33,GA,5556877312,True,,,3.8274759080458387,False,True
HCP001784,7596580184,02855978874,BA2413703,HARRY,R,KING,,PA,207RC0000X,Cardiovascular Disease,NY648351,NY,91288,2784 MEDICAL PLZ,SYNTH CITY 34,NY,5558072365,True,,,37.43136011954315,False,True
HCP001785,2576957106,87305193380,MR0961889,JENNIFER,R,GOODMAN,III,NP,208000000X,Pediatrics,NJ779274,NJ,91295,2785 MEDICAL PLZ,SYNTH CITY 35,NJ,5557956651,True,,,4.74450997428264,False,True
HCP001786,0638907705,11979276820,FG5868738,JASON,M,GONZALEZ,,DO,207Q00000X,Family Medicine,MA299249,MA,91302,2786 MEDICAL PLZ,SYNTH CITY 36,MA,5551541518,True,,,1.7644608923615104,False,True
HCP001787,4531676938,54472380082,PM1198248,ASHLEY,C,BELL,,MD,207RX0202X,Medical Oncology,PA893894,PA,91309,2787 MEDICAL PLZ,SYNTH CITY 37,PA,5553553725,True,,,19.01464673665114,False,True
HCP001788,0871624660,38532055920,RM0398506,TAMMY,J,LEVINE,,MD,207R00000X,Internal Medicine,IL798974,IL,91316,2788 MEDICAL PLZ,SYNTH CITY 38,IL,5557063679,True,,,6.139463083912933,True,True
HCP001789,6379092755,79771284517,GG9643642,ALISHA,K,SMITH,,DO,207RR0500X,Rheumatology,OH552330,OH,91323,2789 MEDICAL PLZ,SYNTH CITY 39,OH,5552804940,True,,,1.3727988386637466,False,True
HCP001790,7869942889,48010013349,GB1928781,RICHARD,B,SCHMIDT,,PA,207RC0000X,Cardiovascular Disease,MI737484,MI,91330,2790 MEDICAL PLZ,SYNTH CITY 40,MI,5552078325,True,,,3.827011581506522,False,True
HCP001791,8244649942,28106330906,RA6942795,WILLIAM,T,OSBORNE,,MD,208000000X,Pediatrics,MN990118,MN,91337,2791 MEDICAL PLZ,SYNTH CITY 41,MN,5553505584,True,,,18.828708941432236,False,True
HCP001792,8670241404,34495169209,BP4778752,WALTER,D,LEE,,PA,207Q00000X,Family Medicine,CA353132,CA,91344,2792 MEDICAL PLZ,SYNTH CITY 42,CA,5554779844,True,,,4.969274726494655,False,True
HCP001793,0458768393,90848003801,GP1747790,EDWARD,D,HERNANDEZ,,NP,207RX0202X,Medical Oncology,OR766573,OR,91351,2793 MEDICAL PLZ,SYNTH CITY 43,OR,5556338731,True,,,7.082411867043129,False,True
HCP001794,3224185652,83957132459,AR8428199,RONALD,J,HOBBS,,DO,207R00000X,Internal Medicine,WA790029,WA,91358,2794 MEDICAL PLZ,SYNTH CITY 44,WA,5557813767,True,,,84.07266945127125,False,True
HCP001795,7274234724,29290583262,AA4502756,SARAH,L,BALL,III,DO,207RR0500X,Rheumatology,AZ280440,AZ,91365,2795 MEDICAL PLZ,SYNTH CITY 45,AZ,5557005454,True,,,46.33831571529579,False,True
HCP001796,3274900638,09926607949,MP5695515,CRYSTAL,R,BALDWIN,,NP,207RC0000X,Cardiovascular Disease,CO237067,CO,91372,2796 MEDICAL PLZ,SYNTH CITY 46,CO,5558622812,True,,,9.747604818733043,False,True
HCP001797,5359827040,03236071588,RG4919000,DARRELL,A,HENDERSON,,MD,208000000X,Pediatrics,TX497978,TX,91379,2797 MEDICAL PLZ,SYNTH CITY 47,TX,5558248672,True,,,21.8350528423627,False,True
HCP001798,8368086079,00452909114,PM7487059,SCOTT,J,ROSE,,NP,207Q00000X,Family Medicine,FL646917,FL,91386,2798 MEDICAL PLZ,SYNTH CITY 48,FL,5554013301,True,,,5.166266847157767,False,True
HCP001799,0381739941,68606257165,BP7030689,DEREK,S,WALLACE,,DO,207RX0202X,Medical Oncology,GA149830,GA,91393,2799 MEDICAL PLZ,SYNTH CITY 49,GA,5554148024,True,,,5.185346828448807,False,True
HCP001800,6749558261,82636181380,PF2888517,CATHERINE,M,SAUNDERS,,NP,207R00000X,Internal Medicine,CA377509,CA,90000,2800 MEDICAL PLZ,SYNTH CITY 0,CA,5555027809,True,,,6.4948330475578695,False,True
HCP001801,6920601534,67726360436,BF5648965,BETH,T,BLEVINS,SR,PA,207RR0500X,Rheumatology,OR723862,OR,90007,2801 MEDICAL PLZ,SYNTH CITY 1,OR,5551479383,True,,,70.99046968885057,False,True
HCP001802,9079442874,44383177064,MB1502039,PATRICK,E,KELLER,,NP,207RC0000X,Cardiovascular Disease,WA213826,WA,90014,2802 MEDICAL PLZ,SYNTH CITY 2,WA,5559513718,True,,,27.873915410598414,False,True
HCP001803,2346733092,69018385590,FF7387987,IVAN,R,COX,,DO,208000000X,Pediatrics,AZ408968,AZ,90021,2803 MEDICAL PLZ,SYNTH CITY 3,AZ,5553021937,True,,,11.385522833270532,False,True
HCP001804,5737210869,82071809422,MP4484398,MARK,E,SILVA,,NP,207Q00000X,Family Medicine,CO979775,CO,90028,2804 MEDICAL PLZ,SYNTH CITY 4,CO,5559851116,True,,,24.059720355116387,False,True
HCP001805,0336272634,27598908569,GM9177106,MARK,K,WILSON,,DO,207RX0202X,Medical Oncology,TX590154,TX,90035,2805 MEDICAL PLZ,SYNTH CITY 5,TX,5553266986,True,,,12.420894714698726,False,True
HCP001806,5752956446,90978367068,PP8262858,NICHOLAS,M,DAVIS,,DO,207R00000X,Internal Medicine,FL913796,FL,90042,2806 MEDICAL PLZ,SYNTH CITY 6,FL,5552742122,True,,,2.690630032642399,False,True
HCP001807,5876512695,11312475562,AA8837236,SARAH,J,BELL,,PA,207RR0500X,Rheumatology,GA993537,GA,90049,2807 MEDICAL PLZ,SYNTH CITY 7,GA,5551266190,True,,,7.208089237115422,False,True
HCP001808,4144650437,59992805852,AG7974773,SARAH,R,WILLIAMS,,NP,207RC0000X,Cardiovascular Disease,NY828925,NY,90056,2808 MEDICAL PLZ,SYNTH CITY 8,NY,5552749205,True,,,40.07672264180457,False,True
HCP001809,7926964942,63734527217,RB5934661,AUTUMN,N,SNYDER,,MD,208000000X,Pediatrics,NJ651701,NJ,90063,2809 MEDICAL PLZ,SYNTH CITY 9,NJ,5554596048,True,,,29.891964921739305,False,True
HCP001810,4581617378,23237061350,RM6931864,THERESA,J,FREY,,NP,207Q00000X,Family Medicine,MA172065,MA,90070,2810 MEDICAL PLZ,SYNTH CITY 10,MA,5555934683,True,,,12.407328124236976,False,True
HCP001811,8175633667,12355008508,FM4163128,KIRSTEN,G,FREEMAN,,PA,207RX0202X,Medical Oncology,PA326034,PA,90077,2811 MEDICAL PLZ,SYNTH CITY 11,PA,5552355324,True,,,5.484820220648897,False,True
HCP001812,0435165937,07880342230,RF5712694,ELIJAH,S,THOMAS,III,PA,207R00000X,Internal Medicine,IL771223,IL,90084,2812 MEDICAL PLZ,SYNTH CITY 12,IL,5552034064,True,,,5.366036538857029,False,True
HCP001813,9520966786,82019465417,PB3986986,ADAM,J,FORD,,NP,207RR0500X,Rheumatology,OH964430,OH,90091,2813 MEDICAL PLZ,SYNTH CITY 13,OH,5553949073,True,,,11.781755783042565,False,True
HCP001814,2846248237,56517821513,MB3378817,LISA,M,KNAPP,,DO,207RC0000X,Cardiovascular Disease,MI929492,MI,90098,2814 MEDICAL PLZ,SYNTH CITY 14,MI,5554608714,True,,,89.04495163339898,False,True
HCP001815,0692901339,67859074467,GB2943560,JOSEPH,J,HINES,,MD,208000000X,Pediatrics,MN542095,MN,90105,2815 MEDICAL PLZ,SYNTH CITY 15,MN,5553664255,True,,,27.449829034787662,False,True
HCP001816,3161587092,69789848996,RM4149186,CHRISTOPHER,J,LIN,JR,NP,207Q00000X,Family Medicine,CA423147,CA,90112,2816 MEDICAL PLZ,SYNTH CITY 16,CA,5552673290,True,,,12.381121310358685,False,True
HCP001817,1280452651,87383745818,PG6271762,ALEXANDER,A,ROACH,,NP,207RX0202X,Medical Oncology,OR870738,OR,90119,2817 MEDICAL PLZ,SYNTH CITY 17,OR,5551534260,True,,,2.000555920868245,False,True
HCP001818,4828655967,62696768089,AP5313650,JACOB,T,GEORGE,SR,PA,207R00000X,Internal Medicine,WA782127,WA,90126,2818 MEDICAL PLZ,SYNTH CITY 18,WA,5559253517,True,,,39.21420944533095,False,True
HCP001819,9869409125,98715251067,BM4954096,KATELYN,H,MARTIN,,MD,207RR0500X,Rheumatology,AZ553360,AZ,90133,2819 MEDICAL PLZ,SYNTH CITY 19,AZ,5559540805,True,,,18.355587295234493,False,True
HCP001820,0107671931,10369052362,GF3725767,MICHAEL,M,AYALA,SR,NP,207RC0000X,Cardiovascular Disease,CO718396,CO,90511,2820 MEDICAL PLZ,SYNTH CITY 23,NJ,5555594881,True,,2024-03-10,21.371221812867024,False,True
HCP001821,7083656372,01040246075,AA9495174,LEONARD,N,PUGH,,DO,208000000X,Pediatrics,TX967525,TX,90147,2821 MEDICAL PLZ,SYNTH CITY 21,TX,5552963969,True,,,19.05317014910708,False,True
HCP001822,5865802024,68500468311,MR0005388,MATTHEW,J,LOPEZ,SR,DO,207Q00000X,Family Medicine,FL852749,FL,90154,2822 MEDICAL PLZ,SYNTH CITY 22,FL,5557557674,True,,,2.8092393963634197,False,True
HCP001823,8539386044,60394384705,AB5614448,CHELSEA,A,CHAVEZ,,PA,207RX0202X,Medical Oncology,GA145879,GA,90161,2823 MEDICAL PLZ,SYNTH CITY 23,GA,5559562233,False,2024-03-01,,9.114768537750132,False,True
HCP001824,5359143240,13367862278,RP6141466,AMY,M,PETTY,,MD,207R00000X,Internal Medicine,NY726181,NY,90168,2824 MEDICAL PLZ,SYNTH CITY 24,NY,5559430444,True,,,12.585857554637402,False,True
HCP001825,2243934272,72578317508,GM3945596,ZACHARY,B,COLON,JR,NP,207RR0500X,Rheumatology,NJ420862,NJ,90175,2825 MEDICAL PLZ,SYNTH CITY 25,NJ,5555334530,True,,,4.501025174059092,False,True
HCP001826,8497603505,39973165741,RR7089450,HANNAH,D,LOPEZ,,MD,207RC0000X,Cardiovascular Disease,MA669987,MA,90182,2826 MEDICAL PLZ,SYNTH CITY 26,MA,5553347525,True,,,8.05597816419878,False,True
HCP001827,1972740272,95090903073,GB8430471,BARBARA,D,GIBSON,,PA,208000000X,Pediatrics,PA910646,PA,90189,2827 MEDICAL PLZ,SYNTH CITY 27,PA,5559070218,True,,,11.881857812730049,False,True
HCP001828,2215068828,79101519383,BA2776035,SHERI,R,PALMER,,MD,207Q00000X,Family Medicine,IL855330,IL,90196,2828 MEDICAL PLZ,SYNTH CITY 28,IL,5555212587,True,,,10.005025881907923,False,True
HCP001829,3601689862,79417361378,BP2747207,BRANDY,D,CUEVAS,,MD,207RX0202X,Medical Oncology,OH600328,OH,90203,2829 MEDICAL PLZ,SYNTH CITY 29,OH,5551980573,True,,,1.0134661905329951,False,True
HCP001830,1631269663,61447196331,FA7759183,CARLOS,D,WARREN,,MD,207R00000X,Internal Medicine,MI861542,MI,90210,2830 MEDICAL PLZ,SYNTH CITY 30,MI,5559928744,True,,,2.7051372351876637,False,True
HCP001831,7615071686,84524888274,FF9189606,JACOB,F,MITCHELL,,MD,207RR0500X,Rheumatology,MN762299,MN,90217,2831 MEDICAL PLZ,SYNTH CITY 31,MN,5555354427,True,,,15.050345621224198,False,True
HCP001832,9227985097,42354134641,MP3642891,ABIGAIL,J,WHEELER,,NP,207RC0000X,Cardiovascular Disease,CA584686,CA,90224,2832 MEDICAL PLZ,SYNTH CITY 32,CA,5559636584,True,,,0.5051939450718559,False,True
HCP001833,6278975415,19361164098,BM1777502,JOSEPH,L,JOHNSON,,DO,208000000X,Pediatrics,OR943006,OR,90231,2833 MEDICAL PLZ,SYNTH CITY 33,OR,5554872003,True,,,4.229214411974366,True,True
HCP001834,8966210196,61565702475,PP8676028,APRIL,R,HORTON,,PA,207Q00000X,Family Medicine,WA487942,WA,90238,2834 MEDICAL PLZ,SYNTH CITY 34,WA,5552615783,True,,,13.43639614221963,False,True
HCP001835,0458166507,66732965573,GA7582409,JANE,J,PERRY,,NP,207RX0202X,Medical Oncology,AZ861551,AZ,90245,2835 MEDICAL PLZ,SYNTH CITY 35,AZ,5552000883,True,,,79.03231775451603,False,True
HCP001836,5916878965,49286713448,FR8630262,REBECCA,S,RANGEL,,DO,207R00000X,Internal Medicine,CO660670,CO,90252,2836 MEDICAL PLZ,SYNTH CITY 36,CO,5552403001,True,,,170.51732723775788,False,True
HCP001837,8807338297,32894534326,AF1465753,AMBER,B,DIAZ,,MD,207RR0500X,Rheumatology,TX240430,TX,90259,2837 MEDICAL PLZ,SYNTH CITY 37,TX,5557044104,True,,,12.531356673089077,False,True
HCP001838,0291281273,22327130164,GB1874084,MICHELLE,C,CAMPBELL,,PA,207RC0000X,Cardiovascular Disease,FL124994,FL,90266,2838 MEDICAL PLZ,SYNTH CITY 38,FL,5554340420,True,,,1.2452327439553548,False,True
HCP001839,9478740035,39293950928,PB5793484,TRACY,D,CASTRO,,NP,208000000X,Pediatrics,GA400192,GA,90273,2839 MEDICAL PLZ,SYNTH CITY 39,GA,5554258919,True,,,1.5939152424042256,False,True
HCP001840,8625601454,06404904194,MR0407542,WENDY,K,MARTINEZ,JR,MD,207Q00000X,Family Medicine,NY437943,NY,90280,2840 MEDICAL PLZ,SYNTH CITY 40,NY,5554525669,True,,,17.285652110916203,False,True
HCP001841,9267786637,03625889696,GB8217897,RAYMOND,D,MILLER,,MD,207RX0202X,Medical Oncology,NJ320665,NJ,91127,2841 MEDICAL PLZ,SYNTH CITY 11,OR,5552436759,True,,2024-02-12,1.7513402322624125,False,True
HCP001842,7186793874,74901742510,AR3953015,CINDY,L,ZIMMERMAN,,MD,207R00000X,Internal Medicine,MA638130,MA,90294,2842 MEDICAL PLZ,SYNTH CITY 42,MA,5551767923,True,,,7.830093756313859,False,True
HCP001843,5164868049,27099979921,PG0405601,PAUL,A,BUTLER,,MD,207RR0500X,Rheumatology,PA111207,PA,90301,2843 MEDICAL PLZ,SYNTH CITY 43,PA,5554594439,True,,,2.5303788284402753,False,True
HCP001844,0730596208,20384959254,PA1298045,ANDREA,M,LEWIS,,PA,207RC0000X,Cardiovascular Disease,IL817205,IL,90308,2844 MEDICAL PLZ,SYNTH CITY 44,IL,5555608053,True,,,16.011690095507287,False,True
HCP001845,7575980579,43308721589,BG5528781,STACEY,P,KELLY,,PA,208000000X,Pediatrics,OH558062,OH,90315,2845 MEDICAL PLZ,SYNTH CITY 45,OH,5555667734,True,,,10.274234812483074,False,True
HCP001846,1042501266,03174570705,AA4532154,TAMMY,J,BAKER,,PA,207Q00000X,Family Medicine,MI961520,MI,90322,2846 MEDICAL PLZ,SYNTH CITY 46,MI,5559465261,True,,,12.04703519349559,False,True
HCP001847,4140908995,48847294228,BM2556298,MARK,T,WIGGINS,,PA,207RX0202X,Medical Oncology,MN599043,MN,90329,2847 MEDICAL PLZ,SYNTH CITY 47,MN,5551726886,True,,,3.9751043980118097,False,True
HCP001848,6086234955,80358228579,AM0944165,ANDREW,M,HARRISON,,PA,207R00000X,Internal Medicine,CA960874,CA,90336,2848 MEDICAL PLZ,SYNTH CITY 48,CA,5559150371,True,,,6.936610924539188,False,True
HCP001849,2776828834,86143559851,BB5111629,STEPHEN,L,TYLER,,NP,207RR0500X,Rheumatology,OR889867,OR,90343,2849 MEDICAL PLZ,SYNTH CITY 49,OR,5552154703,True,,,3.136587067151989,False,True
HCP001850,7651390271,72248923570,FA2608084,KAREN,M,SANCHEZ,,DO,207RC0000X,Cardiovascular Disease,WA663720,WA,90350,2850 MEDICAL PLZ,SYNTH CITY 0,WA,5553851044,True,,,11.11080812176219,False,True
HCP001851,0843951779,29529580342,GF8219708,EDWARD,K,WHITE,JR,DO,208000000X,Pediatrics,AZ868581,AZ,90357,2851 MEDICAL PLZ,SYNTH CITY 1,AZ,5551233166,True,,,6.751315560787691,False,True
HCP001852,4317139366,74643730266,GG3029809,DIANE,B,ROSALES,,DO,207Q00000X,Family Medicine,CO252846,CO,90364,2852 MEDICAL PLZ,SYNTH CITY 2,CO,5557464095,False,2024-02-17,,9.173421996859663,False,True
HCP001853,6191881112,68250967276,AG1698489,CYNTHIA,K,KENNEDY,,MD,207RX0202X,Medical Oncology,TX659274,TX,90371,2853 MEDICAL PLZ,SYNTH CITY 3,TX,5554448412,True,,,1.347449429237195,False,True
HCP001854,5798454174,38242494791,RA6426901,LOGAN,L,TUCKER,,DO,207R00000X,Internal Medicine,FL473108,FL,90378,2854 MEDICAL PLZ,SYNTH CITY 4,FL,5554890214,True,,,11.39035971082998,False,True
HCP001855,6074660823,11802916341,MF6740647,ASHLEY,T,GIBSON,,MD,207RR0500X,Rheumatology,GA481337,GA,90385,2855 MEDICAL PLZ,SYNTH CITY 5,GA,5559119148,True,,,2.336770713652788,False,True
HCP001856,3981475171,99033588170,GG4869445,TIMOTHY,E,NGUYEN,,DO,207RC0000X,Cardiovascular Disease,NY209603,NY,90553,2856 MEDICAL PLZ,SYNTH CITY 29,MN,5555239422,True,,2024-03-04,44.376067939223745,False,True
HCP001857,6929412933,84149941239,GG8127358,RICHARD,M,SCOTT,,MD,208000000X,Pediatrics,NJ870458,NJ,90399,2857 MEDICAL PLZ,SYNTH CITY 7,NJ,5551777338,True,,,6.977296821626777,False,True
HCP001858,0919450755,29437069257,MR8236438,RICARDO,B,GARCIA,,DO,207Q00000X,Family Medicine,MA762226,MA,90406,2858 MEDICAL PLZ,SYNTH CITY 8,MA,5559853046,True,,,9.222206993267982,False,True
HCP001859,9333993621,59574789357,RA0012219,BRANDON,E,CLAYTON,,DO,207RX0202X,Medical Oncology,PA444774,PA,90413,2859 MEDICAL PLZ,SYNTH CITY 9,PA,5558624376,True,,,77.09142817114451,False,True
HCP001860,0204858365,98541183932,MF4488692,RONALD,M,KRUEGER,,DO,207R00000X,Internal Medicine,IL750921,IL,90420,2860 MEDICAL PLZ,SYNTH CITY 10,IL,5554002889,True,,,5.5797568312728485,False,True
HCP001861,2142114554,17640038155,RF2641699,WILLIAM,D,VANCE,,NP,207RR0500X,Rheumatology,OH678716,OH,90427,2861 MEDICAL PLZ,SYNTH CITY 11,OH,5555182351,True,,,12.731201318753573,False,True
HCP001862,7458282424,32706675615,MB1240967,MISTY,A,CLARKE,,PA,207RC0000X,Cardiovascular Disease,MI626426,MI,90434,2862 MEDICAL PLZ,SYNTH CITY 12,MI,5557940186,True,,,21.843695226400516,False,True
HCP001863,0443957960,07042866671,AR5638046,CHARLES,T,SALAS,,MD,208000000X,Pediatrics,MN759479,MN,90441,2863 MEDICAL PLZ,SYNTH CITY 13,MN,5558930668,True,,,2.6355893399843637,False,True
HCP001864,0823070632,61088918423,BM5175618,DONALD,B,RHODES,,MD,207Q00000X,Family Medicine,CA988990,CA,90448,2864 MEDICAL PLZ,SYNTH CITY 14,CA,5555657200,True,,,8.394085662281913,False,True
HCP001865,7557294767,68229933799,BB5193298,JUSTIN,B,WATSON,,PA,207RX0202X,Medical Oncology,OR477815,OR,90455,2865 MEDICAL PLZ,SYNTH CITY 15,OR,5551631163,True,,,3.0008463195286814,False,True
HCP001866,6717756418,46116699913,GP9890048,KYLE,B,GUTIERREZ,,MD,207R00000X,Internal Medicine,WA771910,WA,90462,2866 MEDICAL PLZ,SYNTH CITY 16,WA,5558083049,True,,,10.221699078948138,False,True
HCP001867,3319423794,36615924605,MG3825384,NATHAN,K,COLEMAN,,NP,207RR0500X,Rheumatology,AZ800809,AZ,90469,2867 MEDICAL PLZ,SYNTH CITY 17,AZ,5556611318,True,,,5.483871970424058,False,True
HCP001868,1141110522,90905564614,RG6040537,DEBRA,K,PRICE,,DO,207RC0000X,Cardiovascular Disease,CO939849,CO,90476,2868 MEDICAL PLZ,SYNTH CITY 18,CO,5551133874,True,,,0.7851606046033124,False,True
HCP001869,1463896229,89916215674,AA0753732,ANGELA,G,MORGAN,,NP,208000000X,Pediatrics,TX823105,TX,90483,2869 MEDICAL PLZ,SYNTH CITY 19,TX,5553816763,True,,,4.227121911377692,False,True
HCP001870,0777608254,34939669943,MB1359737,HEATHER,A,GUTIERREZ,,NP,207Q00000X,Family Medicine,FL988806,FL,90490,2870 MEDICAL PLZ,SYNTH CITY 20,FL,5557999271,True,,,19.587552201356562,False,True
HCP001871,5954079690,73818008942,GB3061728,JAMES,M,SIMPSON,,DO,207RX0202X,Medical Oncology,GA370166,GA,90497,2871 MEDICAL PLZ,SYNTH CITY 21,GA,5551628125,True,,,5.422710630128074,False,True
HCP001872,0739226070,70399546703,AG1838927,ELLEN,J,COX,,PA,207R00000X,Internal Medicine,NY711886,NY,90504,2872 MEDICAL PLZ,SYNTH CITY 22,NY,5556223845,True,,,79.00241045502989,False,True
HCP001873,0880512872,15209428738,PB2132321,CHRISTINA,B,ORTIZ,,MD,207RR0500X,Rheumatology,NJ751253,NJ,90511,2873 MEDICAL PLZ,SYNTH CITY 23,NJ,5553065027,True,,,7.600591490943607,False,True
HCP001874,4058417732,70433268003,MA7733271,MARGARET,S,TORRES,,DO,207RC0000X,Cardiovascular Disease,MA922545,MA,90518,2874 MEDICAL PLZ,SYNTH CITY 24,MA,5551223301,True,,,4.5197184172535385,False,True
HCP001875,0566383408,25806767246,RA2387865,MICHAEL,T,GRAHAM,,MD,208000000X,Pediatrics,PA201050,PA,90525,2875 MEDICAL PLZ,SYNTH CITY 25,PA,5551634886,True,,,4.867297239236698,False,True
HCP001876,1725460020,39615190256,GR1927360,CHRISTOPHER,C,GAMBLE,,DO,207Q00000X,Family Medicine,IL795494,IL,90532,2876 MEDICAL PLZ,SYNTH CITY 26,IL,5555794601,True,,,0.5314009883124053,False,True
HCP001877,3405557430,02731417117,MB9012553,RENEE,R,ARELLANO,,DO,207RX0202X,Medical Oncology,OH892760,OH,90539,2877 MEDICAL PLZ,SYNTH CITY 27,OH,5551680140,True,,,2.034268519329183,False,True
HCP001878,8850718874,42971095763,PB8907677,LINDA,B,WONG,,DO,207R00000X,Internal Medicine,MI536871,MI,90546,2878 MEDICAL PLZ,SYNTH CITY 28,MI,5558985205,True,,,3.7368168886103437,False,True
HCP001879,6411722146,00942142231,GF4702330,DEBRA,B,DAVIDSON,,PA,207RR0500X,Rheumatology,MN176598,MN,90553,2879 MEDICAL PLZ,SYNTH CITY 29,MN,5555482811,True,,,6.689895647644502,False,True
HCP001880,1617750736,41266128054,PA1833744,GINA,K,WILLIAMS,,MD,207RC0000X,Cardiovascular Disease,CA472112,CA,90560,2880 MEDICAL PLZ,SYNTH CITY 30,CA,5554150980,True,,,10.183443229241794,False,True
HCP001881,6387780003,96791662404,GF4693749,ROBIN,A,COLE,,DO,208000000X,Pediatrics,OR694558,OR,90567,2881 MEDICAL PLZ,SYNTH CITY 31,OR,5553281079,True,,,1.2148947921061732,False,True
HCP001882,5481279854,82924521306,BG3293534,ROBERT,K,DALTON,,NP,207Q00000X,Family Medicine,WA430663,WA,90574,2882 MEDICAL PLZ,SYNTH CITY 32,WA,5555990279,True,,,16.839243441338887,False,True
HCP001883,9356873437,52110880241,FR3580846,NANCY,Z,HALL,,DO,207RX0202X,Medical Oncology,AZ823178,AZ,90581,2883 MEDICAL PLZ,SYNTH CITY 33,AZ,5553149238,True,,,4.177583729661751,False,True
HCP001884,3625997648,57891927764,AG0621529,JOHN,P,HOLLOWAY,,PA,207R00000X,Internal Medicine,CO375456,CO,90588,2884 MEDICAL PLZ,SYNTH CITY 34,CO,5556118635,True,,,13.71738049206387,False,True
HCP001885,3585798457,19769183805,AR4874143,JOHN,J,JENSEN,,MD,207RR0500X,Rheumatology,TX856109,TX,90595,2885 MEDICAL PLZ,SYNTH CITY 35,TX,5559182281,True,,,3.8191124870448423,False,True
HCP001886,1253027845,36403144419,AF3449805,CHARLES,A,WEST,,DO,207RC0000X,Cardiovascular Disease,FL511476,FL,90602,2886 MEDICAL PLZ,SYNTH CITY 36,FL,5559357653,True,,,2.8131917170211884,False,True
HCP001887,4915007734,97327868837,BB9383920,MELISSA,M,LOWE,,DO,208000000X,Pediatrics,GA339977,GA,90609,2887 MEDICAL PLZ,SYNTH CITY 37,GA,5558451135,True,,,4.326605948327702,False,True
HCP001888,3157741091,89465147658,BG1097945,KELSEY,M,MENDOZA,,MD,207Q00000X,Family Medicine,NY406232,NY,90616,2888 MEDICAL PLZ,SYNTH CITY 38,NY,5554665442,True,,,0.709792183339236,False,True
HCP001889,2537819411,15427450302,PR3677026,ERIK,C,TORRES,,PA,207RX0202X,Medical Oncology,NJ839308,NJ,90623,2889 MEDICAL PLZ,SYNTH CITY 39,NJ,5555408698,True,,,13.811268873376186,False,True
HCP001890,2821123090,51899361057,AR4608546,GREGORY,J,SMITH,JR,NP,207R00000X,Internal Medicine,MA802026,MA,90630,2890 MEDICAL PLZ,SYNTH CITY 40,MA,5559504584,True,,,5.648569300234315,False,True
HCP001891,2982858823,71229327668,RF9586095,LAUREN,J,BRYANT,,DO,207RR0500X,Rheumatology,PA929334,PA,90637,2891 MEDICAL PLZ,SYNTH CITY 41,PA,5552276146,True,,,7.794351408171537,False,True
HCP001892,4852081726,90548718361,BA1916702,PATRICK,K,MARTIN,,PA,207RC0000X,Cardiovascular Disease,IL257971,IL,90644,2892 MEDICAL PLZ,SYNTH CITY 42,IL,5557523372,True,,,10.694122283622312,False,True
HCP001893,4602421255,95017684938,BG9738490,HEATHER,L,DANIELS,,MD,208000000X,Pediatrics,OH354392,OH,90651,2893 MEDICAL PLZ,SYNTH CITY 43,OH,5558357268,True,,,3.830529242572087,False,True
HCP001894,7672310977,03767305771,MM3211536,JAMES,E,PENNINGTON,,PA,207Q00000X,Family Medicine,MI215326,MI,90658,2894 MEDICAL PLZ,SYNTH CITY 44,MI,5551334845,True,,,14.456375736305043,False,True
HCP001895,3083417733,99458149238,MG1185913,JAMES,B,MILLER,,MD,207RX0202X,Medical Oncology,MN601881,MN,90665,2895 MEDICAL PLZ,SYNTH CITY 45,MN,5553128979,True,,,30.35164203670628,False,True
HCP001896,1414967533,58042910722,GR1531592,BRETT,C,LEWIS,,NP,207R00000X,Internal Medicine,CA341510,CA,90672,2896 MEDICAL PLZ,SYNTH CITY 46,CA,5556330533,True,,,9.284559579213871,False,True
HCP001897,7941803935,73848972535,MR7488214,SCOTT,R,RIVERA,,NP,207RR0500X,Rheumatology,OR973509,OR,90679,2897 MEDICAL PLZ,SYNTH CITY 47,OR,5551089802,True,,,5.4999376164161,False,True
HCP001898,6777695043,62282065646,FG1653527,MICHAEL,E,HUBER,,NP,207RC0000X,Cardiovascular Disease,WA856721,WA,90686,2898 MEDICAL PLZ,SYNTH CITY 48,WA,5558310331,True,,,5.393627978278918,False,True
HCP001899,0934252939,39594687190,AB7853462,RALPH,C,SMALL,,MD,208000000X,Pediatrics,AZ761967,AZ,90693,2899 MEDICAL PLZ,SYNTH CITY 49,AZ,5555705708,True,,,14.420341823929629,False,True
HCP001900,5201649535,05409161925,AP2025330,CHRISTOPHER,M,LANE,,NP,207Q00000X,Family Medicine,CO461298,CO,90700,2900 MEDICAL PLZ,SYNTH CITY 0,CO,5557410331,True,,,2.07738484974491,False,True
HCP001901,9760817681,33829033958,PG7759473,MICHELLE,R,DORSEY,,DO,207RX0202X,Medical Oncology,TX828275,TX,90707,2901 MEDICAL PLZ,SYNTH CITY 1,TX,5554885770,True,,,1.5343739563659855,False,True
HCP001902,4130088816,35292272969,GR8818380,AMY,C,RICHARDSON,,MD,207R00000X,Internal Medicine,FL392919,FL,90714,2902 MEDICAL PLZ,SYNTH CITY 2,FL,5555173622,True,,,7.805621699237662,False,True
HCP001903,2002268250,24099021883,GM9864765,FRANKLIN,K,FLYNN,SR,PA,207RR0500X,Rheumatology,GA994794,GA,90721,2903 MEDICAL PLZ,SYNTH CITY 3,GA,5555707029,True,,,1.1289337257089047,True,True
HCP001904,3322502204,85320876780,MR8252133,GREGG,S,BEST,,PA,207RC0000X,Cardiovascular Disease,NY958980,NY,90728,2904 MEDICAL PLZ,SYNTH CITY 4,NY,5556735597,True,,,3.566250451913551,False,True
HCP001905,4323088672,40180737950,GA9399338,KATIE,V,WALKER,,NP,208000000X,Pediatrics,NJ331409,NJ,90735,2905 MEDICAL PLZ,SYNTH CITY 5,NJ,5557035022,True,,,1.6438103719324404,False,True
HCP001906,9297380187,38443092380,MG7903384,AMY,R,POWELL,,DO,207Q00000X,Family Medicine,MA659031,MA,90742,2906 MEDICAL PLZ,SYNTH CITY 6,MA,5555521084,True,,,8.100484926405883,False,True
HCP001907,9307703253,28825649099,FF0128783,SARAH,J,MCNEIL,,DO,207RX0202X,Medical Oncology,PA152477,PA,90749,2907 MEDICAL PLZ,SYNTH CITY 7,PA,5558051085,True,,,10.2018000343224,False,True
HCP001908,7314506040,15905738402,FM1573166,DONNA,G,BRYAN,,DO,207R00000X,Internal Medicine,IL192411,IL,90756,2908 MEDICAL PLZ,SYNTH CITY 8,IL,5556385740,True,,,4.151404426817863,False,True
HCP001909,3279485932,73306532899,GP8738601,DANIEL,E,GRAHAM,,DO,207RR0500X,Rheumatology,OH681106,OH,90763,2909 MEDICAL PLZ,SYNTH CITY 9,OH,5556445348,True,,,3.6840398844447404,False,True
HCP001910,5299377619,08481314022,GA3745858,SARA,E,WHITE,,PA,207RC0000X,Cardiovascular Disease,MI384948,MI,90770,2910 MEDICAL PLZ,SYNTH CITY 10,MI,5558826895,True,,,32.24506106961675,False,True
HCP001911,9309698444,85581459265,RG1581757,MANUEL,T,PITTMAN,,DO,208000000X,Pediatrics,MN576413,MN,90777,2911 MEDICAL PLZ,SYNTH CITY 11,MN,5555503546,True,,,37.989232114056094,False,True
HCP001912,9365442166,29810907783,FB1229456,TYRONE,A,HARRIS,,MD,207Q00000X,Family Medicine,CA557163,CA,90784,2912 MEDICAL PLZ,SYNTH CITY 12,CA,5553345809,True,,,18.53398319913394,False,True
HCP001913,0436782243,13713648040,AF2197490,RICKY,A,CASE,,PA,207RX0202X,Medical Oncology,OR740944,OR,90791,2913 MEDICAL PLZ,SYNTH CITY 13,OR,5553581700,True,,,6.360742809636472,False,True
HCP001914,6966723762,28488799385,FB6824894,STEVEN,A,CURTIS,,PA,207R00000X,Internal Medicine,WA509298,WA,90798,2914 MEDICAL PLZ,SYNTH CITY 14,WA,5552075489,True,,,7.300366423709537,False,True
HCP001915,1225757560,25167849479,GR5047622,VERONICA,R,WRIGHT,,NP,207RR0500X,Rheumatology,AZ509203,AZ,90805,2915 MEDICAL PLZ,SYNTH CITY 15,AZ,5552308348,True,,,16.389960068447692,False,True
HCP001916,4388022053,39664452533,RA8137987,CHRISTY,R,DAVIS,,DO,207RC0000X,Cardiovascular Disease,CO850201,CO,90812,2916 MEDICAL PLZ,SYNTH CITY 16,CO,5556469186,True,,,2.886098561775991,False,True
HCP001917,9424706999,14367679555,BG5032631,RACHEL,J,DIAZ,,NP,208000000X,Pediatrics,TX768327,TX,90819,2917 MEDICAL PLZ,SYNTH CITY 17,TX,5559888733,True,,,62.69984530171519,False,True
HCP001918,4962946768,51569517882,BA4175324,BRANDON,R,SUMMERS,,MD,207Q00000X,Family Medicine,FL515142,FL,90826,2918 MEDICAL PLZ,SYNTH CITY 18,FL,5555391619,True,,,5.953105260401901,False,True
HCP001919,1817448818,88141565970,BG4155483,DANIEL,A,WEISS,,PA,207RX0202X,Medical Oncology,GA672634,GA,90833,2919 MEDICAL PLZ,SYNTH CITY 19,GA,5555360765,True,,,7.625071507553109,False,True
HCP001920,5699227182,11078747637,BF8146596,DAWN,J,DIXON,,MD,207R00000X,Internal Medicine,NY635024,NY,90840,2920 MEDICAL PLZ,SYNTH CITY 20,NY,5558869658,True,,,1.4959544705601169,False,True
HCP001921,8270259673,94384635144,BR6814812,RANDY,L,SMITH,,DO,207RR0500X,Rheumatology,NJ164826,NJ,90847,2921 MEDICAL PLZ,SYNTH CITY 21,NJ,5554057945,True,,,0.9360868063720653,False,True
HCP001922,8657588934,78240571989,RA4409063,CHRISTOPHER,B,LEWIS,,MD,207RC0000X,Cardiovascular Disease,MA489527,MA,90854,2922 MEDICAL PLZ,SYNTH CITY 22,MA,5557370176,True,,,1.906802475482609,False,True
HCP001923,5595269650,05494863806,GP0225996,DANNY,M,RIDDLE,,PA,208000000X,Pediatrics,PA586525,PA,90861,2923 MEDICAL PLZ,SYNTH CITY 23,PA,5551596255,True,,,27.78579489807429,False,True
HCP001924,1146481530,62883758982,MA3348048,JESSICA,A,RANDOLPH,,MD,207Q00000X,Family Medicine,IL557497,IL,90868,2924 MEDICAL PLZ,SYNTH CITY 24,IL,5559877894,True,,,6.648523853838402,False,True
HCP001925,1399006950,57100252504,BF6072879,DONNA,C,VASQUEZ,,NP,207RX0202X,Medical Oncology,OH165264,OH,90875,2925 MEDICAL PLZ,SYNTH CITY 25,OH,5558140943,True,,,12.759723958314494,False,True
HCP001926,0537001774,72117441680,RB9781504,VICTOR,V,WEBB,,MD,207R00000X,Internal Medicine,MI780382,MI,90882,2926 MEDICAL PLZ,SYNTH CITY 26,MI,5554118775,True,,,11.461654484101546,False,True
HCP001927,3390422103,99818808794,PP6913060,SCOTT,R,GARCIA,,DO,207RR0500X,Rheumatology,MN300022,MN,90889,2927 MEDICAL PLZ,SYNTH CITY 27,MN,5553286206,True,,,2.651239876370835,False,True
HCP001928,4134658549,13484493705,PB7901192,DALTON,M,FIELDS,,PA,207RC0000X,Cardiovascular Disease,CA605893,CA,90896,2928 MEDICAL PLZ,SYNTH CITY 28,CA,5553547168,True,,,8.2358100194907,False,True
HCP001929,7483353695,35640967708,AP9578548,DOUGLAS,D,SNOW,III,NP,208000000X,Pediatrics,OR738132,OR,90903,2929 MEDICAL PLZ,SYNTH CITY 29,OR,5558313173,True,,,0.5643098307496689,False,True
HCP001930,0315327359,57344912902,FP7802475,BRETT,K,THOMPSON,,MD,207Q00000X,Family Medicine,WA861303,WA,90910,2930 MEDICAL PLZ,SYNTH CITY 30,WA,5556928545,True,,,0.12632875856883916,False,True
HCP001931,2380197428,83973744772,FR2786089,COURTNEY,E,FREEMAN,,MD,207RX0202X,Medical Oncology,AZ751221,AZ,90917,2931 MEDICAL PLZ,SYNTH CITY 31,AZ,5558240215,True,,,11.093921994686,False,True
HCP001932,1562163661,23589665459,MP5784645,ERICA,D,NELSON,,DO,207R00000X,Internal Medicine,CO929128,CO,90924,2932 MEDICAL PLZ,SYNTH CITY 32,CO,5553561978,True,,,12.706497235236236,False,True
HCP001933,5571404693,20325159146,GF0498701,JEREMY,D,CHAMBERS,,NP,207RR0500X,Rheumatology,TX266451,TX,90931,2933 MEDICAL PLZ,SYNTH CITY 33,TX,5552644957,True,,,3.9334699521848204,False,True
HCP001934,2619176102,66694598447,GG8743607,SUSAN,D,CUNNINGHAM,,DO,207RC0000X,Cardiovascular Disease,FL448776,FL,90938,2934 MEDICAL PLZ,SYNTH CITY 34,FL,5552040523,True,,,113.70768720686992,False,True
HCP001935,4843148840,90000747760,AM9160156,LISA,A,PALMER,,NP,208000000X,Pediatrics,GA819426,GA,90945,2935 MEDICAL PLZ,SYNTH CITY 35,GA,5553900129,True,,,17.985269263548187,False,True
HCP001936,3805592557,14806098539,BP4879638,MARIAH,M,ROY,,NP,207Q00000X,Family Medicine,NY577647,NY,90952,2936 MEDICAL PLZ,SYNTH CITY 36,NY,5558685079,True,,,21.19725587730177,False,True
HCP001937,7421143042,95971531956,PA3821628,GABRIEL,B,CROSBY,,NP,207RX0202X,Medical Oncology,NJ234247,NJ,90959,2937 MEDICAL PLZ,SYNTH CITY 37,NJ,5556945351,True,,,2.5154468547757167,True,True
HCP001938,6374404674,86712554940,GB0206490,MARY,R,ERICKSON,,DO,207R00000X,Internal Medicine,MA424337,MA,90966,2938 MEDICAL PLZ,SYNTH CITY 38,MA,5556758756,True,,,70.15773212321773,False,True
HCP001939,0689698385,15910302146,BF7237328,JOSHUA,S,KELLY,,PA,207RR0500X,Rheumatology,PA120390,PA,90973,2939 MEDICAL PLZ,SYNTH CITY 39,PA,5554803345,True,,,3.397498008997289,False,True
HCP001940,2114259551,99091257942,FF2279516,TROY,B,FOWLER,SR,PA,207RC0000X,Cardiovascular Disease,IL641504,IL,90980,2940 MEDICAL PLZ,SYNTH CITY 40,IL,5553111819,True,,,44.51437827544997,False,True
HCP001941,3501068977,03346018538,MP6599760,LUIS,M,HERNANDEZ,,MD,208000000X,Pediatrics,OH500392,OH,90987,2941 MEDICAL PLZ,SYNTH CITY 41,OH,5551694639,True,,,7.538204147337395,False,True
HCP001942,0228732901,01526906914,AA9218228,MICHAEL,L,DAVIS,,PA,207Q00000X,Family Medicine,MI304005,MI,90994,2942 MEDICAL PLZ,SYNTH CITY 42,MI,5558171133,True,,,1.0226028493344266,False,True
HCP001943,6801885404,03896113777,BF3770733,JASON,D,MCCARTHY,,PA,207RX0202X,Medical Oncology,MN597115,MN,91001,2943 MEDICAL PLZ,SYNTH CITY 43,MN,5558428606,True,,,4.072157067763122,False,True
HCP001944,8388394263,54110696580,AR8501725,GEORGE,M,ELLISON,,DO,207R00000X,Internal Medicine,CA931128,CA,91008,2944 MEDICAL PLZ,SYNTH CITY 44,CA,5559823573,True,,,4.571832279059258,False,True
HCP001945,4959703503,86555832252,RM3248951,KIMBERLY,S,PENNINGTON,,NP,207RR0500X,Rheumatology,OR433313,OR,91015,2945 MEDICAL PLZ,SYNTH CITY 45,OR,5559003851,True,,,71.76584666346368,False,True
HCP001946,0781491127,43823215920,RA0719462,DAVID,S,OWEN,,NP,207RC0000X,Cardiovascular Disease,WA924887,WA,91022,2946 MEDICAL PLZ,SYNTH CITY 46,WA,5559292173,True,,,32.71319940544117,False,True
HCP001947,6014046398,76619726495,MB1966464,STEPHANIE,T,MARTINEZ,,MD,208000000X,Pediatrics,AZ909701,AZ,91029,2947 MEDICAL PLZ,SYNTH CITY 47,AZ,5559506807,True,,,15.952386957315568,False,True
HCP001948,7931666755,67404578720,BA6215479,ERIN,K,ROSE,III,PA,207Q00000X,Family Medicine,CO401866,CO,91036,2948 MEDICAL PLZ,SYNTH CITY 48,CO,5552713274,True,,,14.600753344293873,False,True
HCP001949,0749433914,70686898718,MB6186621,JENNIFER,C,RICHARD,,DO,207RX0202X,Medical Oncology,TX986003,TX,91043,2949 MEDICAL PLZ,SYNTH CITY 49,TX,5556679720,True,,,1.147898753915869,False,True
HCP001950,2232692493,93297065574,MG9801300,MICHELLE,M,DRAKE,,MD,207R00000X,Internal Medicine,FL803155,FL,91050,2950 MEDICAL PLZ,SYNTH CITY 0,FL,5558362034,True,,,25.690229662627008,False,True
HCP001951,8665558820,02449414006,BM0355553,SAMANTHA,P,BOONE,,DO,207RR0500X,Rheumatology,GA807794,GA,91057,2951 MEDICAL PLZ,SYNTH CITY 1,GA,5552276177,True,,,125.52044788023183,False,True
HCP001952,6654014722,48998472526,FF0245875,RICHARD,J,MARTIN,,DO,207RC0000X,Cardiovascular Disease,NY853755,NY,91064,2952 MEDICAL PLZ,SYNTH CITY 2,NY,5554495656,True,,,2.272443088464134,False,True
HCP001953,8710931741,55669357791,RG2239127,LYDIA,W,PHILLIPS,,PA,208000000X,Pediatrics,NJ468097,NJ,91071,2953 MEDICAL PLZ,SYNTH CITY 3,NJ,5555485137,True,,,1.7067926431875746,False,True
HCP001954,7243472777,96701355119,PG3493341,JEFF,I,MARTIN,,MD,207Q00000X,Family Medicine,MA402733,MA,91078,2954 MEDICAL PLZ,SYNTH CITY 4,MA,5556136005,True,,,26.415750008207112,False,True
HCP001955,5244420175,06616628406,GF4936858,ALICE,L,JACOBS,,DO,207RX0202X,Medical Oncology,PA210924,PA,91085,2955 MEDICAL PLZ,SYNTH CITY 5,PA,5553625553,True,,,5.526097233339798,False,True
HCP001956,8909341991,72969852767,RM6441191,HAROLD,J,HALL,,MD,207R00000X,Internal Medicine,IL515422,IL,90518,2956 MEDICAL PLZ,SYNTH CITY 24,MA,5554373088,True,,2024-02-26,15.216499501736475,False,True
HCP001957,6028655903,82352398628,RR6239175,KRISTEN,C,MARTIN,,DO,207RR0500X,Rheumatology,OH288195,OH,91099,2957 MEDICAL PLZ,SYNTH CITY 7,OH,5556309056,True,,,0.8085279648654805,False,True
HCP001958,6727623350,06638305180,BR2582308,CANDICE,K,YOUNG,,MD,207RC0000X,Cardiovascular Disease,MI382236,MI,91106,2958 MEDICAL PLZ,SYNTH CITY 8,MI,5555322550,False,2024-03-14,,12.59622760543748,False,True
HCP001959,1446822219,18584850158,BP8158334,RAY,D,GRIFFIN,,DO,208000000X,Pediatrics,MN343075,MN,91113,2959 MEDICAL PLZ,SYNTH CITY 9,MN,5558136071,True,,,3.7815588801831037,False,True
HCP001960,5969684112,54080380082,RB1597620,WESLEY,A,DAVIS,,PA,207Q00000X,Family Medicine,CA496759,CA,91120,2960 MEDICAL PLZ,SYNTH CITY 10,CA,5554210623,True,,,13.65150933891494,False,True
HCP001961,2977426925,60917477201,BR0638578,JACOB,J,CARR,,PA,207RX0202X,Medical Oncology,OR927571,OR,91127,2961 MEDICAL PLZ,SYNTH CITY 11,OR,5554151759,True,,,2.1040086971222163,False,True
HCP001962,9484118614,30513660524,PF5047697,JOHN,M,LINDSEY,,MD,207R00000X,Internal Medicine,WA831766,WA,91134,2962 MEDICAL PLZ,SYNTH CITY 12,WA,5558622269,True,,,1.3284207055849513,False,True
HCP001963,6609722627,86939773526,RM8162513,LARRY,A,CHARLES,,DO,207RR0500X,Rheumatology,AZ616373,AZ,91141,2963 MEDICAL PLZ,SYNTH CITY 13,AZ,5558969611,True,,,2.393655595432127,False,True
HCP001964,8594561135,06959668596,FG6270701,EMILY,A,RUSSELL,,PA,207RC0000X,Cardiovascular Disease,CO935643,CO,91148,2964 MEDICAL PLZ,SYNTH CITY 14,CO,5557211377,True,,,1.117315053140818,False,True
HCP001965,8607819108,51608287372,GR8913087,MATTHEW,D,RAMSEY,,PA,208000000X,Pediatrics,TX744130,TX,91155,2965 MEDICAL PLZ,SYNTH CITY 15,TX,5554268701,True,,,60.44115930568892,False,True
HCP001966,7679480039,40160188731,FB2822218,SAMANTHA,K,BAXTER,,PA,207Q00000X,Family Medicine,FL343149,FL,91162,2966 MEDICAL PLZ,SYNTH CITY 16,FL,5554634069,True,,,4.6288691921193506,False,True
HCP001967,6279152642,42204662848,PA0583667,EMILY,L,SHAW,,PA,207RX0202X,Medical Oncology,GA641937,GA,91169,2967 MEDICAL PLZ,SYNTH CITY 17,GA,5553976590,True,,,7.32861025218017,False,True
HCP001968,3112939509,33175721325,GA4357429,TRACI,S,BURKE,,PA,207R00000X,Internal Medicine,NY653394,NY,91176,2968 MEDICAL PLZ,SYNTH CITY 18,NY,5557787553,True,,,6.931408877217428,False,True
HCP001969,5119825748,32081841534,RM0076472,MATTHEW,K,WAGNER,,MD,207RR0500X,Rheumatology,NJ984263,NJ,91183,2969 MEDICAL PLZ,SYNTH CITY 19,NJ,5553250049,True,,,1.1423238596858818,False,True
HCP001970,1605233588,52124155791,RP0620601,RUSSELL,N,HAMILTON,,NP,207RC0000X,Cardiovascular Disease,MA123960,MA,91190,2970 MEDICAL PLZ,SYNTH CITY 20,MA,5553793733,True,,,9.63066787670296,False,True
HCP001971,1346010758,27921791758,BF6884314,ERIK,A,MASON,,PA,208000000X,Pediatrics,PA351534,PA,91197,2971 MEDICAL PLZ,SYNTH CITY 21,PA,5552123354,False,2024-03-02,,16.84608150909016,False,True
HCP001972,1524215476,40456018740,BM6857213,JIMMY,T,GARCIA,III,MD,207Q00000X,Family Medicine,IL159721,IL,91204,2972 MEDICAL PLZ,SYNTH CITY 22,IL,5557874141,True,,,2.703826668450945,False,True
HCP001973,8998237654,94848868030,MF5876063,ALISON,R,TORRES,,NP,207RX0202X,Medical Oncology,OH637130,OH,91211,2973 MEDICAL PLZ,SYNTH CITY 23,OH,5554019817,True,,,9.761921219257031,False,True
HCP001974,2302541158,39837920281,BR2488325,TAMI,L,LANE,,NP,207R00000X,Internal Medicine,MI477281,MI,91218,2974 MEDICAL PLZ,SYNTH CITY 24,MI,5554687614,True,,,72.58437981643219,False,True
HCP001975,1782717254,68187728618,BG1368461,MELINDA,B,SULLIVAN,,MD,207RR0500X,Rheumatology,MN405086,MN,91225,2975 MEDICAL PLZ,SYNTH CITY 25,MN,5551538780,True,,,7.697500634382761,False,True
HCP001976,4749204135,41321772444,PM0294477,ALEJANDRA,R,SMITH,,NP,207RC0000X,Cardiovascular Disease,CA889122,CA,91232,2976 MEDICAL PLZ,SYNTH CITY 26,CA,5555092061,True,,,22.338791891620748,False,True
HCP001977,2758763447,12367176211,PB1464534,ROBIN,G,THOMPSON,,NP,208000000X,Pediatrics,OR861863,OR,91239,2977 MEDICAL PLZ,SYNTH CITY 27,OR,5553958810,True,,,4.458067971427904,False,True
HCP001978,1769876818,25811667878,AF7835285,CATHERINE,J,OWENS,,DO,207Q00000X,Family Medicine,WA511087,WA,91246,2978 MEDICAL PLZ,SYNTH CITY 28,WA,5554123459,True,,,14.515463008132594,False,True
HCP001979,8827093278,94541361756,PG7722405,GLENN,C,GARCIA,,NP,207RX0202X,Medical Oncology,AZ276856,AZ,91253,2979 MEDICAL PLZ,SYNTH CITY 29,AZ,5558209181,True,,,11.984162193390702,False,True
HCP001980,1594534517,11646070173,BR6271416,BRADLEY,R,JAMES,,DO,207R00000X,Internal Medicine,CO836074,CO,91260,2980 MEDICAL PLZ,SYNTH CITY 30,CO,5558796736,True,,,0.801886561705702,False,True
HCP001981,2870013788,36118479516,PB4671060,TINA,T,CROSBY,,DO,207RR0500X,Rheumatology,TX883160,TX,91267,2981 MEDICAL PLZ,SYNTH CITY 31,TX,5559423712,True,,,209.02221177258423,False,True
HCP001982,6830801018,19475179976,PR5933146,BRIAN,C,BROOKS,,DO,207RC0000X,Cardiovascular Disease,FL630950,FL,91274,2982 MEDICAL PLZ,SYNTH CITY 32,FL,5552060590,True,,,35.646399339345145,False,True
HCP001983,5341430523,61547469216,BB7605637,VINCENT,A,MOORE,,DO,208000000X,Pediatrics,GA359024,GA,91281,2983 MEDICAL PLZ,SYNTH CITY 33,GA,5555924358,True,,,33.54661643426848,False,True
HCP001984,1377124676,69198121034,GP4166461,REBECCA,J,RILEY,,MD,207Q00000X,Family Medicine,NY470075,NY,91288,2984 MEDICAL PLZ,SYNTH CITY 34,NY,5553162175,True,,,1.130429298084807,False,True
HCP001985,5582317124,84173103154,MB0102753,SHARON,N,MOORE,,MD,207RX0202X,Medical Oncology,NJ336880,NJ,91295,2985 MEDICAL PLZ,SYNTH CITY 35,NJ,5555493880,True,,,6.459206693117138,False,True
HCP001986,5179653899,88327679384,PB8749375,TIFFANY,T,FRY,,PA,207R00000X,Internal Medicine,MA530329,MA,91302,2986 MEDICAL PLZ,SYNTH CITY 36,MA,5558656445,True,,,36.97380058927904,False,True
HCP001987,1402687689,06120828209,BP1137067,CHRISTOPHER,J,YOUNG,,PA,207RR0500X,Rheumatology,PA580862,PA,91309,2987 MEDICAL PLZ,SYNTH CITY 37,PA,5557752785,True,,,1.7632060457321348,False,True
HCP001988,7073612708,41615459874,PA2483499,PAUL,E,FRANKLIN,,NP,207RC0000X,Cardiovascular Disease,IL645610,IL,91316,2988 MEDICAL PLZ,SYNTH CITY 38,IL,5559713096,True,,,6.85288347073574,False,True
HCP001989,3296303340,17571159379,AA6869057,KENNETH,T,KIM,,NP,208000000X,Pediatrics,OH996935,OH,91323,2989 MEDICAL PLZ,SYNTH CITY 39,OH,5554157398,True,,,12.961768334133955,False,True
HCP001990,5940543791,47425307565,RB0584453,JAMES,E,RIOS,,NP,207Q00000X,Family Medicine,MI535292,MI,91330,2990 MEDICAL PLZ,SYNTH CITY 40,MI,5558030210,True,,,4.272610480045594,False,True
HCP001991,3404386724,02799566330,AF3598155,KENNETH,P,MEYER,,PA,207RX0202X,Medical Oncology,MN784921,MN,91337,2991 MEDICAL PLZ,SYNTH CITY 41,MN,5551004422,True,,,5.320063476846743,False,True
HCP001992,8200950235,94703402660,BG2005357,JOHNNY,D,LEONARD,,NP,207R00000X,Internal Medicine,CA264452,CA,91344,2992 MEDICAL PLZ,SYNTH CITY 42,CA,5553053397,True,,,1.2662771339911911,False,True
HCP001993,0741284257,19284801473,AB2357179,MEAGAN,A,FLETCHER,,DO,207RR0500X,Rheumatology,OR919975,OR,91351,2993 MEDICAL PLZ,SYNTH CITY 43,OR,5552132975,True,,,10.553129659586297,False,True
HCP001994,1570993430,15464751945,MR4116458,GEORGE,B,GRIFFIN,,DO,207RC0000X,Cardiovascular Disease,WA725904,WA,91358,2994 MEDICAL PLZ,SYNTH CITY 44,WA,5551629459,True,,,8.813737749037447,False,True
HCP001995,3227585692,88917038766,BP1305880,RENEE,J,HERNANDEZ,,PA,208000000X,Pediatrics,AZ353331,AZ,91365,2995 MEDICAL PLZ,SYNTH CITY 45,AZ,5555380332,True,,,12.508664770037187,False,True
HCP001996,8049957284,01596157513,GB4213070,MITCHELL,V,ALLEN,,MD,207Q00000X,Family Medicine,CO500038,CO,91372,2996 MEDICAL PLZ,SYNTH CITY 46,CO,5551341651,True,,,3.1269784772039952,False,True
HCP001997,8351480339,41246075230,MP9223141,CHEYENNE,M,VALENTINE,,MD,207RX0202X,Medical Oncology,TX973890,TX,91379,2997 MEDICAL PLZ,SYNTH CITY 47,TX,5558769993,True,,,1.6574413949191402,False,True
HCP001998,8946350757,71595807044,GG7707359,JULIA,M,CANNON,,DO,207R00000X,Internal Medicine,FL553007,FL,91386,2998 MEDICAL PLZ,SYNTH CITY 48,FL,5553338206,True,,,3.815564886038815,False,True
HCP001999,1861778441,18202247333,RF7013532,LISA,N,BLEVINS,,NP,207RR0500X,Rheumatology,GA199630,GA,91393,2999 MEDICAL PLZ,SYNTH CITY 49,GA,5552552881,True,,,13.458055920810882,False,True
HCPDUP00000,4214063354,96554994903,FM6425243,JIM,R,HENRY,,MD,207RC0000X,Cardiovascular Disease,IL946118,IL,91092,1356 MEDICAL PLAZA,SYNTH CITY 6,IL,5556929035,False,2024-02-19,,7.608977270479621,False,True
HCPDUP00001,4734436684,49957519742,MG8251731,ANGIE,D,EDWARDS,,NP,207RC0000X,Cardiovascular Disease,CO945541,CO,91148,2364 MEDICAL PLAZA,SYNTH CITY 14,CO,5551675026,True,,,12.41227132537513,False,True
HCPDUP00002,0669157386,71426039359,MP9685863,RICKY,C,SMITH,,DO,207R00000X,Internal Medicine,IL362563,IL,90196,1228 MEDICAL PLAZA,SYNTH CITY 28,IL,5555419908,True,,,2.8183691770864976,False,True
HCPDUP00003,8795977635,62757278136,RP4298834,ANDREW,R,SPARKS,,MD,207RR0500X,Rheumatology,OH255940,OH,91099,1157 MEDICAL PLAZA,SYNTH CITY 7,OH,5553223178,True,,,10.424898632913024,False,True
HCPDUP00004,2645606874,27994122823,PB6594589,JASMINE,J,BERRY,,NP,207RX0202X,Medical Oncology,OH981753,OH,90651,1293 MEDICAL PLAZA,SYNTH CITY 43,OH,5557612325,True,,,4.271688670852399,False,True
HCPDUP00005,8662680783,41837336380,AA2030719,BILL,J,STEELE,,PA,207RC0000X,Cardiovascular Disease,FL797488,FL,90714,1302 MEDICAL PLAZA,SYNTH CITY 2,FL,5558610163,True,,,2.198578008358017,False,True
HCPDUP00006,6833132718,50655811459,MB8482755,CHARLES,A,RUSSO,,PA,207RC0000X,Cardiovascular Disease,NY264725,NY,90952,2136 MEDICAL PLAZA,SYNTH CITY 36,NY,5558495516,True,,,7.55502075623672,False,True
HCPDUP00007,3145224051,33350112525,MM5544743,TOM,R,WARREN,,PA,207RR0500X,Rheumatology,OR838663,OR,90119,2417 MEDICAL PLAZA,SYNTH CITY 17,OR,5554445906,True,,,7.336281122469234,False,True
HCPDUP00008,9666687071,60280927206,PA2393090,BILL,G,SIMPSON,,DO,207R00000X,Internal Medicine,WA777841,WA,90462,2266 MEDICAL PLAZA,SYNTH CITY 16,WA,5552224378,True,,,26.760380757291887,False,True
HCPDUP00009,4938788773,17676335434,GB6324167,SARAH,J,LEWIS,,PA,207R00000X,Internal Medicine,FL553197,FL,90714,1102 MEDICAL PLAZA,SYNTH CITY 2,FL,5557580474,True,,,14.383528016293527,False,True
HCPFF00000,3327267308,05014247730,BP0293087,TAMMY,B,GONZALEZ,,DO,207R00000X,Internal Medicine,OR853888,OR,90343,9000 OTHER ST,SYNTH CITY 49,OR,5554737676,True,,,5.5588300717783765,False,True
HCPFF00001,0154792317,84374582688,RB6505256,TIFFANY,M,WOODS,,DO,207RX0202X,Medical Oncology,OH727715,OH,90987,9001 OTHER ST,SYNTH CITY 41,OH,5557063532,True,,,2.0460882072076427,False,True
HCPFF00002,9328938987,57601921937,PG6540178,EILEEN,R,STEELE,,MD,208000000X,Pediatrics,IL164229,IL,91092,9002 OTHER ST,SYNTH CITY 6,IL,5558126467,True,,,7.004993451384782,False,True
HCPFF00003,4969479573,19951339008,RB0987796,JILL,E,MERCER,,NP,207RC0000X,Cardiovascular Disease,NY190258,NY,90056,9003 OTHER ST,SYNTH CITY 8,NY,5558468828,True,,,40.009780391317605,False,True
HCPFF00004,4353899451,08228980941,BM8467482,JOSHUA,M,MILLER,,MD,207R00000X,Internal Medicine,IL335129,IL,91092,9004 OTHER ST,SYNTH CITY 6,IL,5551696314,True,,,7.375461516527509,False,True
HCPFF00005,3346263122,82656699333,MG9743789,SHERI,R,PALMER,,MD,207Q00000X,Family Medicine,MI592151,MI,90434,9005 OTHER ST,SYNTH CITY 12,MI,5555212587,True,,,1.6761568781656873,False,True
