entity_id,hco_id,is_primary,valid_from,valid_to
HCP000000,SITE00000,True,2024-01-01,9999-12-31
HCP000001,SITE00001,True,2024-01-01,9999-12-31
HCP000002,SITE00002,True,2024-01-01,9999-12-31
HCP000003,SITE00003,True,2024-01-01,9999-12-31
HCP000004,SITE00004,True,2024-01-01,9999-12-31
HCP000005,SITE00005,True,2024-01-01,9999-12-31
HCP000006,SITE00006,True,2024-01-01,9999-12-31
HCP000007,SITE00007,True,2024-01-01,9999-12-31
HCP000008,SITE00008,True,2024-01-01,9999-12-31
HCP000009,SITE00009,True,2024-01-01,9999-12-31
HCP000010,SITE00010,True,2024-01-01,9999-12-31
HCP000010,SITE00145,False,2024-01-01,9999-12-31
HCP000011,SITE00011,True,2024-01-01,9999-12-31
HCP000012,SITE00012,True,2024-01-01,9999-12-31
HCP000013,SITE00013,True,2024-01-01,9999-12-31
HCP000014,SITE00014,True,2024-01-01,9999-12-31
HCP000015,SITE00015,True,2024-01-01,9999-12-31
HCP000016,SITE00016,True,2024-01-01,9999-12-31
HCP000017,SITE00017,True,2024-01-01,9999-12-31
HCP000017,SITE00257,False,2024-01-01,9999-12-31
HCP000018,SITE00018,True,2024-01-01,9999-12-31
HCP000019,SITE00019,True,2024-01-01,9999-12-31
HCP000020,SITE00020,True,2024-01-01,9999-12-31
HCP000020,SITE00256,False,2024-01-01,9999-12-31
HCP000021,SITE00021,True,2024-01-01,9999-12-31
HCP000022,SITE00022,True,2024-01-01,9999-12-31
HCP000023,SITE00023,True,2024-01-01,9999-12-31
HCP000024,SITE00024,True,2024-01-01,9999-12-31
HCP000025,SITE00025,True,2024-01-01,9999-12-31
HCP000026,SITE00026,True,2024-01-01,9999-12-31
HCP000027,SITE00027,True,2024-01-01,9999-12-31
HCP000028,SITE00028,True,2024-01-01,9999-12-31
HCP000028,SITE00250,False,2024-01-01,9999-12-31
HCP000029,SITE00029,True,2024-01-01,9999-12-31
HCP000030,SITE00030,True,2024-01-01,9999-12-31
HCP000030,SITE00258,False,2024-01-01,9999-12-31
HCP000031,SITE00031,True,2024-01-01,9999-12-31
HCP000032,SITE00032,True,2024-01-01,9999-12-31
HCP000033,SITE00033,True,2024-01-01,9999-12-31
HCP000033,SITE00009,False,2024-01-01,9999-12-31
HCP000034,SITE00034,True,2024-01-01,9999-12-31
HCP000035,SITE00035,True,2024-01-01,9999-12-31
HCP000036,SITE00036,True,2024-01-01,9999-12-31
HCP000037,SITE00037,True,2024-01-01,9999-12-31
HCP000038,SITE00038,True,2024-01-01,9999-12-31
HCP000039,SITE00039,True,2024-01-01,9999-12-31
HCP000040,SITE00040,True,2024-01-01,9999-12-31
HCP000041,SITE00041,True,2024-01-01,9999-12-31
HCP000042,SITE00042,True,2024-01-01,9999-12-31
HCP000043,SITE00043,True,2024-01-01,9999-12-31
HCP000043,SITE00023,False,2024-01-01,9999-12-31
HCP000044,SITE00044,True,2024-01-01,9999-12-31
HCP000045,SITE00045,True,2024-01-01,9999-12-31
HCP000046,SITE00046,True,2024-01-01,9999-12-31
HCP000047,SITE00047,True,2024-01-01,9999-12-31
HCP000048,SITE00048,True,2024-01-01,9999-12-31
HCP000049,SITE00049,True,2024-01-01,9999-12-31
HCP000050,SITE00050,True,2024-01-01,9999-12-31
HCP000051,SITE00051,True,2024-01-01,9999-12-31
HCP000052,SITE00052,True,2024-01-01,9999-12-31
HCP000053,SITE00053,True,2024-01-01,9999-12-31
HCP000054,SITE00054,True,2024-01-01,9999-12-31
HCP000055,SITE00055,True,2024-01-01,9999-12-31
HCP000056,SITE00056,True,2024-01-01,9999-12-31
HCP000057,SITE00057,True,2024-01-01,9999-12-31
HCP000058,SITE00058,True,2024-01-01,9999-12-31
HCP000059,SITE00059,True,2024-01-01,9999-12-31
HCP000060,SITE00060,True,2024-01-01,9999-12-31
HCP000061,SITE00061,True,2024-01-01,9999-12-31
HCP000062,SITE00062,True,2024-01-01,9999-12-31
HCP000063,SITE00063,True,2024-01-01,9999-12-31
HCP000064,SITE00064,True,2024-01-01,9999-12-31
HCP000065,SITE00065,True,2024-01-01,9999-12-31
HCP000066,SITE00066,True,2024-01-01,9999-12-31
HCP000067,SITE00067,True,2024-01-01,9999-12-31
HCP000068,SITE00068,True,2024-01-01,9999-12-31
HCP000069,SITE00069,True,2024-01-01,9999-12-31
HCP000070,SITE00070,True,2024-01-01,9999-12-31
HCP000071,SITE00071,True,2024-01-01,9999-12-31
HCP000072,SITE00072,True,2024-01-01,9999-12-31
HCP000073,SITE00073,True,2024-01-01,9999-12-31
HCP000074,SITE00074,True,2024-01-01,9999-12-31
HCP000075,SITE00075,True,2024-01-01,9999-12-31
HCP000076,SITE00076,True,2024-01-01,9999-12-31
HCP000077,SITE00077,True,2024-01-01,9999-12-31
HCP000078,SITE00078,True,2024-01-01,9999-12-31
HCP000079,SITE00079,True,2024-01-01,9999-12-31
HCP000080,SITE00080,True,2024-01-01,9999-12-31
HCP000081,SITE00081,True,2024-01-01,9999-12-31
HCP000082,SITE00082,True,2024-01-01,9999-12-31
HCP000083,SITE00083,True,2024-01-01,9999-12-31
HCP000084,SITE00084,True,2024-01-01,9999-12-31
HCP000085,SITE00085,True,2024-01-01,9999-12-31
HCP000086,SITE00086,True,2024-01-01,9999-12-31
HCP000087,SITE00087,True,2024-01-01,9999-12-31
HCP000088,SITE00088,True,2024-01-01,9999-12-31
HCP000089,SITE00089,True,2024-01-01,9999-12-31
HCP000090,SITE00090,True,2024-01-01,9999-12-31
HCP000091,SITE00091,True,2024-01-01,9999-12-31
HCP000092,SITE00092,True,2024-01-01,9999-12-31
HCP000093,SITE00093,True,2024-01-01,9999-12-31
HCP000094,SITE00094,True,2024-01-01,9999-12-31
HCP000094,SITE00210,False,2024-01-01,9999-12-31
HCP000095,SITE00095,True,2024-01-01,9999-12-31
HCP000096,SITE00096,True,2024-01-01,9999-12-31
HCP000097,SITE00097,True,2024-01-01,9999-12-31
HCP000098,SITE00098,True,2024-01-01,9999-12-31
HCP000099,SITE00099,True,2024-01-01,9999-12-31
HCP000100,SITE00100,True,2024-01-01,9999-12-31
HCP000101,SITE00101,True,2024-01-01,9999-12-31
HCP000102,SITE00102,True,2024-01-01,9999-12-31
HCP000103,SITE00103,True,2024-01-01,9999-12-31
HCP000104,SITE00104,True,2024-01-01,9999-12-31
HCP000105,SITE00105,True,2024-01-01,9999-12-31
HCP000106,SITE00106,True,2024-01-01,9999-12-31
HCP000107,SITE00107,True,2024-01-01,9999-12-31
HCP000108,SITE00108,True,2024-01-01,9999-12-31
HCP000108,SITE00277,False,2024-01-01,9999-12-31
HCP000109,SITE00109,True,2024-01-01,9999-12-31
HCP000110,SITE00110,True,2024-01-01,9999-12-31
HCP000111,SITE00111,True,2024-01-01,9999-12-31
HCP000112,SITE00112,True,2024-01-01,9999-12-31
HCP000113,SITE00113,True,2024-01-01,9999-12-31
HCP000114,SITE00114,True,2024-01-01,9999-12-31
HCP000115,SITE00115,True,2024-01-01,9999-12-31
HCP000116,SITE00116,True,2024-01-01,9999-12-31
HCP000117,SITE00117,True,2024-01-01,9999-12-31
HCP000118,SITE00118,True,2024-01-01,9999-12-31
HCP000119,SITE00119,True,2024-01-01,9999-12-31
HCP000120,SITE00120,True,2024-01-01,9999-12-31
HCP000121,SITE00121,True,2024-01-01,9999-12-31
HCP000122,SITE00122,True,2024-01-01,9999-12-31
HCP000123,SITE00123,True,2024-01-01,9999-12-31
HCP000124,SITE00124,True,2024-01-01,9999-12-31
HCP000125,SITE00125,True,2024-01-01,9999-12-31
HCP000126,SITE00126,True,2024-01-01,9999-12-31
HCP000127,SITE00127,True,2024-01-01,9999-12-31
HCP000128,SITE00128,True,2024-01-01,9999-12-31
HCP000129,SITE00129,True,2024-01-01,9999-12-31
HCP000130,SITE00130,True,2024-01-01,9999-12-31
HCP000131,SITE00131,True,2024-01-01,9999-12-31
HCP000132,SITE00132,True,2024-01-01,9999-12-31
HCP000133,SITE00133,True,2024-01-01,9999-12-31
HCP000134,SITE00134,True,2024-01-01,9999-12-31
HCP000135,SITE00135,True,2024-01-01,9999-12-31
HCP000136,SITE00136,True,2024-01-01,9999-12-31
HCP000137,SITE00137,True,2024-01-01,9999-12-31
HCP000138,SITE00138,True,2024-01-01,9999-12-31
HCP000139,SITE00139,True,2024-01-01,9999-12-31
HCP000140,SITE00140,True,2024-01-01,9999-12-31
HCP000141,SITE00141,True,2024-01-01,9999-12-31
HCP000142,SITE00142,True,2024-01-01,9999-12-31
HCP000143,SITE00143,True,2024-01-01,9999-12-31
HCP000144,SITE00144,True,2024-01-01,9999-12-31
HCP000145,SITE00145,True,2024-01-01,9999-12-31
HCP000145,SITE00264,False,2024-01-01,9999-12-31
HCP000146,SITE00146,True,2024-01-01,9999-12-31
HCP000147,SITE00147,True,2024-01-01,9999-12-31
HCP000148,SITE00148,True,2024-01-01,9999-12-31
HCP000149,SITE00149,True,2024-01-01,9999-12-31
HCP000150,SITE00150,True,2024-01-01,9999-12-31
HCP000151,SITE00151,True,2024-01-01,9999-12-31
HCP000152,SITE00152,True,2024-01-01,9999-12-31
HCP000153,SITE00153,True,2024-01-01,9999-12-31
HCP000154,SITE00154,True,2024-01-01,9999-12-31
HCP000155,SITE00155,True,2024-01-01,9999-12-31
HCP000156,SITE00156,True,2024-01-01,9999-12-31
HCP000157,SITE00157,True,2024-01-01,9999-12-31
HCP000158,SITE00158,True,2024-01-01,9999-12-31
HCP000159,SITE00159,True,2024-01-01,9999-12-31
HCP000160,SITE00160,True,2024-01-01,9999-12-31
HCP000160,SITE00290,False,2024-01-01,9999-12-31
HCP000161,SITE00161,True,2024-01-01,9999-12-31
HCP000162,SITE00162,True,2024-01-01,9999-12-31
HCP000163,SITE00163,True,2024-01-01,9999-12-31
HCP000164,SITE00164,True,2024-01-01,9999-12-31
HCP000165,SITE00165,True,2024-01-01,9999-12-31
HCP000166,SITE00166,True,2024-01-01,9999-12-31
HCP000167,SITE00167,True,2024-01-01,9999-12-31
HCP000168,SITE00168,True,2024-01-01,9999-12-31
HCP000169,SITE00169,True,2024-01-01,9999-12-31
HCP000169,SITE00008,False,2024-01-01,9999-12-31
HCP000170,SITE00170,True,2024-01-01,9999-12-31
HCP000171,SITE00171,True,2024-01-01,9999-12-31
HCP000172,SITE00172,True,2024-01-01,9999-12-31
HCP000173,SITE00173,True,2024-01-01,9999-12-31
HCP000174,SITE00174,True,2024-01-01,9999-12-31
HCP000175,SITE00175,True,2024-01-01,9999-12-31
HCP000176,SITE00176,True,2024-01-01,9999-12-31
HCP000177,SITE00177,True,2024-01-01,9999-12-31
HCP000178,SITE00178,True,2024-01-01,9999-12-31
HCP000179,SITE00179,True,2024-01-01,9999-12-31
HCP000180,SITE00180,True,2024-01-01,9999-12-31
HCP000180,SITE00258,False,2024-01-01,9999-12-31
HCP000181,SITE00181,True,2024-01-01,9999-12-31
HCP000182,SITE00182,True,2024-01-01,9999-12-31
HCP000183,SITE00183,True,2024-01-01,9999-12-31
HCP000184,SITE00184,True,2024-01-01,9999-12-31
HCP000185,SITE00185,True,2024-01-01,9999-12-31
HCP000186,SITE00186,True,2024-01-01,9999-12-31
HCP000187,SITE00187,True,2024-01-01,9999-12-31
HCP000188,SITE00188,True,2024-01-01,9999-12-31
HCP000189,SITE00189,True,2024-01-01,9999-12-31
HCP000190,SITE00190,True,2024-01-01,9999-12-31
HCP000191,SITE00191,True,2024-01-01,9999-12-31
HCP000192,SITE00192,True,2024-01-01,9999-12-31
HCP000193,SITE00193,True,2024-01-01,9999-12-31
HCP000193,SITE00190,False,2024-01-01,9999-12-31
HCP000194,SITE00194,True,2024-01-01,9999-12-31
HCP000195,SITE00195,True,2024-01-01,9999-12-31
HCP000196,SITE00196,True,2024-01-01,9999-12-31
HCP000196,SITE00021,False,2024-01-01,9999-12-31
HCP000197,SITE00197,True,2024-01-01,9999-12-31
HCP000198,SITE00198,True,2024-01-01,9999-12-31
HCP000199,SITE00199,True,2024-01-01,9999-12-31
HCP000200,SITE00200,True,2024-01-01,9999-12-31
HCP000201,SITE00201,True,2024-01-01,9999-12-31
HCP000202,SITE00202,True,2024-01-01,9999-12-31
HCP000203,SITE00203,True,2024-01-01,9999-12-31
HCP000204,SITE00204,True,2024-01-01,9999-12-31
HCP000205,SITE00205,True,2024-01-01,9999-12-31
HCP000206,SITE00206,True,2024-01-01,9999-12-31
HCP000207,SITE00207,True,2024-01-01,9999-12-31
HCP000208,SITE00208,True,2024-01-01,9999-12-31
HCP000209,SITE00209,True,2024-01-01,9999-12-31
HCP000210,SITE00210,True,2024-01-01,9999-12-31
HCP000211,SITE00211,True,2024-01-01,9999-12-31
HCP000212,SITE00212,True,2024-01-01,9999-12-31
HCP000213,SITE00213,True,2024-01-01,9999-12-31
HCP000214,SITE00214,True,2024-01-01,9999-12-31
HCP000215,SITE00215,True,2024-01-01,9999-12-31
HCP000216,SITE00216,True,2024-01-01,9999-12-31
HCP000217,SITE00217,True,2024-01-01,9999-12-31
HCP000218,SITE00218,True,2024-01-01,9999-12-31
HCP000218,SITE00080,False,2024-01-01,9999-12-31
HCP000219,SITE00219,True,2024-01-01,9999-12-31
HCP000220,SITE00220,True,2024-01-01,9999-12-31
HCP000221,SITE00221,True,2024-01-01,9999-12-31
HCP000222,SITE00222,True,2024-01-01,9999-12-31
HCP000223,SITE00223,True,2024-01-01,9999-12-31
HCP000224,SITE00224,True,2024-01-01,9999-12-31
HCP000225,SITE00225,True,2024-01-01,9999-12-31
HCP000226,SITE00226,True,2024-01-01,9999-12-31
HCP000227,SITE00227,True,2024-01-01,9999-12-31
HCP000228,SITE00228,True,2024-01-01,9999-12-31
HCP000229,SITE00229,True,2024-01-01,9999-12-31
HCP000230,SITE00230,True,2024-01-01,9999-12-31
HCP000231,SITE00231,True,2024-01-01,9999-12-31
HCP000232,SITE00232,True,2024-01-01,9999-12-31
HCP000233,SITE00233,True,2024-01-01,9999-12-31
HCP000234,SITE00234,True,2024-01-01,9999-12-31
HCP000235,SITE00235,True,2024-01-01,9999-12-31
HCP000236,SITE00236,True,2024-01-01,9999-12-31
HCP000237,SITE00237,True,2024-01-01,9999-12-31
HCP000238,SITE00238,True,2024-01-01,9999-12-31
HCP000239,SITE00239,True,2024-01-01,9999-12-31
HCP000240,SITE00240,True,2024-01-01,9999-12-31
HCP000241,SITE00241,True,2024-01-01,9999-12-31
HCP000242,SITE00242,True,2024-01-01,9999-12-31
HCP000243,SITE00243,True,2024-01-01,9999-12-31
HCP000244,SITE00244,True,2024-01-01,9999-12-31
HCP000245,SITE00245,True,2024-01-01,9999-12-31
HCP000245,SITE00287,False,2024-01-01,9999-12-31
HCP000246,SITE00246,True,2024-01-01,9999-12-31
HCP000247,SITE00247,True,2024-01-01,9999-12-31
HCP000248,SITE00248,True,2024-01-01,9999-12-31
HCP000249,SITE00249,True,2024-01-01,9999-12-31
HCP000250,SITE00250,True,2024-01-01,9999-12-31
HCP000251,SITE00251,True,2024-01-01,9999-12-31
HCP000252,SITE00252,True,2024-01-01,9999-12-31
HCP000252,SITE00167,False,2024-01-01,9999-12-31
HCP000253,SITE00253,True,2024-01-01,9999-12-31
HCP000254,SITE00254,True,2024-01-01,9999-12-31
HCP000254,SITE00312,False,2024-01-01,9999-12-31
HCP000255,SITE00255,True,2024-01-01,9999-12-31
HCP000256,SITE00256,True,2024-01-01,9999-12-31
HCP000256,SITE00312,False,2024-01-01,9999-12-31
HCP000257,SITE00257,True,2024-01-01,9999-12-31
HCP000258,SITE00258,True,2024-01-01,9999-12-31
HCP000259,SITE00259,True,2024-01-01,9999-12-31
HCP000260,SITE00260,True,2024-01-01,9999-12-31
HCP000261,SITE00261,True,2024-01-01,9999-12-31
HCP000262,SITE00262,True,2024-01-01,9999-12-31
HCP000263,SITE00263,True,2024-01-01,9999-12-31
HCP000264,SITE00264,True,2024-01-01,9999-12-31
HCP000265,SITE00265,True,2024-01-01,9999-12-31
HCP000266,SITE00266,True,2024-01-01,9999-12-31
HCP000267,SITE00267,True,2024-01-01,9999-12-31
HCP000268,SITE00268,True,2024-01-01,9999-12-31
HCP000269,SITE00269,True,2024-01-01,9999-12-31
HCP000270,SITE00270,True,2024-01-01,9999-12-31
HCP000271,SITE00271,True,2024-01-01,9999-12-31
HCP000272,SITE00272,True,2024-01-01,9999-12-31
HCP000273,SITE00273,True,2024-01-01,9999-12-31
HCP000274,SITE00274,True,2024-01-01,9999-12-31
HCP000274,SITE00083,False,2024-01-01,9999-12-31
HCP000275,SITE00275,True,2024-01-01,9999-12-31
HCP000276,SITE00276,True,2024-01-01,9999-12-31
HCP000277,SITE00277,True,2024-01-01,9999-12-31
HCP000278,SITE00278,True,2024-01-01,9999-12-31
HCP000279,SITE00279,True,2024-01-01,9999-12-31
HCP000280,SITE00280,True,2024-01-01,9999-12-31
HCP000281,SITE00281,True,2024-01-01,9999-12-31
HCP000282,SITE00282,True,2024-01-01,9999-12-31
HCP000283,SITE00283,True,2024-01-01,9999-12-31
HCP000284,SITE00284,True,2024-01-01,9999-12-31
HCP000285,SITE00285,True,2024-01-01,9999-12-31
HCP000286,SITE00286,True,2024-01-01,9999-12-31
HCP000287,SITE00287,True,2024-01-01,9999-12-31
HCP000288,SITE00288,True,2024-01-01,9999-12-31
HCP000289,SITE00289,True,2024-01-01,9999-12-31
HCP000290,SITE00290,True,2024-01-01,9999-12-31
HCP000291,SITE00291,True,2024-01-01,9999-12-31
HCP000292,SITE00292,True,2024-01-01,9999-12-31
HCP000293,SITE00293,True,2024-01-01,9999-12-31
HCP000294,SITE00294,True,2024-01-01,9999-12-31
HCP000295,SITE00295,True,2024-01-01,9999-12-31
HCP000296,SITE00296,True,2024-01-01,9999-12-31
HCP000297,SITE00297,True,2024-01-01,9999-12-31
HCP000298,SITE00298,True,2024-01-01,9999-12-31
HCP000299,SITE00299,True,2024-01-01,9999-12-31
HCP000300,SITE00300,True,2024-01-01,9999-12-31
HCP000301,SITE00301,True,2024-01-01,9999-12-31
HCP000302,SITE00302,True,2024-01-01,9999-12-31
HCP000303,SITE00303,True,2024-01-01,9999-12-31
HCP000304,SITE00304,True,2024-01-01,9999-12-31
HCP000304,SITE00331,False,2024-01-01,9999-12-31
HCP000305,SITE00305,True,2024-01-01,9999-12-31
HCP000306,SITE00306,True,2024-01-01,9999-12-31
HCP000307,SITE00307,True,2024-01-01,9999-12-31
HCP000308,SITE00308,True,2024-01-01,9999-12-31
HCP000309,SITE00309,True,2024-01-01,9999-12-31
HCP000310,SITE00310,True,2024-01-01,9999-12-31
HCP000311,SITE00311,True,2024-01-01,9999-12-31
HCP000312,SITE00312,True,2024-01-01,9999-12-31
HCP000313,SITE00313,True,2024-01-01,9999-12-31
HCP000314,SITE00314,True,2024-01-01,9999-12-31
HCP000315,SITE00315,True,2024-01-01,9999-12-31
HCP000316,SITE00316,True,2024-01-01,9999-12-31
HCP000316,SITE00146,False,2024-01-01,9999-12-31
HCP000317,SITE00317,True,2024-01-01,9999-12-31
HCP000318,SITE00318,True,2024-01-01,9999-12-31
HCP000319,SITE00319,True,2024-01-01,9999-12-31
HCP000320,SITE00320,True,2024-01-01,9999-12-31
HCP000321,SITE00321,True,2024-01-01,9999-12-31
HCP000322,SITE00322,True,2024-01-01,9999-12-31
HCP000323,SITE00323,True,2024-01-01,9999-12-31
HCP000324,SITE00324,True,2024-01-01,9999-12-31
HCP000325,SITE00325,True,2024-01-01,9999-12-31
HCP000326,SITE00326,True,2024-01-01,9999-12-31
HCP000327,SITE00327,True,2024-01-01,9999-12-31
HCP000328,SITE00328,True,2024-01-01,9999-12-31
HCP000329,SITE00329,True,2024-01-01,9999-12-31
HCP000329,SITE00226,False,2024-01-01,9999-12-31
HCP000330,SITE00330,True,2024-01-01,9999-12-31
HCP000331,SITE00331,True,2024-01-01,9999-12-31
HCP000332,SITE00332,True,2024-01-01,9999-12-31
HCP000333,SITE00333,True,2024-01-01,9999-12-31
HCP000334,SITE00334,True,2024-01-01,9999-12-31
HCP000335,SITE00335,True,2024-01-01,9999-12-31
HCP000336,SITE00336,True,2024-01-01,9999-12-31
HCP000336,SITE00165,False,2024-01-01,9999-12-31
HCP000337,SITE00337,True,2024-01-01,9999-12-31
HCP000338,SITE00338,True,2024-01-01,9999-12-31
HCP000339,SITE00339,True,2024-01-01,9999-12-31
HCP000340,SITE00000,True,2024-01-01,9999-12-31
HCP000341,SITE00001,True,2024-01-01,9999-12-31
HCP000342,SITE00002,True,2024-01-01,9999-12-31
HCP000343,SITE00003,True,2024-01-01,9999-12-31
HCP000344,SITE00004,True,2024-01-01,9999-12-31
HCP000345,SITE00005,True,2024-01-01,9999-12-31
HCP000346,SITE00006,True,2024-01-01,9999-12-31
HCP000347,SITE00007,True,2024-01-01,9999-12-31
HCP000348,SITE00008,True,2024-01-01,9999-12-31
HCP000349,SITE00009,True,2024-01-01,9999-12-31
HCP000349,SITE00003,False,2024-01-01,9999-12-31
HCP000350,SITE00010,True,2024-01-01,9999-12-31
HCP000351,SITE00011,True,2024-01-01,9999-12-31
HCP000352,SITE00012,True,2024-01-01,9999-12-31
HCP000353,SITE00013,True,2024-01-01,9999-12-31
HCP000353,SITE00210,False,2024-01-01,9999-12-31
HCP000354,SITE00014,True,2024-01-01,9999-12-31
HCP000355,SITE00015,True,2024-01-01,9999-12-31
HCP000356,SITE00016,True,2024-01-01,9999-12-31
HCP000357,SITE00017,True,2024-01-01,9999-12-31
HCP000357,SITE00216,False,2024-01-01,9999-12-31
HCP000358,SITE00018,True,2024-01-01,9999-12-31
HCP000359,SITE00019,True,2024-01-01,9999-12-31
HCP000360,SITE00020,True,2024-01-01,9999-12-31
HCP000361,SITE00021,True,2024-01-01,9999-12-31
HCP000361,SITE00201,False,2024-01-01,9999-12-31
HCP000362,SITE00022,True,2024-01-01,9999-12-31
HCP000363,SITE00023,True,2024-01-01,9999-12-31
HCP000364,SITE00024,True,2024-01-01,9999-12-31
HCP000365,SITE00025,True,2024-01-01,9999-12-31
HCP000366,SITE00026,True,2024-01-01,9999-12-31
HCP000367,SITE00027,True,2024-01-01,9999-12-31
HCP000368,SITE00028,True,2024-01-01,9999-12-31
HCP000369,SITE00029,True,2024-01-01,9999-12-31
HCP000370,SITE00030,True,2024-01-01,9999-12-31
HCP000371,SITE00031,True,2024-01-01,9999-12-31
HCP000372,SITE00032,True,2024-01-01,9999-12-31
HCP000373,SITE00033,True,2024-01-01,9999-12-31
HCP000374,SITE00034,True,2024-01-01,9999-12-31
HCP000374,SITE00033,False,2024-01-01,9999-12-31
HCP000375,SITE00035,True,2024-01-01,9999-12-31
HCP000376,SITE00036,True,2024-01-01,9999-12-31
HCP000377,SITE00037,True,2024-01-01,9999-12-31
HCP000377,SITE00063,False,2024-01-01,9999-12-31
HCP000378,SITE00038,True,2024-01-01,9999-12-31
HCP000379,SITE00039,True,2024-01-01,9999-12-31
HCP000380,SITE00040,True,2024-01-01,9999-12-31
HCP000381,SITE00041,True,2024-01-01,9999-12-31
HCP000381,SITE00265,False,2024-01-01,9999-12-31
HCP000382,SITE00042,True,2024-01-01,9999-12-31
HCP000383,SITE00043,True,2024-01-01,9999-12-31
HCP000384,SITE00044,True,2024-01-01,9999-12-31
HCP000385,SITE00045,True,2024-01-01,9999-12-31
HCP000386,SITE00046,True,2024-01-01,9999-12-31
HCP000387,SITE00047,True,2024-01-01,9999-12-31
HCP000388,SITE00048,True,2024-01-01,9999-12-31
HCP000389,SITE00049,True,2024-01-01,9999-12-31
HCP000390,SITE00050,True,2024-01-01,9999-12-31
HCP000390,SITE00047,False,2024-01-01,9999-12-31
HCP000391,SITE00051,True,2024-01-01,9999-12-31
HCP000392,SITE00052,True,2024-01-01,9999-12-31
HCP000393,SITE00053,True,2024-01-01,9999-12-31
HCP000394,SITE00054,True,2024-01-01,9999-12-31
HCP000395,SITE00055,True,2024-01-01,9999-12-31
HCP000396,SITE00056,True,2024-01-01,9999-12-31
HCP000396,SITE00009,False,2024-01-01,9999-12-31
HCP000397,SITE00057,True,2024-01-01,9999-12-31
HCP000398,SITE00058,True,2024-01-01,9999-12-31
HCP000399,SITE00059,True,2024-01-01,9999-12-31
HCP000400,SITE00060,True,2024-01-01,9999-12-31
HCP000401,SITE00061,True,2024-01-01,9999-12-31
HCP000402,SITE00062,True,2024-01-01,9999-12-31
HCP000403,SITE00063,True,2024-01-01,9999-12-31
HCP000404,SITE00064,True,2024-01-01,9999-12-31
HCP000405,SITE00065,True,2024-01-01,9999-12-31
HCP000406,SITE00066,True,2024-01-01,9999-12-31
HCP000407,SITE00067,True,2024-01-01,9999-12-31
HCP000408,SITE00068,True,2024-01-01,9999-12-31
HCP000409,SITE00069,True,2024-01-01,9999-12-31
HCP000410,SITE00070,True,2024-01-01,9999-12-31
HCP000411,SITE00071,True,2024-01-01,9999-12-31
HCP000412,SITE00072,True,2024-01-01,9999-12-31
HCP000413,SITE00073,True,2024-01-01,9999-12-31
HCP000414,SITE00074,True,2024-01-01,9999-12-31
HCP000415,SITE00075,True,2024-01-01,9999-12-31
HCP000416,SITE00076,True,2024-01-01,9999-12-31
HCP000417,SITE00077,True,2024-01-01,9999-12-31
HCP000418,SITE00078,True,2024-01-01,9999-12-31
HCP000419,SITE00079,True,2024-01-01,9999-12-31
HCP000420,SITE00080,True,2024-01-01,9999-12-31
HCP000421,SITE00081,True,2024-01-01,9999-12-31
HCP000422,SITE00082,True,2024-01-01,9999-12-31
HCP000423,SITE00083,True,2024-01-01,9999-12-31
HCP000424,SITE00084,True,2024-01-01,9999-12-31
HCP000425,SITE00085,True,2024-01-01,9999-12-31
HCP000426,SITE00086,True,2024-01-01,9999-12-31
HCP000427,SITE00087,True,2024-01-01,9999-12-31
HCP000428,SITE00088,True,2024-01-01,9999-12-31
HCP000429,SITE00089,True,2024-01-01,9999-12-31
HCP000430,SITE00090,True,2024-01-01,9999-12-31
HCP000431,SITE00091,True,2024-01-01,9999-12-31
HCP000432,SITE00092,True,2024-01-01,9999-12-31
HCP000433,SITE00093,True,2024-01-01,9999-12-31
HCP000434,SITE00094,True,2024-01-01,9999-12-31
HCP000435,SITE00095,True,2024-01-01,9999-12-31
HCP000435,SITE00318,False,2024-01-01,9999-12-31
HCP000436,SITE00096,True,2024-01-01,9999-12-31
HCP000437,SITE00097,True,2024-01-01,9999-12-31
HCP000438,SITE00098,True,2024-01-01,9999-12-31
HCP000439,SITE00099,True,2024-01-01,9999-12-31
HCP000440,SITE00100,True,2024-01-01,9999-12-31
HCP000441,SITE00101,True,2024-01-01,9999-12-31
HCP000442,SITE00102,True,2024-01-01,9999-12-31
HCP000443,SITE00103,True,2024-01-01,9999-12-31
HCP000444,SITE00104,True,2024-01-01,9999-12-31
HCP000444,SITE00148,False,2024-01-01,9999-12-31
HCP000445,SITE00105,True,2024-01-01,9999-12-31
HCP000446,SITE00106,True,2024-01-01,9999-12-31
HCP000447,SITE00107,True,2024-01-01,9999-12-31
HCP000448,SITE00108,True,2024-01-01,9999-12-31
HCP000449,SITE00109,True,2024-01-01,9999-12-31
HCP000450,SITE00110,True,2024-01-01,9999-12-31
HCP000451,SITE00111,True,2024-01-01,9999-12-31
HCP000452,SITE00112,True,2024-01-01,9999-12-31
HCP000453,SITE00113,True,2024-01-01,9999-12-31
HCP000454,SITE00114,True,2024-01-01,9999-12-31
HCP000455,SITE00115,True,2024-01-01,9999-12-31
HCP000456,SITE00116,True,2024-01-01,9999-12-31
HCP000457,SITE00117,True,2024-01-01,9999-12-31
HCP000458,SITE00118,True,2024-01-01,9999-12-31
HCP000458,SITE00112,False,2024-01-01,9999-12-31
HCP000459,SITE00119,True,2024-01-01,9999-12-31
HCP000460,SITE00120,True,2024-01-01,9999-12-31
HCP000461,SITE00121,True,2024-01-01,9999-12-31
HCP000462,SITE00122,True,2024-01-01,9999-12-31
HCP000463,SITE00123,True,2024-01-01,9999-12-31
HCP000464,SITE00124,True,2024-01-01,9999-12-31
HCP000465,SITE00125,True,2024-01-01,9999-12-31
HCP000466,SITE00126,True,2024-01-01,9999-12-31
HCP000467,SITE00127,True,2024-01-01,9999-12-31
HCP000468,SITE00128,True,2024-01-01,9999-12-31
HCP000469,SITE00129,True,2024-01-01,9999-12-31
HCP000470,SITE00130,True,2024-01-01,9999-12-31
HCP000471,SITE00131,True,2024-01-01,9999-12-31
HCP000472,SITE00132,True,2024-01-01,9999-12-31
HCP000473,SITE00133,True,2024-01-01,9999-12-31
HCP000474,SITE00134,True,2024-01-01,9999-12-31
HCP000475,SITE00135,True,2024-01-01,9999-12-31
HCP000476,SITE00136,True,2024-01-01,9999-12-31
HCP000477,SITE00137,True,2024-01-01,9999-12-31
HCP000478,SITE00138,True,2024-01-01,9999-12-31
HCP000478,SITE00129,False,2024-01-01,9999-12-31
HCP000479,SITE00139,True,2024-01-01,9999-12-31
HCP000480,SITE00140,True,2024-01-01,9999-12-31
HCP000481,SITE00141,True,2024-01-01,9999-12-31
HCP000482,SITE00142,True,2024-01-01,9999-12-31
HCP000483,SITE00143,True,2024-01-01,9999-12-31
HCP000484,SITE00144,True,2024-01-01,9999-12-31
HCP000485,SITE00145,True,2024-01-01,9999-12-31
HCP000486,SITE00146,True,2024-01-01,9999-12-31
HCP000487,SITE00147,True,2024-01-01,9999-12-31
HCP000488,SITE00148,True,2024-01-01,9999-12-31
HCP000489,SITE00149,True,2024-01-01,9999-12-31
HCP000490,SITE00150,True,2024-01-01,9999-12-31
HCP000491,SITE00151,True,2024-01-01,9999-12-31
HCP000492,SITE00152,True,2024-01-01,9999-12-31
HCP000493,SITE00153,True,2024-01-01,9999-12-31
HCP000494,SITE00154,True,2024-01-01,9999-12-31
HCP000495,SITE00155,True,2024-01-01,9999-12-31
HCP000496,SITE00156,True,2024-01-01,9999-12-31
HCP000497,SITE00157,True,2024-01-01,9999-12-31
HCP000498,SITE00158,True,2024-01-01,9999-12-31
HCP000499,SITE00159,True,2024-01-01,9999-12-31
HCP000500,SITE00160,True,2024-01-01,9999-12-31
HCP000501,SITE00161,True,2024-01-01,9999-12-31
HCP000502,SITE00162,True,2024-01-01,9999-12-31
HCP000503,SITE00163,True,2024-01-01,9999-12-31
HCP000504,SITE00164,True,2024-01-01,9999-12-31
HCP000505,SITE00165,True,2024-01-01,9999-12-31
HCP000505,SITE00018,False,2024-01-01,9999-12-31
HCP000506,SITE00166,True,2024-01-01,9999-12-31
HCP000507,SITE00167,True,2024-01-01,9999-12-31
HCP000508,SITE00168,True,2024-01-01,9999-12-31
HCP000509,SITE00169,True,2024-01-01,9999-12-31
HCP000510,SITE00170,True,2024-01-01,9999-12-31
HCP000511,SITE00171,True,2024-01-01,9999-12-31
HCP000512,SITE00172,True,2024-01-01,9999-12-31
HCP000513,SITE00173,True,2024-01-01,9999-12-31
HCP000513,SITE00045,False,2024-01-01,9999-12-31
HCP000514,SITE00174,True,2024-01-01,9999-12-31
HCP000515,SITE00175,True,2024-01-01,9999-12-31
HCP000516,SITE00176,True,2024-01-01,9999-12-31
HCP000517,SITE00177,True,2024-01-01,9999-12-31
HCP000518,SITE00178,True,2024-01-01,9999-12-31
HCP000519,SITE00179,True,2024-01-01,9999-12-31
HCP000520,SITE00180,True,2024-01-01,9999-12-31
HCP000521,SITE00181,True,2024-01-01,9999-12-31
HCP000522,SITE00182,True,2024-01-01,9999-12-31
HCP000523,SITE00183,True,2024-01-01,9999-12-31
HCP000524,SITE00184,True,2024-01-01,9999-12-31
HCP000525,SITE00185,True,2024-01-01,9999-12-31
HCP000526,SITE00186,True,2024-01-01,9999-12-31
HCP000527,SITE00187,True,2024-01-01,9999-12-31
HCP000528,SITE00188,True,2024-01-01,9999-12-31
HCP000529,SITE00189,True,2024-01-01,9999-12-31
HCP000530,SITE00190,True,2024-01-01,9999-12-31
HCP000531,SITE00191,True,2024-01-01,9999-12-31
HCP000532,SITE00192,True,2024-01-01,9999-12-31
HCP000533,SITE00193,True,2024-01-01,9999-12-31
HCP000534,SITE00194,True,2024-01-01,9999-12-31
HCP000535,SITE00195,True,2024-01-01,9999-12-31
HCP000536,SITE00196,True,2024-01-01,9999-12-31
HCP000536,SITE00321,False,2024-01-01,9999-12-31
HCP000537,SITE00197,True,2024-01-01,9999-12-31
HCP000538,SITE00198,True,2024-01-01,9999-12-31
HCP000539,SITE00199,True,2024-01-01,9999-12-31
HCP000540,SITE00200,True,2024-01-01,9999-12-31
HCP000541,SITE00201,True,2024-01-01,9999-12-31
HCP000542,SITE00202,True,2024-01-01,9999-12-31
HCP000543,SITE00203,True,2024-01-01,9999-12-31
HCP000544,SITE00204,True,2024-01-01,9999-12-31
HCP000545,SITE00205,True,2024-01-01,9999-12-31
HCP000546,SITE00206,True,2024-01-01,9999-12-31
HCP000547,SITE00207,True,2024-01-01,9999-12-31
HCP000548,SITE00208,True,2024-01-01,9999-12-31
HCP000549,SITE00209,True,2024-01-01,9999-12-31
HCP000550,SITE00210,True,2024-01-01,9999-12-31
HCP000551,SITE00211,True,2024-01-01,9999-12-31
HCP000552,SITE00212,True,2024-01-01,9999-12-31
HCP000553,SITE00213,True,2024-01-01,9999-12-31
HCP000554,SITE00214,True,2024-01-01,9999-12-31
HCP000555,SITE00215,True,2024-01-01,9999-12-31
HCP000556,SITE00216,True,2024-01-01,9999-12-31
HCP000557,SITE00217,True,2024-01-01,9999-12-31
HCP000558,SITE00218,True,2024-01-01,9999-12-31
HCP000558,SITE00234,False,2024-01-01,9999-12-31
HCP000559,SITE00219,True,2024-01-01,9999-12-31
HCP000560,SITE00220,True,2024-01-01,9999-12-31
HCP000561,SITE00221,True,2024-01-01,9999-12-31
HCP000562,SITE00222,True,2024-01-01,9999-12-31
HCP000563,SITE00223,True,2024-01-01,9999-12-31
HCP000564,SITE00224,True,2024-01-01,9999-12-31
HCP000565,SITE00225,True,2024-01-01,9999-12-31
HCP000566,SITE00226,True,2024-01-01,9999-12-31
HCP000567,SITE00227,True,2024-01-01,9999-12-31
HCP000568,SITE00228,True,2024-01-01,9999-12-31
HCP000569,SITE00229,True,2024-01-01,9999-12-31
HCP000570,SITE00230,True,2024-01-01,9999-12-31
HCP000571,SITE00231,True,2024-01-01,9999-12-31
HCP000572,SITE00232,True,2024-01-01,9999-12-31
HCP000573,SITE00233,True,2024-01-01,9999-12-31
HCP000574,SITE00234,True,2024-01-01,9999-12-31
HCP000575,SITE00235,True,2024-01-01,9999-12-31
HCP000576,SITE00236,True,2024-01-01,9999-12-31
HCP000577,SITE00237,True,2024-01-01,9999-12-31
HCP000578,SITE00238,True,2024-01-01,9999-12-31
HCP000579,SITE00239,True,2024-01-01,9999-12-31
HCP000580,SITE00240,True,2024-01-01,9999-12-31
HCP000581,SITE00241,True,2024-01-01,9999-12-31
HCP000582,SITE00242,True,2024-01-01,9999-12-31
HCP000583,SITE00243,True,2024-01-01,9999-12-31
HCP000584,SITE00244,True,2024-01-01,9999-12-31
HCP000585,SITE00245,True,2024-01-01,9999-12-31
HCP000586,SITE00246,True,2024-01-01,9999-12-31
HCP000587,SITE00247,True,2024-01-01,9999-12-31
HCP000588,SITE00248,True,2024-01-01,9999-12-31
HCP000589,SITE00249,True,2024-01-01,9999-12-31
HCP000590,SITE00250,True,2024-01-01,9999-12-31
HCP000590,SITE00251,False,2024-01-01,9999-12-31
HCP000591,SITE00251,True,2024-01-01,9999-12-31
HCP000592,SITE00252,True,2024-01-01,9999-12-31
HCP000593,SITE00253,True,2024-01-01,9999-12-31
HCP000593,SITE00286,False,2024-01-01,9999-12-31
HCP000594,SITE00254,True,2024-01-01,9999-12-31
HCP000595,SITE00255,True,2024-01-01,9999-12-31
HCP000596,SITE00256,True,2024-01-01,9999-12-31
HCP000597,SITE00257,True,2024-01-01,9999-12-31
HCP000598,SITE00258,True,2024-01-01,9999-12-31
HCP000599,SITE00259,True,2024-01-01,9999-12-31
HCP000599,SITE00260,False,2024-01-01,9999-12-31
HCP000600,SITE00260,True,2024-01-01,9999-12-31
HCP000601,SITE00261,True,2024-01-01,9999-12-31
HCP000602,SITE00262,True,2024-01-01,9999-12-31
HCP000603,SITE00263,True,2024-01-01,9999-12-31
HCP000604,SITE00264,True,2024-01-01,9999-12-31
HCP000605,SITE00265,True,2024-01-01,9999-12-31
HCP000606,SITE00266,True,2024-01-01,9999-12-31
HCP000607,SITE00267,True,2024-01-01,9999-12-31
HCP000608,SITE00268,True,2024-01-01,9999-12-31
HCP000609,SITE00269,True,2024-01-01,9999-12-31
HCP000610,SITE00270,True,2024-01-01,9999-12-31
HCP000611,SITE00271,True,2024-01-01,9999-12-31
HCP000612,SITE00272,True,2024-01-01,9999-12-31
HCP000613,SITE00273,True,2024-01-01,9999-12-31
HCP000614,SITE00274,True,2024-01-01,9999-12-31
HCP000615,SITE00275,True,2024-01-01,9999-12-31
HCP000616,SITE00276,True,2024-01-01,9999-12-31
HCP000617,SITE00277,True,2024-01-01,9999-12-31
HCP000618,SITE00278,True,2024-01-01,9999-12-31
HCP000619,SITE00279,True,2024-01-01,9999-12-31
HCP000620,SITE00280,True,2024-01-01,9999-12-31
HCP000621,SITE00281,True,2024-01-01,9999-12-31
HCP000622,SITE00282,True,2024-01-01,9999-12-31
HCP000623,SITE00283,True,2024-01-01,9999-12-31
HCP000624,SITE00284,True,2024-01-01,9999-12-31
HCP000625,SITE00285,True,2024-01-01,9999-12-31
HCP000626,SITE00286,True,2024-01-01,9999-12-31
HCP000627,SITE00287,True,2024-01-01,9999-12-31
HCP000628,SITE00288,True,2024-01-01,9999-12-31
HCP000629,SITE00289,True,2024-01-01,9999-12-31
HCP000630,SITE00290,True,2024-01-01,9999-12-31
HCP000631,SITE00291,True,2024-01-01,9999-12-31
HCP000632,SITE00292,True,2024-01-01,9999-12-31
HCP000633,SITE00293,True,2024-01-01,9999-12-31
HCP000634,SITE00294,True,2024-01-01,9999-12-31
HCP000634,SITE00244,False,2024-01-01,9999-12-31
HCP000635,SITE00295,True,2024-01-01,9999-12-31
HCP000636,SITE00296,True,2024-01-01,9999-12-31
HCP000637,SITE00297,True,2024-01-01,9999-12-31
HCP000638,SITE00298,True,2024-01-01,9999-12-31
HCP000639,SITE00299,True,2024-01-01,9999-12-31
HCP000640,SITE00300,True,2024-01-01,9999-12-31
HCP000641,SITE00301,True,2024-01-01,9999-12-31
HCP000642,SITE00302,True,2024-01-01,9999-12-31
HCP000643,SITE00303,True,2024-01-01,9999-12-31
HCP000644,SITE00304,True,2024-01-01,9999-12-31
HCP000645,SITE00305,True,2024-01-01,9999-12-31
HCP000646,SITE00306,True,2024-01-01,9999-12-31
HCP000647,SITE00307,True,2024-01-01,9999-12-31
HCP000647,SITE00212,False,2024-01-01,9999-12-31
HCP000648,SITE00308,True,2024-01-01,9999-12-31
HCP000649,SITE00309,True,2024-01-01,9999-12-31
HCP000650,SITE00310,True,2024-01-01,9999-12-31
HCP000651,SITE00311,True,2024-01-01,9999-12-31
HCP000652,SITE00312,True,2024-01-01,9999-12-31
HCP000653,SITE00313,True,2024-01-01,9999-12-31
HCP000654,SITE00314,True,2024-01-01,9999-12-31
HCP000655,SITE00315,True,2024-01-01,9999-12-31
HCP000656,SITE00316,True,2024-01-01,9999-12-31
HCP000657,SITE00317,True,2024-01-01,9999-12-31
HCP000658,SITE00318,True,2024-01-01,9999-12-31
HCP000658,SITE00038,False,2024-01-01,9999-12-31
HCP000659,SITE00319,True,2024-01-01,9999-12-31
HCP000660,SITE00320,True,2024-01-01,9999-12-31
HCP000661,SITE00321,True,2024-01-01,9999-12-31
HCP000662,SITE00322,True,2024-01-01,9999-12-31
HCP000663,SITE00323,True,2024-01-01,9999-12-31
HCP000664,SITE00324,True,2024-01-01,9999-12-31
HCP000665,SITE00325,True,2024-01-01,9999-12-31
HCP000666,SITE00326,True,2024-01-01,9999-12-31
HCP000667,SITE00327,True,2024-01-01,9999-12-31
HCP000668,SITE00328,True,2024-01-01,9999-12-31
HCP000669,SITE00329,True,2024-01-01,9999-12-31
HCP000670,SITE00330,True,2024-01-01,9999-12-31
HCP000670,SITE00245,False,2024-01-01,9999-12-31
HCP000671,SITE00331,True,2024-01-01,9999-12-31
HCP000672,SITE00332,True,2024-01-01,9999-12-31
HCP000673,SITE00333,True,2024-01-01,9999-12-31
HCP000674,SITE00334,True,2024-01-01,9999-12-31
HCP000675,SITE00335,True,2024-01-01,9999-12-31
HCP000676,SITE00336,True,2024-01-01,9999-12-31
HCP000677,SITE00337,True,2024-01-01,9999-12-31
HCP000678,SITE00338,True,2024-01-01,9999-12-31
HCP000679,SITE00339,True,2024-01-01,9999-12-31
HCP000679,SITE00287,False,2024-01-01,9999-12-31
HCP000680,SITE00000,True,2024-01-01,9999-12-31
HCP000680,SITE00338,False,2024-01-01,9999-12-31
HCP000681,SITE00001,True,2024-01-01,9999-12-31
HCP000682,SITE00002,True,2024-01-01,9999-12-31
HCP000683,SITE00003,True,2024-01-01,9999-12-31
HCP000684,SITE00004,True,2024-01-01,9999-12-31
HCP000685,SITE00005,True,2024-01-01,9999-12-31
HCP000686,SITE00006,True,2024-01-01,9999-12-31
HCP000687,SITE00007,True,2024-01-01,9999-12-31
HCP000688,SITE00008,True,2024-01-01,9999-12-31
HCP000689,SITE00009,True,2024-01-01,9999-12-31
HCP000690,SITE00010,True,2024-01-01,9999-12-31
HCP000690,SITE00062,False,2024-01-01,9999-12-31
HCP000691,SITE00011,True,2024-01-01,9999-12-31
HCP000692,SITE00012,True,2024-01-01,9999-12-31
HCP000693,SITE00013,True,2024-01-01,9999-12-31
HCP000694,SITE00014,True,2024-01-01,9999-12-31
HCP000694,SITE00003,False,2024-01-01,9999-12-31
HCP000695,SITE00015,True,2024-01-01,9999-12-31
HCP000696,SITE00016,True,2024-01-01,9999-12-31
HCP000697,SITE00017,True,2024-01-01,9999-12-31
HCP000698,SITE00018,True,2024-01-01,9999-12-31
HCP000699,SITE00019,True,2024-01-01,9999-12-31
HCP000700,SITE00020,True,2024-01-01,9999-12-31
HCP000701,SITE00021,True,2024-01-01,9999-12-31
HCP000702,SITE00022,True,2024-01-01,9999-12-31
HCP000703,SITE00023,True,2024-01-01,9999-12-31
HCP000704,SITE00024,True,2024-01-01,9999-12-31
HCP000705,SITE00025,True,2024-01-01,9999-12-31
HCP000706,SITE00026,True,2024-01-01,9999-12-31
HCP000707,SITE00027,True,2024-01-01,9999-12-31
HCP000708,SITE00028,True,2024-01-01,9999-12-31
HCP000709,SITE00029,True,2024-01-01,9999-12-31
HCP000710,SITE00030,True,2024-01-01,9999-12-31
HCP000711,SITE00031,True,2024-01-01,9999-12-31
HCP000711,SITE00193,False,2024-01-01,9999-12-31
HCP000712,SITE00032,True,2024-01-01,9999-12-31
HCP000713,SITE00033,True,2024-01-01,9999-12-31
HCP000714,SITE00034,True,2024-01-01,9999-12-31
HCP000715,SITE00035,True,2024-01-01,9999-12-31
HCP000716,SITE00036,True,2024-01-01,9999-12-31
HCP000717,SITE00037,True,2024-01-01,9999-12-31
HCP000718,SITE00038,True,2024-01-01,9999-12-31
HCP000719,SITE00039,True,2024-01-01,9999-12-31
HCP000720,SITE00040,True,2024-01-01,9999-12-31
HCP000721,SITE00041,True,2024-01-01,9999-12-31
HCP000721,SITE00205,False,2024-01-01,9999-12-31
HCP000722,SITE00042,True,2024-01-01,9999-12-31
HCP000723,SITE00043,True,2024-01-01,9999-12-31
HCP000724,SITE00044,True,2024-01-01,9999-12-31
HCP000725,SITE00045,True,2024-01-01,9999-12-31
HCP000726,SITE00046,True,2024-01-01,9999-12-31
HCP000727,SITE00047,True,2024-01-01,9999-12-31
HCP000728,SITE00048,True,2024-01-01,9999-12-31
HCP000729,SITE00049,True,2024-01-01,9999-12-31
HCP000730,SITE00050,True,2024-01-01,9999-12-31
HCP000731,SITE00051,True,2024-01-01,9999-12-31
HCP000731,SITE00288,False,2024-01-01,9999-12-31
HCP000732,SITE00052,True,2024-01-01,9999-12-31
HCP000733,SITE00053,True,2024-01-01,9999-12-31
HCP000733,SITE00283,False,2024-01-01,9999-12-31
HCP000734,SITE00054,True,2024-01-01,9999-12-31
HCP000735,SITE00055,True,2024-01-01,9999-12-31
HCP000736,SITE00056,True,2024-01-01,9999-12-31
HCP000737,SITE00057,True,2024-01-01,9999-12-31
HCP000738,SITE00058,True,2024-01-01,9999-12-31
HCP000739,SITE00059,True,2024-01-01,9999-12-31
HCP000740,SITE00060,True,2024-01-01,9999-12-31
HCP000741,SITE00061,True,2024-01-01,9999-12-31
HCP000742,SITE00062,True,2024-01-01,9999-12-31
HCP000743,SITE00063,True,2024-01-01,9999-12-31
HCP000744,SITE00064,True,2024-01-01,9999-12-31
HCP000745,SITE00065,True,2024-01-01,9999-12-31
HCP000746,SITE00066,True,2024-01-01,9999-12-31
HCP000746,SITE00083,False,2024-01-01,9999-12-31
HCP000747,SITE00067,True,2024-01-01,9999-12-31
HCP000748,SITE00068,True,2024-01-01,9999-12-31
HCP000749,SITE00069,True,2024-01-01,9999-12-31
HCP000750,SITE00070,True,2024-01-01,9999-12-31
HCP000751,SITE00071,True,2024-01-01,9999-12-31
HCP000752,SITE00072,True,2024-01-01,9999-12-31
HCP000753,SITE00073,True,2024-01-01,9999-12-31
HCP000754,SITE00074,True,2024-01-01,9999-12-31
HCP000755,SITE00075,True,2024-01-01,9999-12-31
HCP000756,SITE00076,True,2024-01-01,9999-12-31
HCP000757,SITE00077,True,2024-01-01,9999-12-31
HCP000758,SITE00078,True,2024-01-01,9999-12-31
HCP000759,SITE00079,True,2024-01-01,9999-12-31
HCP000760,SITE00080,True,2024-01-01,9999-12-31
HCP000761,SITE00081,True,2024-01-01,9999-12-31
HCP000762,SITE00082,True,2024-01-01,9999-12-31
HCP000762,SITE00107,False,2024-01-01,9999-12-31
HCP000763,SITE00083,True,2024-01-01,9999-12-31
HCP000764,SITE00084,True,2024-01-01,9999-12-31
HCP000765,SITE00085,True,2024-01-01,9999-12-31
HCP000766,SITE00086,True,2024-01-01,9999-12-31
HCP000767,SITE00087,True,2024-01-01,9999-12-31
HCP000768,SITE00088,True,2024-01-01,9999-12-31
HCP000769,SITE00089,True,2024-01-01,9999-12-31
HCP000770,SITE00090,True,2024-01-01,9999-12-31
HCP000771,SITE00091,True,2024-01-01,9999-12-31
HCP000772,SITE00092,True,2024-01-01,9999-12-31
HCP000773,SITE00093,True,2024-01-01,9999-12-31
HCP000774,SITE00094,True,2024-01-01,9999-12-31
HCP000775,SITE00095,True,2024-01-01,9999-12-31
HCP000776,SITE00096,True,2024-01-01,9999-12-31
HCP000777,SITE00097,True,2024-01-01,9999-12-31
HCP000778,SITE00098,True,2024-01-01,9999-12-31
HCP000779,SITE00099,True,2024-01-01,9999-12-31
HCP000780,SITE00100,True,2024-01-01,9999-12-31
HCP000781,SITE00101,True,2024-01-01,9999-12-31
HCP000781,SITE00057,False,2024-01-01,9999-12-31
HCP000782,SITE00102,True,2024-01-01,9999-12-31
HCP000783,SITE00103,True,2024-01-01,9999-12-31
HCP000784,SITE00104,True,2024-01-01,9999-12-31
HCP000785,SITE00105,True,2024-01-01,9999-12-31
HCP000786,SITE00106,True,2024-01-01,9999-12-31
HCP000787,SITE00107,True,2024-01-01,9999-12-31
HCP000787,SITE00136,False,2024-01-01,9999-12-31
HCP000788,SITE00108,True,2024-01-01,9999-12-31
HCP000789,SITE00109,True,2024-01-01,9999-12-31
HCP000790,SITE00110,True,2024-01-01,9999-12-31
HCP000791,SITE00111,True,2024-01-01,9999-12-31
HCP000792,SITE00112,True,2024-01-01,9999-12-31
HCP000793,SITE00113,True,2024-01-01,9999-12-31
HCP000794,SITE00114,True,2024-01-01,9999-12-31
HCP000795,SITE00115,True,2024-01-01,9999-12-31
HCP000796,SITE00116,True,2024-01-01,9999-12-31
HCP000797,SITE00117,True,2024-01-01,9999-12-31
HCP000798,SITE00118,True,2024-01-01,9999-12-31
HCP000799,SITE00119,True,2024-01-01,9999-12-31
HCP000800,SITE00120,True,2024-01-01,9999-12-31
HCP000801,SITE00121,True,2024-01-01,9999-12-31
HCP000802,SITE00122,True,2024-01-01,9999-12-31
HCP000803,SITE00123,True,2024-01-01,9999-12-31
HCP000804,SITE00124,True,2024-01-01,9999-12-31
HCP000805,SITE00125,True,2024-01-01,9999-12-31
HCP000806,SITE00126,True,2024-01-01,9999-12-31
HCP000807,SITE00127,True,2024-01-01,9999-12-31
HCP000808,SITE00128,True,2024-01-01,9999-12-31
HCP000809,SITE00129,True,2024-01-01,9999-12-31
HCP000810,SITE00130,True,2024-01-01,9999-12-31
HCP000811,SITE00131,True,2024-01-01,9999-12-31
HCP000812,SITE00132,True,2024-01-01,9999-12-31
HCP000813,SITE00133,True,2024-01-01,9999-12-31
HCP000814,SITE00134,True,2024-01-01,9999-12-31
HCP000815,SITE00135,True,2024-01-01,9999-12-31
HCP000816,SITE00136,True,2024-01-01,9999-12-31
HCP000817,SITE00137,True,2024-01-01,9999-12-31
HCP000817,SITE00065,False,2024-01-01,9999-12-31
HCP000818,SITE00138,True,2024-01-01,9999-12-31
HCP000819,SITE00139,True,2024-01-01,9999-12-31
HCP000820,SITE00140,True,2024-01-01,9999-12-31
HCP000821,SITE00141,True,2024-01-01,9999-12-31
HCP000822,SITE00142,True,2024-01-01,9999-12-31
HCP000823,SITE00143,True,2024-01-01,9999-12-31
HCP000824,SITE00144,True,2024-01-01,9999-12-31
HCP000825,SITE00145,True,2024-01-01,9999-12-31
HCP000826,SITE00146,True,2024-01-01,9999-12-31
HCP000827,SITE00147,True,2024-01-01,9999-12-31
HCP000828,SITE00148,True,2024-01-01,9999-12-31
HCP000829,SITE00149,True,2024-01-01,9999-12-31
HCP000830,SITE00150,True,2024-01-01,9999-12-31
HCP000831,SITE00151,True,2024-01-01,9999-12-31
HCP000832,SITE00152,True,2024-01-01,9999-12-31
HCP000833,SITE00153,True,2024-01-01,9999-12-31
HCP000834,SITE00154,True,2024-01-01,9999-12-31
HCP000835,SITE00155,True,2024-01-01,9999-12-31
HCP000836,SITE00156,True,2024-01-01,9999-12-31
HCP000836,SITE00140,False,2024-01-01,9999-12-31
HCP000837,SITE00157,True,2024-01-01,9999-12-31
HCP000837,SITE00121,False,2024-01-01,9999-12-31
HCP000838,SITE00158,True,2024-01-01,9999-12-31
HCP000839,SITE00159,True,2024-01-01,9999-12-31
HCP000840,SITE00160,True,2024-01-01,9999-12-31
HCP000841,SITE00161,True,2024-01-01,9999-12-31
HCP000842,SITE00162,True,2024-01-01,9999-12-31
HCP000843,SITE00163,True,2024-01-01,9999-12-31
HCP000844,SITE00164,True,2024-01-01,9999-12-31
HCP000845,SITE00165,True,2024-01-01,9999-12-31
HCP000846,SITE00166,True,2024-01-01,9999-12-31
HCP000847,SITE00167,True,2024-01-01,9999-12-31
HCP000848,SITE00168,True,2024-01-01,9999-12-31
HCP000849,SITE00169,True,2024-01-01,9999-12-31
HCP000850,SITE00170,True,2024-01-01,9999-12-31
HCP000851,SITE00171,True,2024-01-01,9999-12-31
HCP000852,SITE00172,True,2024-01-01,9999-12-31
HCP000853,SITE00173,True,2024-01-01,9999-12-31
HCP000854,SITE00174,True,2024-01-01,9999-12-31
HCP000855,SITE00175,True,2024-01-01,9999-12-31
HCP000856,SITE00176,True,2024-01-01,9999-12-31
HCP000857,SITE00177,True,2024-01-01,9999-12-31
HCP000858,SITE00178,True,2024-01-01,9999-12-31
HCP000859,SITE00179,True,2024-01-01,9999-12-31
HCP000860,SITE00180,True,2024-01-01,9999-12-31
HCP000861,SITE00181,True,2024-01-01,9999-12-31
HCP000861,SITE00210,False,2024-01-01,9999-12-31
HCP000862,SITE00182,True,2024-01-01,9999-12-31
HCP000863,SITE00183,True,2024-01-01,9999-12-31
HCP000864,SITE00184,True,2024-01-01,9999-12-31
HCP000865,SITE00185,True,2024-01-01,9999-12-31
HCP000866,SITE00186,True,2024-01-01,9999-12-31
HCP000867,SITE00187,True,2024-01-01,9999-12-31
HCP000868,SITE00188,True,2024-01-01,9999-12-31
HCP000869,SITE00189,True,2024-01-01,9999-12-31
HCP000870,SITE00190,True,2024-01-01,9999-12-31
HCP000871,SITE00191,True,2024-01-01,9999-12-31
HCP000872,SITE00192,True,2024-01-01,9999-12-31
HCP000873,SITE00193,True,2024-01-01,9999-12-31
HCP000874,SITE00194,True,2024-01-01,9999-12-31
HCP000875,SITE00195,True,2024-01-01,9999-12-31
HCP000875,SITE00090,False,2024-01-01,9999-12-31
HCP000876,SITE00196,True,2024-01-01,9999-12-31
HCP000877,SITE00197,True,2024-01-01,9999-12-31
HCP000878,SITE00198,True,2024-01-01,9999-12-31
HCP000879,SITE00199,True,2024-01-01,9999-12-31
HCP000880,SITE00200,True,2024-01-01,9999-12-31
HCP000881,SITE00201,True,2024-01-01,9999-12-31
HCP000882,SITE00202,True,2024-01-01,9999-12-31
HCP000883,SITE00203,True,2024-01-01,9999-12-31
HCP000884,SITE00204,True,2024-01-01,9999-12-31
HCP000885,SITE00205,True,2024-01-01,9999-12-31
HCP000886,SITE00206,True,2024-01-01,9999-12-31
HCP000887,SITE00207,True,2024-01-01,9999-12-31
HCP000888,SITE00208,True,2024-01-01,9999-12-31
HCP000889,SITE00209,True,2024-01-01,9999-12-31
HCP000890,SITE00210,True,2024-01-01,9999-12-31
HCP000891,SITE00211,True,2024-01-01,9999-12-31
HCP000892,SITE00212,True,2024-01-01,9999-12-31
HCP000893,SITE00213,True,2024-01-01,9999-12-31
HCP000894,SITE00214,True,2024-01-01,9999-12-31
HCP000895,SITE00215,True,2024-01-01,9999-12-31
HCP000896,SITE00216,True,2024-01-01,9999-12-31
HCP000897,SITE00217,True,2024-01-01,9999-12-31
HCP000898,SITE00218,True,2024-01-01,9999-12-31
HCP000899,SITE00219,True,2024-01-01,9999-12-31
HCP000900,SITE00220,True,2024-01-01,9999-12-31
HCP000901,SITE00221,True,2024-01-01,9999-12-31
HCP000902,SITE00222,True,2024-01-01,9999-12-31
HCP000903,SITE00223,True,2024-01-01,9999-12-31
HCP000904,SITE00224,True,2024-01-01,9999-12-31
HCP000904,SITE00259,False,2024-01-01,9999-12-31
HCP000905,SITE00225,True,2024-01-01,9999-12-31
HCP000906,SITE00226,True,2024-01-01,9999-12-31
HCP000907,SITE00227,True,2024-01-01,9999-12-31
HCP000908,SITE00228,True,2024-01-01,9999-12-31
HCP000909,SITE00229,True,2024-01-01,9999-12-31
HCP000910,SITE00230,True,2024-01-01,9999-12-31
HCP000911,SITE00231,True,2024-01-01,9999-12-31
HCP000912,SITE00232,True,2024-01-01,9999-12-31
HCP000913,SITE00233,True,2024-01-01,9999-12-31
HCP000914,SITE00234,True,2024-01-01,9999-12-31
HCP000914,SITE00188,False,2024-01-01,9999-12-31
HCP000915,SITE00235,True,2024-01-01,9999-12-31
HCP000916,SITE00236,True,2024-01-01,9999-12-31
HCP000917,SITE00237,True,2024-01-01,9999-12-31
HCP000918,SITE00238,True,2024-01-01,9999-12-31
HCP000919,SITE00239,True,2024-01-01,9999-12-31
HCP000920,SITE00240,True,2024-01-01,9999-12-31
HCP000921,SITE00241,True,2024-01-01,9999-12-31
HCP000922,SITE00242,True,2024-01-01,9999-12-31
HCP000923,SITE00243,True,2024-01-01,9999-12-31
HCP000924,SITE00244,True,2024-01-01,9999-12-31
HCP000925,SITE00245,True,2024-01-01,9999-12-31
HCP000926,SITE00246,True,2024-01-01,9999-12-31
HCP000927,SITE00247,True,2024-01-01,9999-12-31
HCP000927,SITE00173,False,2024-01-01,9999-12-31
HCP000928,SITE00248,True,2024-01-01,9999-12-31
HCP000928,SITE00049,False,2024-01-01,9999-12-31
HCP000929,SITE00249,True,2024-01-01,9999-12-31
HCP000930,SITE00250,True,2024-01-01,9999-12-31
HCP000931,SITE00251,True,2024-01-01,9999-12-31
HCP000932,SITE00252,True,2024-01-01,9999-12-31
HCP000933,SITE00253,True,2024-01-01,9999-12-31
HCP000934,SITE00254,True,2024-01-01,9999-12-31
HCP000935,SITE00255,True,2024-01-01,9999-12-31
HCP000936,SITE00256,True,2024-01-01,9999-12-31
HCP000937,SITE00257,True,2024-01-01,9999-12-31
HCP000938,SITE00258,True,2024-01-01,9999-12-31
HCP000939,SITE00259,True,2024-01-01,9999-12-31
HCP000940,SITE00260,True,2024-01-01,9999-12-31
HCP000941,SITE00261,True,2024-01-01,9999-12-31
HCP000941,SITE00330,False,2024-01-01,9999-12-31
HCP000942,SITE00262,True,2024-01-01,9999-12-31
HCP000943,SITE00263,True,2024-01-01,9999-12-31
HCP000944,SITE00264,True,2024-01-01,9999-12-31
HCP000945,SITE00265,True,2024-01-01,9999-12-31
HCP000946,SITE00266,True,2024-01-01,9999-12-31
HCP000947,SITE00267,True,2024-01-01,9999-12-31
HCP000948,SITE00268,True,2024-01-01,9999-12-31
HCP000949,SITE00269,True,2024-01-01,9999-12-31
HCP000950,SITE00270,True,2024-01-01,9999-12-31
HCP000951,SITE00271,True,2024-01-01,9999-12-31
HCP000952,SITE00272,True,2024-01-01,9999-12-31
HCP000953,SITE00273,True,2024-01-01,9999-12-31
HCP000954,SITE00274,True,2024-01-01,9999-12-31
HCP000955,SITE00275,True,2024-01-01,9999-12-31
HCP000956,SITE00276,True,2024-01-01,9999-12-31
HCP000957,SITE00277,True,2024-01-01,9999-12-31
HCP000958,SITE00278,True,2024-01-01,9999-12-31
HCP000959,SITE00279,True,2024-01-01,9999-12-31
HCP000960,SITE00280,True,2024-01-01,9999-12-31
HCP000961,SITE00281,True,2024-01-01,9999-12-31
HCP000962,SITE00282,True,2024-01-01,9999-12-31
HCP000963,SITE00283,True,2024-01-01,9999-12-31
HCP000964,SITE00284,True,2024-01-01,9999-12-31
HCP000965,SITE00285,True,2024-01-01,9999-12-31
HCP000966,SITE00286,True,2024-01-01,9999-12-31
HCP000967,SITE00287,True,2024-01-01,9999-12-31
HCP000968,SITE00288,True,2024-01-01,9999-12-31
HCP000969,SITE00289,True,2024-01-01,9999-12-31
HCP000970,SITE00290,True,2024-01-01,9999-12-31
HCP000971,SITE00291,True,2024-01-01,9999-12-31
HCP000971,SITE00148,False,2024-01-01,9999-12-31
HCP000972,SITE00292,True,2024-01-01,9999-12-31
HCP000973,SITE00293,True,2024-01-01,9999-12-31
HCP000974,SITE00294,True,2024-01-01,9999-12-31
HCP000975,SITE00295,True,2024-01-01,9999-12-31
HCP000976,SITE00296,True,2024-01-01,9999-12-31
HCP000977,SITE00297,True,2024-01-01,9999-12-31
HCP000978,SITE00298,True,2024-01-01,9999-12-31
HCP000979,SITE00299,True,2024-01-01,9999-12-31
HCP000979,SITE00173,False,2024-01-01,9999-12-31
HCP000980,SITE00300,True,2024-01-01,9999-12-31
HCP000981,SITE00301,True,2024-01-01,9999-12-31
HCP000982,SITE00302,True,2024-01-01,9999-12-31
HCP000983,SITE00303,True,2024-01-01,9999-12-31
HCP000984,SITE00304,True,2024-01-01,9999-12-31
HCP000985,SITE00305,True,2024-01-01,9999-12-31
HCP000986,SITE00306,True,2024-01-01,9999-12-31
HCP000987,SITE00307,True,2024-01-01,9999-12-31
HCP000988,SITE00308,True,2024-01-01,9999-12-31
HCP000989,SITE00309,True,2024-01-01,9999-12-31
HCP000990,SITE00310,True,2024-01-01,9999-12-31
HCP000991,SITE00311,True,2024-01-01,9999-12-31
HCP000992,SITE00312,True,2024-01-01,9999-12-31
HCP000993,SITE00313,True,2024-01-01,9999-12-31
HCP000994,SITE00314,True,2024-01-01,9999-12-31
HCP000995,SITE00315,True,2024-01-01,9999-12-31
HCP000996,SITE00316,True,2024-01-01,9999-12-31
HCP000997,SITE00317,True,2024-01-01,9999-12-31
HCP000998,SITE00318,True,2024-01-01,9999-12-31
HCP000998,SITE00078,False,2024-01-01,9999-12-31
HCP000999,SITE00319,True,2024-01-01,9999-12-31
HCP001000,SITE00320,True,2024-01-01,9999-12-31
HCP001001,SITE00321,True,2024-01-01,9999-12-31
HCP001002,SITE00322,True,2024-01-01,9999-12-31
HCP001003,SITE00323,True,2024-01-01,9999-12-31
HCP001004,SITE00324,True,2024-01-01,9999-12-31
HCP001005,SITE00325,True,2024-01-01,9999-12-31
HCP001006,SITE00326,True,2024-01-01,9999-12-31
HCP001006,SITE00034,False,2024-01-01,9999-12-31
HCP001007,SITE00327,True,2024-01-01,9999-12-31
HCP001008,SITE00328,True,2024-01-01,9999-12-31
HCP001009,SITE00329,True,2024-01-01,9999-12-31
HCP001010,SITE00330,True,2024-01-01,9999-12-31
HCP001010,SITE00045,False,2024-01-01,9999-12-31
HCP001011,SITE00331,True,2024-01-01,9999-12-31
HCP001012,SITE00332,True,2024-01-01,9999-12-31
HCP001013,SITE00333,True,2024-01-01,9999-12-31
HCP001014,SITE00334,True,2024-01-01,9999-12-31
HCP001015,SITE00335,True,2024-01-01,9999-12-31
HCP001016,SITE00336,True,2024-01-01,9999-12-31
HCP001016,SITE00089,False,2024-01-01,9999-12-31
HCP001017,SITE00337,True,2024-01-01,9999-12-31
HCP001018,SITE00338,True,2024-01-01,9999-12-31
HCP001019,SITE00339,True,2024-01-01,9999-12-31
HCP001020,SITE00000,True,2024-01-01,9999-12-31
HCP001021,SITE00001,True,2024-01-01,9999-12-31
HCP001022,SITE00002,True,2024-01-01,9999-12-31
HCP001023,SITE00003,True,2024-01-01,9999-12-31
HCP001024,SITE00004,True,2024-01-01,9999-12-31
HCP001025,SITE00005,True,2024-01-01,9999-12-31
HCP001026,SITE00006,True,2024-01-01,9999-12-31
HCP001027,SITE00007,True,2024-01-01,9999-12-31
HCP001028,SITE00008,True,2024-01-01,9999-12-31
HCP001029,SITE00009,True,2024-01-01,9999-12-31
HCP001030,SITE00010,True,2024-01-01,9999-12-31
HCP001031,SITE00011,True,2024-01-01,9999-12-31
HCP001032,SITE00012,True,2024-01-01,9999-12-31
HCP001033,SITE00013,True,2024-01-01,9999-12-31
HCP001034,SITE00014,True,2024-01-01,9999-12-31
HCP001035,SITE00015,True,2024-01-01,9999-12-31
HCP001036,SITE00016,True,2024-01-01,9999-12-31
HCP001037,SITE00017,True,2024-01-01,9999-12-31
HCP001038,SITE00018,True,2024-01-01,9999-12-31
HCP001039,SITE00019,True,2024-01-01,9999-12-31
HCP001040,SITE00020,True,2024-01-01,9999-12-31
HCP001041,SITE00021,True,2024-01-01,9999-12-31
HCP001042,SITE00022,True,2024-01-01,9999-12-31
HCP001043,SITE00023,True,2024-01-01,9999-12-31
HCP001044,SITE00024,True,2024-01-01,9999-12-31
HCP001045,SITE00025,True,2024-01-01,9999-12-31
HCP001046,SITE00026,True,2024-01-01,9999-12-31
HCP001047,SITE00027,True,2024-01-01,9999-12-31
HCP001048,SITE00028,True,2024-01-01,9999-12-31
HCP001049,SITE00029,True,2024-01-01,9999-12-31
HCP001050,SITE00030,True,2024-01-01,9999-12-31
HCP001051,SITE00031,True,2024-01-01,9999-12-31
HCP001052,SITE00032,True,2024-01-01,9999-12-31
HCP001053,SITE00033,True,2024-01-01,9999-12-31
HCP001054,SITE00034,True,2024-01-01,9999-12-31
HCP001055,SITE00035,True,2024-01-01,9999-12-31
HCP001056,SITE00036,True,2024-01-01,9999-12-31
HCP001057,SITE00037,True,2024-01-01,9999-12-31
HCP001058,SITE00038,True,2024-01-01,9999-12-31
HCP001059,SITE00039,True,2024-01-01,9999-12-31
HCP001060,SITE00040,True,2024-01-01,9999-12-31
HCP001061,SITE00041,True,2024-01-01,9999-12-31
HCP001062,SITE00042,True,2024-01-01,9999-12-31
HCP001063,SITE00043,True,2024-01-01,9999-12-31
HCP001064,SITE00044,True,2024-01-01,9999-12-31
HCP001065,SITE00045,True,2024-01-01,9999-12-31
HCP001066,SITE00046,True,2024-01-01,9999-12-31
HCP001067,SITE00047,True,2024-01-01,9999-12-31
HCP001068,SITE00048,True,2024-01-01,9999-12-31
HCP001069,SITE00049,True,2024-01-01,9999-12-31
HCP001070,SITE00050,True,2024-01-01,9999-12-31
HCP001071,SITE00051,True,2024-01-01,9999-12-31
HCP001072,SITE00052,True,2024-01-01,9999-12-31
HCP001073,SITE00053,True,2024-01-01,9999-12-31
HCP001074,SITE00054,True,2024-01-01,9999-12-31
HCP001075,SITE00055,True,2024-01-01,9999-12-31
HCP001076,SITE00056,True,2024-01-01,9999-12-31
HCP001077,SITE00057,True,2024-01-01,9999-12-31
HCP001078,SITE00058,True,2024-01-01,9999-12-31
HCP001079,SITE00059,True,2024-01-01,9999-12-31
HCP001080,SITE00060,True,2024-01-01,9999-12-31
HCP001081,SITE00061,True,2024-01-01,9999-12-31
HCP001082,SITE00062,True,2024-01-01,9999-12-31
HCP001083,SITE00063,True,2024-01-01,9999-12-31
HCP001083,SITE00111,False,2024-01-01,9999-12-31
HCP001084,SITE00064,True,2024-01-01,9999-12-31
HCP001085,SITE00065,True,2024-01-01,9999-12-31
HCP001086,SITE00066,True,2024-01-01,9999-12-31
HCP001087,SITE00067,True,2024-01-01,9999-12-31
HCP001088,SITE00068,True,2024-01-01,9999-12-31
HCP001089,SITE00069,True,2024-01-01,9999-12-31
HCP001090,SITE00070,True,2024-01-01,9999-12-31
HCP001091,SITE00071,True,2024-01-01,9999-12-31
HCP001092,SITE00072,True,2024-01-01,9999-12-31
HCP001093,SITE00073,True,2024-01-01,9999-12-31
HCP001094,SITE00074,True,2024-01-01,9999-12-31
HCP001095,SITE00075,True,2024-01-01,9999-12-31
HCP001096,SITE00076,True,2024-01-01,9999-12-31
HCP001097,SITE00077,True,2024-01-01,9999-12-31
HCP001098,SITE00078,True,2024-01-01,9999-12-31
HCP001099,SITE00079,True,2024-01-01,9999-12-31
HCP001100,SITE00080,True,2024-01-01,9999-12-31
HCP001101,SITE00081,True,2024-01-01,9999-12-31
HCP001102,SITE00082,True,2024-01-01,9999-12-31
HCP001103,SITE00083,True,2024-01-01,9999-12-31
HCP001104,SITE00084,True,2024-01-01,9999-12-31
HCP001105,SITE00085,True,2024-01-01,9999-12-31
HCP001106,SITE00086,True,2024-01-01,9999-12-31
HCP001107,SITE00087,True,2024-01-01,9999-12-31
HCP001108,SITE00088,True,2024-01-01,9999-12-31
HCP001109,SITE00089,True,2024-01-01,9999-12-31
HCP001110,SITE00090,True,2024-01-01,9999-12-31
HCP001111,SITE00091,True,2024-01-01,9999-12-31
HCP001112,SITE00092,True,2024-01-01,9999-12-31
HCP001113,SITE00093,True,2024-01-01,9999-12-31
HCP001114,SITE00094,True,2024-01-01,9999-12-31
HCP001115,SITE00095,True,2024-01-01,9999-12-31
HCP001116,SITE00096,True,2024-01-01,9999-12-31
HCP001117,SITE00097,True,2024-01-01,9999-12-31
HCP001118,SITE00098,True,2024-01-01,9999-12-31
HCP001119,SITE00099,True,2024-01-01,9999-12-31
HCP001120,SITE00100,True,2024-01-01,9999-12-31
HCP001121,SITE00101,True,2024-01-01,9999-12-31
HCP001122,SITE00102,True,2024-01-01,9999-12-31
HCP001123,SITE00103,True,2024-01-01,9999-12-31
HCP001124,SITE00104,True,2024-01-01,9999-12-31
HCP001125,SITE00105,True,2024-01-01,9999-12-31
HCP001126,SITE00106,True,2024-01-01,9999-12-31
HCP001127,SITE00107,True,2024-01-01,9999-12-31
HCP001128,SITE00108,True,2024-01-01,9999-12-31
HCP001129,SITE00109,True,2024-01-01,9999-12-31
HCP001130,SITE00110,True,2024-01-01,9999-12-31
HCP001131,SITE00111,True,2024-01-01,9999-12-31
HCP001132,SITE00112,True,2024-01-01,9999-12-31
HCP001133,SITE00113,True,2024-01-01,9999-12-31
HCP001133,SITE00134,False,2024-01-01,9999-12-31
HCP001134,SITE00114,True,2024-01-01,9999-12-31
HCP001135,SITE00115,True,2024-01-01,9999-12-31
HCP001136,SITE00116,True,2024-01-01,9999-12-31
HCP001137,SITE00117,True,2024-01-01,9999-12-31
HCP001138,SITE00118,True,2024-01-01,9999-12-31
HCP001139,SITE00119,True,2024-01-01,9999-12-31
HCP001140,SITE00120,True,2024-01-01,9999-12-31
HCP001140,SITE00253,False,2024-01-01,9999-12-31
HCP001141,SITE00121,True,2024-01-01,9999-12-31
HCP001142,SITE00122,True,2024-01-01,9999-12-31
HCP001142,SITE00048,False,2024-01-01,9999-12-31
HCP001143,SITE00123,True,2024-01-01,9999-12-31
HCP001144,SITE00124,True,2024-01-01,9999-12-31
HCP001145,SITE00125,True,2024-01-01,9999-12-31
HCP001146,SITE00126,True,2024-01-01,9999-12-31
HCP001147,SITE00127,True,2024-01-01,9999-12-31
HCP001148,SITE00128,True,2024-01-01,9999-12-31
HCP001149,SITE00129,True,2024-01-01,9999-12-31
HCP001150,SITE00130,True,2024-01-01,9999-12-31
HCP001151,SITE00131,True,2024-01-01,9999-12-31
HCP001152,SITE00132,True,2024-01-01,9999-12-31
HCP001153,SITE00133,True,2024-01-01,9999-12-31
HCP001154,SITE00134,True,2024-01-01,9999-12-31
HCP001155,SITE00135,True,2024-01-01,9999-12-31
HCP001156,SITE00136,True,2024-01-01,9999-12-31
HCP001157,SITE00137,True,2024-01-01,9999-12-31
HCP001158,SITE00138,True,2024-01-01,9999-12-31
HCP001159,SITE00139,True,2024-01-01,9999-12-31
HCP001160,SITE00140,True,2024-01-01,9999-12-31
HCP001161,SITE00141,True,2024-01-01,9999-12-31
HCP001161,SITE00041,False,2024-01-01,9999-12-31
HCP001162,SITE00142,True,2024-01-01,9999-12-31
HCP001163,SITE00143,True,2024-01-01,9999-12-31
HCP001164,SITE00144,True,2024-01-01,9999-12-31
HCP001165,SITE00145,True,2024-01-01,9999-12-31
HCP001166,SITE00146,True,2024-01-01,9999-12-31
HCP001166,SITE00332,False,2024-01-01,9999-12-31
HCP001167,SITE00147,True,2024-01-01,9999-12-31
HCP001168,SITE00148,True,2024-01-01,9999-12-31
HCP001169,SITE00149,True,2024-01-01,9999-12-31
HCP001170,SITE00150,True,2024-01-01,9999-12-31
HCP001171,SITE00151,True,2024-01-01,9999-12-31
HCP001171,SITE00189,False,2024-01-01,9999-12-31
HCP001172,SITE00152,True,2024-01-01,9999-12-31
HCP001173,SITE00153,True,2024-01-01,9999-12-31
HCP001174,SITE00154,True,2024-01-01,9999-12-31
HCP001175,SITE00155,True,2024-01-01,9999-12-31
HCP001176,SITE00156,True,2024-01-01,9999-12-31
HCP001177,SITE00157,True,2024-01-01,9999-12-31
HCP001178,SITE00158,True,2024-01-01,9999-12-31
HCP001179,SITE00159,True,2024-01-01,9999-12-31
HCP001180,SITE00160,True,2024-01-01,9999-12-31
HCP001181,SITE00161,True,2024-01-01,9999-12-31
HCP001182,SITE00162,True,2024-01-01,9999-12-31
HCP001183,SITE00163,True,2024-01-01,9999-12-31
HCP001184,SITE00164,True,2024-01-01,9999-12-31
HCP001185,SITE00165,True,2024-01-01,9999-12-31
HCP001186,SITE00166,True,2024-01-01,9999-12-31
HCP001187,SITE00167,True,2024-01-01,9999-12-31
HCP001188,SITE00168,True,2024-01-01,9999-12-31
HCP001189,SITE00169,True,2024-01-01,9999-12-31
HCP001190,SITE00170,True,2024-01-01,9999-12-31
HCP001191,SITE00171,True,2024-01-01,9999-12-31
HCP001192,SITE00172,True,2024-01-01,9999-12-31
HCP001192,SITE00210,False,2024-01-01,9999-12-31
HCP001193,SITE00173,True,2024-01-01,9999-12-31
HCP001194,SITE00174,True,2024-01-01,9999-12-31
HCP001195,SITE00175,True,2024-01-01,9999-12-31
HCP001196,SITE00176,True,2024-01-01,9999-12-31
HCP001197,SITE00177,True,2024-01-01,9999-12-31
HCP001198,SITE00178,True,2024-01-01,9999-12-31
HCP001199,SITE00179,True,2024-01-01,9999-12-31
HCP001200,SITE00180,True,2024-01-01,9999-12-31
HCP001201,SITE00181,True,2024-01-01,9999-12-31
HCP001202,SITE00182,True,2024-01-01,9999-12-31
HCP001203,SITE00183,True,2024-01-01,9999-12-31
HCP001204,SITE00184,True,2024-01-01,9999-12-31
HCP001205,SITE00185,True,2024-01-01,9999-12-31
HCP001206,SITE00186,True,2024-01-01,9999-12-31
HCP001207,SITE00187,True,2024-01-01,9999-12-31
HCP001208,SITE00188,True,2024-01-01,9999-12-31
HCP001209,SITE00189,True,2024-01-01,9999-12-31
HCP001210,SITE00190,True,2024-01-01,9999-12-31
HCP001211,SITE00191,True,2024-01-01,9999-12-31
HCP001212,SITE00192,True,2024-01-01,9999-12-31
HCP001213,SITE00193,True,2024-01-01,9999-12-31
HCP001214,SITE00194,True,2024-01-01,9999-12-31
HCP001215,SITE00195,True,2024-01-01,9999-12-31
HCP001216,SITE00196,True,2024-01-01,9999-12-31
HCP001216,SITE00132,False,2024-01-01,9999-12-31
HCP001217,SITE00197,True,2024-01-01,9999-12-31
HCP001218,SITE00198,True,2024-01-01,9999-12-31
HCP001219,SITE00199,True,2024-01-01,9999-12-31
HCP001220,SITE00200,True,2024-01-01,9999-12-31
HCP001221,SITE00201,True,2024-01-01,9999-12-31
HCP001222,SITE00202,True,2024-01-01,9999-12-31
HCP001223,SITE00203,True,2024-01-01,9999-12-31
HCP001224,SITE00204,True,2024-01-01,9999-12-31
HCP001225,SITE00205,True,2024-01-01,9999-12-31
HCP001226,SITE00206,True,2024-01-01,9999-12-31
HCP001227,SITE00207,True,2024-01-01,9999-12-31
HCP001227,SITE00051,False,2024-01-01,9999-12-31
HCP001228,SITE00208,True,2024-01-01,9999-12-31
HCP001229,SITE00209,True,2024-01-01,9999-12-31
HCP001230,SITE00210,True,2024-01-01,9999-12-31
HCP001231,SITE00211,True,2024-01-01,9999-12-31
HCP001232,SITE00212,True,2024-01-01,9999-12-31
HCP001233,SITE00213,True,2024-01-01,9999-12-31
HCP001234,SITE00214,True,2024-01-01,9999-12-31
HCP001235,SITE00215,True,2024-01-01,9999-12-31
HCP001236,SITE00216,True,2024-01-01,9999-12-31
HCP001237,SITE00217,True,2024-01-01,9999-12-31
HCP001238,SITE00218,True,2024-01-01,9999-12-31
HCP001239,SITE00219,True,2024-01-01,9999-12-31
HCP001240,SITE00220,True,2024-01-01,9999-12-31
HCP001241,SITE00221,True,2024-01-01,9999-12-31
HCP001242,SITE00222,True,2024-01-01,9999-12-31
HCP001243,SITE00223,True,2024-01-01,9999-12-31
HCP001244,SITE00224,True,2024-01-01,9999-12-31
HCP001245,SITE00225,True,2024-01-01,9999-12-31
HCP001246,SITE00226,True,2024-01-01,9999-12-31
HCP001247,SITE00227,True,2024-01-01,9999-12-31
HCP001248,SITE00228,True,2024-01-01,9999-12-31
HCP001249,SITE00229,True,2024-01-01,9999-12-31
HCP001250,SITE00230,True,2024-01-01,9999-12-31
HCP001251,SITE00231,True,2024-01-01,9999-12-31
HCP001252,SITE00232,True,2024-01-01,9999-12-31
HCP001253,SITE00233,True,2024-01-01,9999-12-31
HCP001254,SITE00234,True,2024-01-01,9999-12-31
HCP001255,SITE00235,True,2024-01-01,9999-12-31
HCP001256,SITE00236,True,2024-01-01,9999-12-31
HCP001257,SITE00237,True,2024-01-01,9999-12-31
HCP001258,SITE00238,True,2024-01-01,9999-12-31
HCP001259,SITE00239,True,2024-01-01,9999-12-31
HCP001260,SITE00240,True,2024-01-01,9999-12-31
HCP001261,SITE00241,True,2024-01-01,9999-12-31
HCP001262,SITE00242,True,2024-01-01,9999-12-31
HCP001263,SITE00243,True,2024-01-01,9999-12-31
HCP001264,SITE00244,True,2024-01-01,9999-12-31
HCP001265,SITE00245,True,2024-01-01,9999-12-31
HCP001266,SITE00246,True,2024-01-01,9999-12-31
HCP001267,SITE00247,True,2024-01-01,9999-12-31
HCP001268,SITE00248,True,2024-01-01,9999-12-31
HCP001269,SITE00249,True,2024-01-01,9999-12-31
HCP001270,SITE00250,True,2024-01-01,9999-12-31
HCP001271,SITE00251,True,2024-01-01,9999-12-31
HCP001272,SITE00252,True,2024-01-01,9999-12-31
HCP001273,SITE00253,True,2024-01-01,9999-12-31
HCP001274,SITE00254,True,2024-01-01,9999-12-31
HCP001275,SITE00255,True,2024-01-01,9999-12-31
HCP001276,SITE00256,True,2024-01-01,9999-12-31
HCP001277,SITE00257,True,2024-01-01,9999-12-31
HCP001277,SITE00333,False,2024-01-01,9999-12-31
HCP001278,SITE00258,True,2024-01-01,9999-12-31
HCP001279,SITE00259,True,2024-01-01,9999-12-31
HCP001280,SITE00260,True,2024-01-01,9999-12-31
HCP001281,SITE00261,True,2024-01-01,9999-12-31
HCP001281,SITE00032,False,2024-01-01,9999-12-31
HCP001282,SITE00262,True,2024-01-01,9999-12-31
HCP001283,SITE00263,True,2024-01-01,9999-12-31
HCP001284,SITE00264,True,2024-01-01,9999-12-31
HCP001285,SITE00265,True,2024-01-01,9999-12-31
HCP001286,SITE00266,True,2024-01-01,9999-12-31
HCP001287,SITE00267,True,2024-01-01,9999-12-31
HCP001288,SITE00268,True,2024-01-01,9999-12-31
HCP001289,SITE00269,True,2024-01-01,9999-12-31
HCP001290,SITE00270,True,2024-01-01,9999-12-31
HCP001291,SITE00271,True,2024-01-01,9999-12-31
HCP001292,SITE00272,True,2024-01-01,9999-12-31
HCP001293,SITE00273,True,2024-01-01,9999-12-31
HCP001294,SITE00274,True,2024-01-01,9999-12-31
HCP001295,SITE00275,True,2024-01-01,9999-12-31
HCP001295,SITE00204,False,2024-01-01,9999-12-31
HCP001296,SITE00276,True,2024-01-01,9999-12-31
HCP001297,SITE00277,True,2024-01-01,9999-12-31
HCP001297,SITE00011,False,2024-01-01,9999-12-31
HCP001298,SITE00278,True,2024-01-01,9999-12-31
HCP001299,SITE00279,True,2024-01-01,9999-12-31
HCP001300,SITE00280,True,2024-01-01,9999-12-31
HCP001300,SITE00107,False,2024-01-01,9999-12-31
HCP001301,SITE00281,True,2024-01-01,9999-12-31
HCP001302,SITE00282,True,2024-01-01,9999-12-31
HCP001303,SITE00283,True,2024-01-01,9999-12-31
HCP001304,SITE00284,True,2024-01-01,9999-12-31
HCP001305,SITE00285,True,2024-01-01,9999-12-31
HCP001306,SITE00286,True,2024-01-01,9999-12-31
HCP001306,SITE00285,False,2024-01-01,9999-12-31
HCP001307,SITE00287,True,2024-01-01,9999-12-31
HCP001307,SITE00121,False,2024-01-01,9999-12-31
HCP001308,SITE00288,True,2024-01-01,9999-12-31
HCP001309,SITE00289,True,2024-01-01,9999-12-31
HCP001310,SITE00290,True,2024-01-01,9999-12-31
HCP001311,SITE00291,True,2024-01-01,9999-12-31
HCP001312,SITE00292,True,2024-01-01,9999-12-31
HCP001313,SITE00293,True,2024-01-01,9999-12-31
HCP001313,SITE00192,False,2024-01-01,9999-12-31
HCP001314,SITE00294,True,2024-01-01,9999-12-31
HCP001315,SITE00295,True,2024-01-01,9999-12-31
HCP001316,SITE00296,True,2024-01-01,9999-12-31
HCP001317,SITE00297,True,2024-01-01,9999-12-31
HCP001318,SITE00298,True,2024-01-01,9999-12-31
HCP001319,SITE00299,True,2024-01-01,9999-12-31
HCP001320,SITE00300,True,2024-01-01,9999-12-31
HCP001321,SITE00301,True,2024-01-01,9999-12-31
HCP001322,SITE00302,True,2024-01-01,9999-12-31
HCP001323,SITE00303,True,2024-01-01,9999-12-31
HCP001324,SITE00304,True,2024-01-01,9999-12-31
HCP001325,SITE00305,True,2024-01-01,9999-12-31
HCP001326,SITE00306,True,2024-01-01,9999-12-31
HCP001327,SITE00307,True,2024-01-01,9999-12-31
HCP001328,SITE00308,True,2024-01-01,9999-12-31
HCP001329,SITE00309,True,2024-01-01,9999-12-31
HCP001330,SITE00310,True,2024-01-01,9999-12-31
HCP001331,SITE00311,True,2024-01-01,9999-12-31
HCP001332,SITE00312,True,2024-01-01,9999-12-31
HCP001333,SITE00313,True,2024-01-01,9999-12-31
HCP001334,SITE00314,True,2024-01-01,9999-12-31
HCP001335,SITE00315,True,2024-01-01,9999-12-31
HCP001336,SITE00316,True,2024-01-01,9999-12-31
HCP001337,SITE00317,True,2024-01-01,9999-12-31
HCP001338,SITE00318,True,2024-01-01,9999-12-31
HCP001339,SITE00319,True,2024-01-01,9999-12-31
HCP001340,SITE00320,True,2024-01-01,9999-12-31
HCP001341,SITE00321,True,2024-01-01,9999-12-31
HCP001342,SITE00322,True,2024-01-01,9999-12-31
HCP001343,SITE00323,True,2024-01-01,9999-12-31
HCP001344,SITE00324,True,2024-01-01,9999-12-31
HCP001345,SITE00325,True,2024-01-01,9999-12-31
HCP001345,SITE00022,False,2024-01-01,9999-12-31
HCP001346,SITE00326,True,2024-01-01,9999-12-31
HCP001347,SITE00327,True,2024-01-01,9999-12-31
HCP001348,SITE00328,True,2024-01-01,9999-12-31
HCP001349,SITE00329,True,2024-01-01,9999-12-31
HCP001350,SITE00330,True,2024-01-01,9999-12-31
HCP001351,SITE00331,True,2024-01-01,9999-12-31
HCP001352,SITE00332,True,2024-01-01,9999-12-31
HCP001353,SITE00333,True,2024-01-01,9999-12-31
HCP001354,SITE00334,True,2024-01-01,9999-12-31
HCP001355,SITE00335,True,2024-01-01,9999-12-31
HCP001356,SITE00336,True,2024-01-01,9999-12-31
HCP001357,SITE00337,True,2024-01-01,9999-12-31
HCP001358,SITE00338,True,2024-01-01,9999-12-31
HCP001359,SITE00339,True,2024-01-01,9999-12-31
HCP001360,SITE00000,True,2024-01-01,9999-12-31
HCP001361,SITE00001,True,2024-01-01,9999-12-31
HCP001362,SITE00002,True,2024-01-01,9999-12-31
HCP001363,SITE00003,True,2024-01-01,9999-12-31
HCP001364,SITE00004,True,2024-01-01,9999-12-31
HCP001365,SITE00005,True,2024-01-01,9999-12-31
HCP001366,SITE00006,True,2024-01-01,9999-12-31
HCP001367,SITE00007,True,2024-01-01,9999-12-31
HCP001368,SITE00008,True,2024-01-01,9999-12-31
HCP001369,SITE00009,True,2024-01-01,9999-12-31
HCP001370,SITE00010,True,2024-01-01,9999-12-31
HCP001371,SITE00011,True,2024-01-01,9999-12-31
HCP001372,SITE00012,True,2024-01-01,9999-12-31
HCP001373,SITE00013,True,2024-01-01,9999-12-31
HCP001374,SITE00014,True,2024-01-01,9999-12-31
HCP001375,SITE00015,True,2024-01-01,9999-12-31
HCP001376,SITE00016,True,2024-01-01,9999-12-31
HCP001377,SITE00017,True,2024-01-01,9999-12-31
HCP001378,SITE00018,True,2024-01-01,9999-12-31
HCP001378,SITE00219,False,2024-01-01,9999-12-31
HCP001379,SITE00019,True,2024-01-01,9999-12-31
HCP001380,SITE00020,True,2024-01-01,9999-12-31
HCP001381,SITE00021,True,2024-01-01,9999-12-31
HCP001382,SITE00022,True,2024-01-01,9999-12-31
HCP001383,SITE00023,True,2024-01-01,9999-12-31
HCP001384,SITE00024,True,2024-01-01,9999-12-31
HCP001385,SITE00025,True,2024-01-01,9999-12-31
HCP001386,SITE00026,True,2024-01-01,9999-12-31
HCP001387,SITE00027,True,2024-01-01,9999-12-31
HCP001388,SITE00028,True,2024-01-01,9999-12-31
HCP001389,SITE00029,True,2024-01-01,9999-12-31
HCP001389,SITE00131,False,2024-01-01,9999-12-31
HCP001390,SITE00030,True,2024-01-01,9999-12-31
HCP001390,SITE00181,False,2024-01-01,9999-12-31
HCP001391,SITE00031,True,2024-01-01,9999-12-31
HCP001391,SITE00094,False,2024-01-01,9999-12-31
HCP001392,SITE00032,True,2024-01-01,9999-12-31
HCP001393,SITE00033,True,2024-01-01,9999-12-31
HCP001394,SITE00034,True,2024-01-01,9999-12-31
HCP001395,SITE00035,True,2024-01-01,9999-12-31
HCP001396,SITE00036,True,2024-01-01,9999-12-31
HCP001397,SITE00037,True,2024-01-01,9999-12-31
HCP001398,SITE00038,True,2024-01-01,9999-12-31
HCP001399,SITE00039,True,2024-01-01,9999-12-31
HCP001400,SITE00040,True,2024-01-01,9999-12-31
HCP001401,SITE00041,True,2024-01-01,9999-12-31
HCP001402,SITE00042,True,2024-01-01,9999-12-31
HCP001403,SITE00043,True,2024-01-01,9999-12-31
HCP001404,SITE00044,True,2024-01-01,9999-12-31
HCP001405,SITE00045,True,2024-01-01,9999-12-31
HCP001406,SITE00046,True,2024-01-01,9999-12-31
HCP001407,SITE00047,True,2024-01-01,9999-12-31
HCP001408,SITE00048,True,2024-01-01,9999-12-31
HCP001409,SITE00049,True,2024-01-01,9999-12-31
HCP001410,SITE00050,True,2024-01-01,9999-12-31
HCP001411,SITE00051,True,2024-01-01,9999-12-31
HCP001412,SITE00052,True,2024-01-01,9999-12-31
HCP001413,SITE00053,True,2024-01-01,9999-12-31
HCP001414,SITE00054,True,2024-01-01,9999-12-31
HCP001414,SITE00232,False,2024-01-01,9999-12-31
HCP001415,SITE00055,True,2024-01-01,9999-12-31
HCP001416,SITE00056,True,2024-01-01,9999-12-31
HCP001417,SITE00057,True,2024-01-01,9999-12-31
HCP001417,SITE00036,False,2024-01-01,9999-12-31
HCP001418,SITE00058,True,2024-01-01,9999-12-31
HCP001419,SITE00059,True,2024-01-01,9999-12-31
HCP001420,SITE00060,True,2024-01-01,9999-12-31
HCP001420,SITE00071,False,2024-01-01,9999-12-31
HCP001421,SITE00061,True,2024-01-01,9999-12-31
HCP001422,SITE00062,True,2024-01-01,9999-12-31
HCP001423,SITE00063,True,2024-01-01,9999-12-31
HCP001424,SITE00064,True,2024-01-01,9999-12-31
HCP001425,SITE00065,True,2024-01-01,9999-12-31
HCP001426,SITE00066,True,2024-01-01,9999-12-31
HCP001427,SITE00067,True,2024-01-01,9999-12-31
HCP001428,SITE00068,True,2024-01-01,9999-12-31
HCP001429,SITE00069,True,2024-01-01,9999-12-31
HCP001429,SITE00011,False,2024-01-01,9999-12-31
HCP001430,SITE00070,True,2024-01-01,9999-12-31
HCP001431,SITE00071,True,2024-01-01,9999-12-31
HCP001432,SITE00072,True,2024-01-01,9999-12-31
HCP001433,SITE00073,True,2024-01-01,9999-12-31
HCP001433,SITE00131,False,2024-01-01,9999-12-31
HCP001434,SITE00074,True,2024-01-01,9999-12-31
HCP001435,SITE00075,True,2024-01-01,9999-12-31
HCP001436,SITE00076,True,2024-01-01,9999-12-31
HCP001437,SITE00077,True,2024-01-01,9999-12-31
HCP001437,SITE00107,False,2024-01-01,9999-12-31
HCP001438,SITE00078,True,2024-01-01,9999-12-31
HCP001439,SITE00079,True,2024-01-01,9999-12-31
HCP001440,SITE00080,True,2024-01-01,9999-12-31
HCP001441,SITE00081,True,2024-01-01,9999-12-31
HCP001442,SITE00082,True,2024-01-01,9999-12-31
HCP001443,SITE00083,True,2024-01-01,9999-12-31
HCP001444,SITE00084,True,2024-01-01,9999-12-31
HCP001445,SITE00085,True,2024-01-01,9999-12-31
HCP001445,SITE00096,False,2024-01-01,9999-12-31
HCP001446,SITE00086,True,2024-01-01,9999-12-31
HCP001447,SITE00087,True,2024-01-01,9999-12-31
HCP001448,SITE00088,True,2024-01-01,9999-12-31
HCP001449,SITE00089,True,2024-01-01,9999-12-31
HCP001450,SITE00090,True,2024-01-01,9999-12-31
HCP001451,SITE00091,True,2024-01-01,9999-12-31
HCP001451,SITE00237,False,2024-01-01,9999-12-31
HCP001452,SITE00092,True,2024-01-01,9999-12-31
HCP001453,SITE00093,True,2024-01-01,9999-12-31
HCP001454,SITE00094,True,2024-01-01,9999-12-31
HCP001455,SITE00095,True,2024-01-01,9999-12-31
HCP001456,SITE00096,True,2024-01-01,9999-12-31
HCP001457,SITE00097,True,2024-01-01,9999-12-31
HCP001457,SITE00296,False,2024-01-01,9999-12-31
HCP001458,SITE00098,True,2024-01-01,9999-12-31
HCP001459,SITE00099,True,2024-01-01,9999-12-31
HCP001460,SITE00100,True,2024-01-01,9999-12-31
HCP001461,SITE00101,True,2024-01-01,9999-12-31
HCP001462,SITE00102,True,2024-01-01,9999-12-31
HCP001463,SITE00103,True,2024-01-01,9999-12-31
HCP001464,SITE00104,True,2024-01-01,9999-12-31
HCP001465,SITE00105,True,2024-01-01,9999-12-31
HCP001466,SITE00106,True,2024-01-01,9999-12-31
HCP001467,SITE00107,True,2024-01-01,9999-12-31
HCP001467,SITE00121,False,2024-01-01,9999-12-31
HCP001468,SITE00108,True,2024-01-01,9999-12-31
HCP001469,SITE00109,True,2024-01-01,9999-12-31
HCP001470,SITE00110,True,2024-01-01,9999-12-31
HCP001471,SITE00111,True,2024-01-01,9999-12-31
HCP001472,SITE00112,True,2024-01-01,9999-12-31
HCP001473,SITE00113,True,2024-01-01,9999-12-31
HCP001474,SITE00114,True,2024-01-01,9999-12-31
HCP001475,SITE00115,True,2024-01-01,9999-12-31
HCP001476,SITE00116,True,2024-01-01,9999-12-31
HCP001477,SITE00117,True,2024-01-01,9999-12-31
HCP001477,SITE00253,False,2024-01-01,9999-12-31
HCP001478,SITE00118,True,2024-01-01,9999-12-31
HCP001478,SITE00053,False,2024-01-01,9999-12-31
HCP001479,SITE00119,True,2024-01-01,9999-12-31
HCP001480,SITE00120,True,2024-01-01,9999-12-31
HCP001481,SITE00121,True,2024-01-01,9999-12-31
HCP001482,SITE00122,True,2024-01-01,9999-12-31
HCP001483,SITE00123,True,2024-01-01,9999-12-31
HCP001484,SITE00124,True,2024-01-01,9999-12-31
HCP001485,SITE00125,True,2024-01-01,9999-12-31
HCP001486,SITE00126,True,2024-01-01,9999-12-31
HCP001487,SITE00127,True,2024-01-01,9999-12-31
HCP001488,SITE00128,True,2024-01-01,9999-12-31
HCP001489,SITE00129,True,2024-01-01,9999-12-31
HCP001490,SITE00130,True,2024-01-01,9999-12-31
HCP001491,SITE00131,True,2024-01-01,9999-12-31
HCP001492,SITE00132,True,2024-01-01,9999-12-31
HCP001492,SITE00062,False,2024-01-01,9999-12-31
HCP001493,SITE00133,True,2024-01-01,9999-12-31
HCP001494,SITE00134,True,2024-01-01,9999-12-31
HCP001495,SITE00135,True,2024-01-01,9999-12-31
HCP001496,SITE00136,True,2024-01-01,9999-12-31
HCP001497,SITE00137,True,2024-01-01,9999-12-31
HCP001498,SITE00138,True,2024-01-01,9999-12-31
HCP001498,SITE00013,False,2024-01-01,9999-12-31
HCP001499,SITE00139,True,2024-01-01,9999-12-31
HCP001500,SITE00140,True,2024-01-01,9999-12-31
HCP001501,SITE00141,True,2024-01-01,9999-12-31
HCP001502,SITE00142,True,2024-01-01,9999-12-31
HCP001503,SITE00143,True,2024-01-01,9999-12-31
HCP001504,SITE00144,True,2024-01-01,9999-12-31
HCP001504,SITE00048,False,2024-01-01,9999-12-31
HCP001505,SITE00145,True,2024-01-01,9999-12-31
HCP001506,SITE00146,True,2024-01-01,9999-12-31
HCP001507,SITE00147,True,2024-01-01,9999-12-31
HCP001508,SITE00148,True,2024-01-01,9999-12-31
HCP001509,SITE00149,True,2024-01-01,9999-12-31
HCP001510,SITE00150,True,2024-01-01,9999-12-31
HCP001511,SITE00151,True,2024-01-01,9999-12-31
HCP001512,SITE00152,True,2024-01-01,9999-12-31
HCP001513,SITE00153,True,2024-01-01,9999-12-31
HCP001514,SITE00154,True,2024-01-01,9999-12-31
HCP001515,SITE00155,True,2024-01-01,9999-12-31
HCP001516,SITE00156,True,2024-01-01,9999-12-31
HCP001517,SITE00157,True,2024-01-01,9999-12-31
HCP001518,SITE00158,True,2024-01-01,9999-12-31
HCP001519,SITE00159,True,2024-01-01,9999-12-31
HCP001520,SITE00160,True,2024-01-01,9999-12-31
HCP001520,SITE00323,False,2024-01-01,9999-12-31
HCP001521,SITE00161,True,2024-01-01,9999-12-31
HCP001522,SITE00162,True,2024-01-01,9999-12-31
HCP001523,SITE00163,True,2024-01-01,9999-12-31
HCP001524,SITE00164,True,2024-01-01,9999-12-31
HCP001525,SITE00165,True,2024-01-01,9999-12-31
HCP001526,SITE00166,True,2024-01-01,9999-12-31
HCP001527,SITE00167,True,2024-01-01,9999-12-31
HCP001528,SITE00168,True,2024-01-01,9999-12-31
HCP001529,SITE00169,True,2024-01-01,9999-12-31
HCP001530,SITE00170,True,2024-01-01,9999-12-31
HCP001531,SITE00171,True,2024-01-01,9999-12-31
HCP001532,SITE00172,True,2024-01-01,9999-12-31
HCP001533,SITE00173,True,2024-01-01,9999-12-31
HCP001534,SITE00174,True,2024-01-01,9999-12-31
HCP001535,SITE00175,True,2024-01-01,9999-12-31
HCP001536,SITE00176,True,2024-01-01,9999-12-31
HCP001536,SITE00248,False,2024-01-01,9999-12-31
HCP001537,SITE00177,True,2024-01-01,9999-12-31
HCP001538,SITE00178,True,2024-01-01,9999-12-31
HCP001539,SITE00179,True,2024-01-01,9999-12-31
HCP001540,SITE00180,True,2024-01-01,9999-12-31
HCP001541,SITE00181,True,2024-01-01,9999-12-31
HCP001542,SITE00182,True,2024-01-01,9999-12-31
HCP001543,SITE00183,True,2024-01-01,9999-12-31
HCP001544,SITE00184,True,2024-01-01,9999-12-31
HCP001545,SITE00185,True,2024-01-01,9999-12-31
HCP001546,SITE00186,True,2024-01-01,9999-12-31
HCP001547,SITE00187,True,2024-01-01,9999-12-31
HCP001548,SITE00188,True,2024-01-01,9999-12-31
HCP001549,SITE00189,True,2024-01-01,9999-12-31
HCP001550,SITE00190,True,2024-01-01,9999-12-31
HCP001551,SITE00191,True,2024-01-01,9999-12-31
HCP001552,SITE00192,True,2024-01-01,9999-12-31
HCP001553,SITE00193,True,2024-01-01,9999-12-31
HCP001553,SITE00189,False,2024-01-01,9999-12-31
HCP001554,SITE00194,True,2024-01-01,9999-12-31
HCP001554,SITE00256,False,2024-01-01,9999-12-31
HCP001555,SITE00195,True,2024-01-01,9999-12-31
HCP001556,SITE00196,True,2024-01-01,9999-12-31
HCP001557,SITE00197,True,2024-01-01,9999-12-31
HCP001558,SITE00198,True,2024-01-01,9999-12-31
HCP001559,SITE00199,True,2024-01-01,9999-12-31
HCP001560,SITE00200,True,2024-01-01,9999-12-31
HCP001561,SITE00201,True,2024-01-01,9999-12-31
HCP001562,SITE00202,True,2024-01-01,9999-12-31
HCP001563,SITE00203,True,2024-01-01,9999-12-31
HCP001564,SITE00204,True,2024-01-01,9999-12-31
HCP001565,SITE00205,True,2024-01-01,9999-12-31
HCP001566,SITE00206,True,2024-01-01,9999-12-31
HCP001567,SITE00207,True,2024-01-01,9999-12-31
HCP001568,SITE00208,True,2024-01-01,9999-12-31
HCP001569,SITE00209,True,2024-01-01,9999-12-31
HCP001569,SITE00175,False,2024-01-01,9999-12-31
HCP001570,SITE00210,True,2024-01-01,9999-12-31
HCP001571,SITE00211,True,2024-01-01,9999-12-31
HCP001572,SITE00212,True,2024-01-01,9999-12-31
HCP001573,SITE00213,True,2024-01-01,9999-12-31
HCP001574,SITE00214,True,2024-01-01,9999-12-31
HCP001574,SITE00238,False,2024-01-01,9999-12-31
HCP001575,SITE00215,True,2024-01-01,9999-12-31
HCP001576,SITE00216,True,2024-01-01,9999-12-31
HCP001576,SITE00133,False,2024-01-01,9999-12-31
HCP001577,SITE00217,True,2024-01-01,9999-12-31
HCP001578,SITE00218,True,2024-01-01,9999-12-31
HCP001579,SITE00219,True,2024-01-01,9999-12-31
HCP001580,SITE00220,True,2024-01-01,9999-12-31
HCP001581,SITE00221,True,2024-01-01,9999-12-31
HCP001582,SITE00222,True,2024-01-01,9999-12-31
HCP001583,SITE00223,True,2024-01-01,9999-12-31
HCP001584,SITE00224,True,2024-01-01,9999-12-31
HCP001585,SITE00225,True,2024-01-01,9999-12-31
HCP001586,SITE00226,True,2024-01-01,9999-12-31
HCP001587,SITE00227,True,2024-01-01,9999-12-31
HCP001588,SITE00228,True,2024-01-01,9999-12-31
HCP001589,SITE00229,True,2024-01-01,9999-12-31
HCP001590,SITE00230,True,2024-01-01,9999-12-31
HCP001591,SITE00231,True,2024-01-01,9999-12-31
HCP001592,SITE00232,True,2024-01-01,9999-12-31
HCP001593,SITE00233,True,2024-01-01,9999-12-31
HCP001594,SITE00234,True,2024-01-01,9999-12-31
HCP001595,SITE00235,True,2024-01-01,9999-12-31
HCP001596,SITE00236,True,2024-01-01,9999-12-31
HCP001597,SITE00237,True,2024-01-01,9999-12-31
HCP001598,SITE00238,True,2024-01-01,9999-12-31
HCP001599,SITE00239,True,2024-01-01,9999-12-31
HCP001600,SITE00240,True,2024-01-01,9999-12-31
HCP001601,SITE00241,True,2024-01-01,9999-12-31
HCP001601,SITE00038,False,2024-01-01,9999-12-31
HCP001602,SITE00242,True,2024-01-01,9999-12-31
HCP001602,SITE00059,False,2024-01-01,9999-12-31
HCP001603,SITE00243,True,2024-01-01,9999-12-31
HCP001604,SITE00244,True,2024-01-01,9999-12-31
HCP001605,SITE00245,True,2024-01-01,9999-12-31
HCP001605,SITE00279,False,2024-01-01,9999-12-31
HCP001606,SITE00246,True,2024-01-01,9999-12-31
HCP001607,SITE00247,True,2024-01-01,9999-12-31
HCP001607,SITE00295,False,2024-01-01,9999-12-31
HCP001608,SITE00248,True,2024-01-01,9999-12-31
HCP001609,SITE00249,True,2024-01-01,9999-12-31
HCP001610,SITE00250,True,2024-01-01,9999-12-31
HCP001611,SITE00251,True,2024-01-01,9999-12-31
HCP001612,SITE00252,True,2024-01-01,9999-12-31
HCP001613,SITE00253,True,2024-01-01,9999-12-31
HCP001614,SITE00254,True,2024-01-01,9999-12-31
HCP001615,SITE00255,True,2024-01-01,9999-12-31
HCP001616,SITE00256,True,2024-01-01,9999-12-31
HCP001617,SITE00257,True,2024-01-01,9999-12-31
HCP001618,SITE00258,True,2024-01-01,9999-12-31
HCP001618,SITE00075,False,2024-01-01,9999-12-31
HCP001619,SITE00259,True,2024-01-01,9999-12-31
HCP001620,SITE00260,True,2024-01-01,9999-12-31
HCP001621,SITE00261,True,2024-01-01,9999-12-31
HCP001622,SITE00262,True,2024-01-01,9999-12-31
HCP001623,SITE00263,True,2024-01-01,9999-12-31
HCP001624,SITE00264,True,2024-01-01,9999-12-31
HCP001625,SITE00265,True,2024-01-01,9999-12-31
HCP001626,SITE00266,True,2024-01-01,9999-12-31
HCP001627,SITE00267,True,2024-01-01,9999-12-31
HCP001628,SITE00268,True,2024-01-01,9999-12-31
HCP001629,SITE00269,True,2024-01-01,9999-12-31
HCP001630,SITE00270,True,2024-01-01,9999-12-31
HCP001631,SITE00271,True,2024-01-01,9999-12-31
HCP001632,SITE00272,True,2024-01-01,9999-12-31
HCP001633,SITE00273,True,2024-01-01,9999-12-31
HCP001634,SITE00274,True,2024-01-01,9999-12-31
HCP001635,SITE00275,True,2024-01-01,9999-12-31
HCP001636,SITE00276,True,2024-01-01,9999-12-31
HCP001637,SITE00277,True,2024-01-01,9999-12-31
HCP001638,SITE00278,True,2024-01-01,9999-12-31
HCP001639,SITE00279,True,2024-01-01,9999-12-31
HCP001640,SITE00280,True,2024-01-01,9999-12-31
HCP001641,SITE00281,True,2024-01-01,9999-12-31
HCP001642,SITE00282,True,2024-01-01,9999-12-31
HCP001643,SITE00283,True,2024-01-01,9999-12-31
HCP001644,SITE00284,True,2024-01-01,9999-12-31
HCP001645,SITE00285,True,2024-01-01,9999-12-31
HCP001646,SITE00286,True,2024-01-01,9999-12-31
HCP001647,SITE00287,True,2024-01-01,9999-12-31
HCP001648,SITE00288,True,2024-01-01,9999-12-31
HCP001649,SITE00289,True,2024-01-01,9999-12-31
HCP001650,SITE00290,True,2024-01-01,9999-12-31
HCP001651,SITE00291,True,2024-01-01,9999-12-31
HCP001651,SITE00282,False,2024-01-01,9999-12-31
HCP001652,SITE00292,True,2024-01-01,9999-12-31
HCP001653,SITE00293,True,2024-01-01,9999-12-31
HCP001654,SITE00294,True,2024-01-01,9999-12-31
HCP001655,SITE00295,True,2024-01-01,9999-12-31
HCP001656,SITE00296,True,2024-01-01,9999-12-31
HCP001657,SITE00297,True,2024-01-01,9999-12-31
HCP001658,SITE00298,True,2024-01-01,9999-12-31
HCP001659,SITE00299,True,2024-01-01,9999-12-31
HCP001660,SITE00300,True,2024-01-01,9999-12-31
HCP001661,SITE00301,True,2024-01-01,9999-12-31
HCP001662,SITE00302,True,2024-01-01,9999-12-31
HCP001663,SITE00303,True,2024-01-01,9999-12-31
HCP001664,SITE00304,True,2024-01-01,9999-12-31
HCP001665,SITE00305,True,2024-01-01,9999-12-31
HCP001666,SITE00306,True,2024-01-01,9999-12-31
HCP001667,SITE00307,True,2024-01-01,9999-12-31
HCP001668,SITE00308,True,2024-01-01,9999-12-31
HCP001669,SITE00309,True,2024-01-01,9999-12-31
HCP001670,SITE00310,True,2024-01-01,9999-12-31
HCP001671,SITE00311,True,2024-01-01,9999-12-31
HCP001672,SITE00312,True,2024-01-01,9999-12-31
HCP001673,SITE00313,True,2024-01-01,9999-12-31
HCP001674,SITE00314,True,2024-01-01,9999-12-31
HCP001674,SITE00235,False,2024-01-01,9999-12-31
HCP001675,SITE00315,True,2024-01-01,9999-12-31
HCP001676,SITE00316,True,2024-01-01,9999-12-31
HCP001677,SITE00317,True,2024-01-01,9999-12-31
HCP001678,SITE00318,True,2024-01-01,9999-12-31
HCP001679,SITE00319,True,2024-01-01,9999-12-31
HCP001680,SITE00320,True,2024-01-01,9999-12-31
HCP001681,SITE00321,True,2024-01-01,9999-12-31
HCP001682,SITE00322,True,2024-01-01,9999-12-31
HCP001683,SITE00323,True,2024-01-01,9999-12-31
HCP001684,SITE00324,True,2024-01-01,9999-12-31
HCP001685,SITE00325,True,2024-01-01,9999-12-31
HCP001686,SITE00326,True,2024-01-01,9999-12-31
HCP001687,SITE00327,True,2024-01-01,9999-12-31
HCP001688,SITE00328,True,2024-01-01,9999-12-31
HCP001689,SITE00329,True,2024-01-01,9999-12-31
HCP001690,SITE00330,True,2024-01-01,9999-12-31
HCP001691,SITE00331,True,2024-01-01,9999-12-31
HCP001692,SITE00332,True,2024-01-01,9999-12-31
HCP001693,SITE00333,True,2024-01-01,9999-12-31
HCP001694,SITE00334,True,2024-01-01,9999-12-31
HCP001694,SITE00159,False,2024-01-01,9999-12-31
HCP001695,SITE00335,True,2024-01-01,9999-12-31
HCP001696,SITE00336,True,2024-01-01,9999-12-31
HCP001697,SITE00337,True,2024-01-01,9999-12-31
HCP001698,SITE00338,True,2024-01-01,9999-12-31
HCP001699,SITE00339,True,2024-01-01,9999-12-31
HCP001699,SITE00149,False,2024-01-01,9999-12-31
HCP001700,SITE00000,True,2024-01-01,9999-12-31
HCP001701,SITE00001,True,2024-01-01,9999-12-31
HCP001702,SITE00002,True,2024-01-01,9999-12-31
HCP001703,SITE00003,True,2024-01-01,9999-12-31
HCP001704,SITE00004,True,2024-01-01,9999-12-31
HCP001705,SITE00005,True,2024-01-01,9999-12-31
HCP001706,SITE00006,True,2024-01-01,9999-12-31
HCP001707,SITE00007,True,2024-01-01,9999-12-31
HCP001708,SITE00008,True,2024-01-01,9999-12-31
HCP001709,SITE00009,True,2024-01-01,9999-12-31
HCP001710,SITE00010,True,2024-01-01,9999-12-31
HCP001711,SITE00011,True,2024-01-01,9999-12-31
HCP001712,SITE00012,True,2024-01-01,9999-12-31
HCP001712,SITE00240,False,2024-01-01,9999-12-31
HCP001713,SITE00013,True,2024-01-01,9999-12-31
HCP001714,SITE00014,True,2024-01-01,9999-12-31
HCP001715,SITE00015,True,2024-01-01,9999-12-31
HCP001716,SITE00016,True,2024-01-01,9999-12-31
HCP001717,SITE00017,True,2024-01-01,9999-12-31
HCP001718,SITE00018,True,2024-01-01,9999-12-31
HCP001719,SITE00019,True,2024-01-01,9999-12-31
HCP001720,SITE00020,True,2024-01-01,9999-12-31
HCP001721,SITE00021,True,2024-01-01,9999-12-31
HCP001722,SITE00022,True,2024-01-01,9999-12-31
HCP001723,SITE00023,True,2024-01-01,9999-12-31
HCP001723,SITE00168,False,2024-01-01,9999-12-31
HCP001724,SITE00024,True,2024-01-01,9999-12-31
HCP001725,SITE00025,True,2024-01-01,9999-12-31
HCP001726,SITE00026,True,2024-01-01,9999-12-31
HCP001727,SITE00027,True,2024-01-01,9999-12-31
HCP001727,SITE00144,False,2024-01-01,9999-12-31
HCP001728,SITE00028,True,2024-01-01,9999-12-31
HCP001729,SITE00029,True,2024-01-01,9999-12-31
HCP001730,SITE00030,True,2024-01-01,9999-12-31
HCP001731,SITE00031,True,2024-01-01,9999-12-31
HCP001731,SITE00061,False,2024-01-01,9999-12-31
HCP001732,SITE00032,True,2024-01-01,9999-12-31
HCP001733,SITE00033,True,2024-01-01,9999-12-31
HCP001733,SITE00160,False,2024-01-01,9999-12-31
HCP001734,SITE00034,True,2024-01-01,9999-12-31
HCP001735,SITE00035,True,2024-01-01,9999-12-31
HCP001736,SITE00036,True,2024-01-01,9999-12-31
HCP001737,SITE00037,True,2024-01-01,9999-12-31
HCP001738,SITE00038,True,2024-01-01,9999-12-31
HCP001739,SITE00039,True,2024-01-01,9999-12-31
HCP001740,SITE00040,True,2024-01-01,9999-12-31
HCP001741,SITE00041,True,2024-01-01,9999-12-31
HCP001742,SITE00042,True,2024-01-01,9999-12-31
HCP001743,SITE00043,True,2024-01-01,9999-12-31
HCP001744,SITE00044,True,2024-01-01,9999-12-31
HCP001745,SITE00045,True,2024-01-01,9999-12-31
HCP001746,SITE00046,True,2024-01-01,9999-12-31
HCP001747,SITE00047,True,2024-01-01,9999-12-31
HCP001748,SITE00048,True,2024-01-01,9999-12-31
HCP001749,SITE00049,True,2024-01-01,9999-12-31
HCP001750,SITE00050,True,2024-01-01,9999-12-31
HCP001751,SITE00051,True,2024-01-01,9999-12-31
HCP001752,SITE00052,True,2024-01-01,9999-12-31
HCP001753,SITE00053,True,2024-01-01,9999-12-31
HCP001754,SITE00054,True,2024-01-01,9999-12-31
HCP001754,SITE00100,False,2024-01-01,9999-12-31
HCP001755,SITE00055,True,2024-01-01,9999-12-31
HCP001756,SITE00056,True,2024-01-01,9999-12-31
HCP001757,SITE00057,True,2024-01-01,9999-12-31
HCP001758,SITE00058,True,2024-01-01,9999-12-31
HCP001759,SITE00059,True,2024-01-01,9999-12-31
HCP001760,SITE00060,True,2024-01-01,9999-12-31
HCP001761,SITE00061,True,2024-01-01,9999-12-31
HCP001762,SITE00062,True,2024-01-01,9999-12-31
HCP001763,SITE00063,True,2024-01-01,9999-12-31
HCP001764,SITE00064,True,2024-01-01,9999-12-31
HCP001765,SITE00065,True,2024-01-01,9999-12-31
HCP001766,SITE00066,True,2024-01-01,9999-12-31
HCP001767,SITE00067,True,2024-01-01,9999-12-31
HCP001768,SITE00068,True,2024-01-01,9999-12-31
HCP001769,SITE00069,True,2024-01-01,9999-12-31
HCP001770,SITE00070,True,2024-01-01,9999-12-31
HCP001771,SITE00071,True,2024-01-01,9999-12-31
HCP001772,SITE00072,True,2024-01-01,9999-12-31
HCP001773,SITE00073,True,2024-01-01,9999-12-31
HCP001774,SITE00074,True,2024-01-01,9999-12-31
HCP001774,SITE00302,False,2024-01-01,9999-12-31
HCP001775,SITE00075,True,2024-01-01,9999-12-31
HCP001776,SITE00076,True,2024-01-01,9999-12-31
HCP001777,SITE00077,True,2024-01-01,9999-12-31
HCP001778,SITE00078,True,2024-01-01,9999-12-31
HCP001779,SITE00079,True,2024-01-01,9999-12-31
HCP001780,SITE00080,True,2024-01-01,9999-12-31
HCP001781,SITE00081,True,2024-01-01,9999-12-31
HCP001781,SITE00228,False,2024-01-01,9999-12-31
HCP001782,SITE00082,True,2024-01-01,9999-12-31
HCP001783,SITE00083,True,2024-01-01,9999-12-31
HCP001784,SITE00084,True,2024-01-01,9999-12-31
HCP001785,SITE00085,True,2024-01-01,9999-12-31
HCP001785,SITE00061,False,2024-01-01,9999-12-31
HCP001786,SITE00086,True,2024-01-01,9999-12-31
HCP001787,SITE00087,True,2024-01-01,9999-12-31
HCP001788,SITE00088,True,2024-01-01,9999-12-31
HCP001789,SITE00089,True,2024-01-01,9999-12-31
HCP001790,SITE00090,True,2024-01-01,9999-12-31
HCP001791,SITE00091,True,2024-01-01,9999-12-31
HCP001792,SITE00092,True,2024-01-01,9999-12-31
HCP001793,SITE00093,True,2024-01-01,9999-12-31
HCP001794,SITE00094,True,2024-01-01,9999-12-31
HCP001795,SITE00095,True,2024-01-01,9999-12-31
HCP001796,SITE00096,True,2024-01-01,9999-12-31
HCP001797,SITE00097,True,2024-01-01,9999-12-31
HCP001798,SITE00098,True,2024-01-01,9999-12-31
HCP001799,SITE00099,True,2024-01-01,9999-12-31
HCP001800,SITE00100,True,2024-01-01,9999-12-31
HCP001801,SITE00101,True,2024-01-01,9999-12-31
HCP001802,SITE00102,True,2024-01-01,9999-12-31
HCP001803,SITE00103,True,2024-01-01,9999-12-31
HCP001804,SITE00104,True,2024-01-01,9999-12-31
HCP001805,SITE00105,True,2024-01-01,9999-12-31
HCP001806,SITE00106,True,2024-01-01,9999-12-31
HCP001806,SITE00008,False,2024-01-01,9999-12-31
HCP001807,SITE00107,True,2024-01-01,9999-12-31
HCP001808,SITE00108,True,2024-01-01,9999-12-31
HCP001808,SITE00331,False,2024-01-01,9999-12-31
HCP001809,SITE00109,True,2024-01-01,9999-12-31
HCP001809,SITE00202,False,2024-01-01,9999-12-31
HCP001810,SITE00110,True,2024-01-01,9999-12-31
HCP001811,SITE00111,True,2024-01-01,9999-12-31
HCP001812,SITE00112,True,2024-01-01,9999-12-31
HCP001813,SITE00113,True,2024-01-01,9999-12-31
HCP001814,SITE00114,True,2024-01-01,9999-12-31
HCP001815,SITE00115,True,2024-01-01,9999-12-31
HCP001816,SITE00116,True,2024-01-01,9999-12-31
HCP001817,SITE00117,True,2024-01-01,9999-12-31
HCP001818,SITE00118,True,2024-01-01,9999-12-31
HCP001819,SITE00119,True,2024-01-01,9999-12-31
HCP001820,SITE00120,True,2024-01-01,9999-12-31
HCP001821,SITE00121,True,2024-01-01,9999-12-31
HCP001822,SITE00122,True,2024-01-01,9999-12-31
HCP001823,SITE00123,True,2024-01-01,9999-12-31
HCP001824,SITE00124,True,2024-01-01,9999-12-31
HCP001825,SITE00125,True,2024-01-01,9999-12-31
HCP001826,SITE00126,True,2024-01-01,9999-12-31
HCP001827,SITE00127,True,2024-01-01,9999-12-31
HCP001828,SITE00128,True,2024-01-01,9999-12-31
HCP001829,SITE00129,True,2024-01-01,9999-12-31
HCP001830,SITE00130,True,2024-01-01,9999-12-31
HCP001831,SITE00131,True,2024-01-01,9999-12-31
HCP001832,SITE00132,True,2024-01-01,9999-12-31
HCP001833,SITE00133,True,2024-01-01,9999-12-31
HCP001834,SITE00134,True,2024-01-01,9999-12-31
HCP001835,SITE00135,True,2024-01-01,9999-12-31
HCP001836,SITE00136,True,2024-01-01,9999-12-31
HCP001837,SITE00137,True,2024-01-01,9999-12-31
HCP001838,SITE00138,True,2024-01-01,9999-12-31
HCP001838,SITE00187,False,2024-01-01,9999-12-31
HCP001839,SITE00139,True,2024-01-01,9999-12-31
HCP001840,SITE00140,True,2024-01-01,9999-12-31
HCP001841,SITE00141,True,2024-01-01,9999-12-31
HCP001842,SITE00142,True,2024-01-01,9999-12-31
HCP001843,SITE00143,True,2024-01-01,9999-12-31
HCP001844,SITE00144,True,2024-01-01,9999-12-31
HCP001845,SITE00145,True,2024-01-01,9999-12-31
HCP001845,SITE00199,False,2024-01-01,9999-12-31
HCP001846,SITE00146,True,2024-01-01,9999-12-31
HCP001847,SITE00147,True,2024-01-01,9999-12-31
HCP001848,SITE00148,True,2024-01-01,9999-12-31
HCP001848,SITE00237,False,2024-01-01,9999-12-31
HCP001849,SITE00149,True,2024-01-01,9999-12-31
HCP001850,SITE00150,True,2024-01-01,9999-12-31
HCP001850,SITE00021,False,2024-01-01,9999-12-31
HCP001851,SITE00151,True,2024-01-01,9999-12-31
HCP001852,SITE00152,True,2024-01-01,9999-12-31
HCP001853,SITE00153,True,2024-01-01,9999-12-31
HCP001854,SITE00154,True,2024-01-01,9999-12-31
HCP001855,SITE00155,True,2024-01-01,9999-12-31
HCP001856,SITE00156,True,2024-01-01,9999-12-31
HCP001857,SITE00157,True,2024-01-01,9999-12-31
HCP001858,SITE00158,True,2024-01-01,9999-12-31
HCP001859,SITE00159,True,2024-01-01,9999-12-31
HCP001860,SITE00160,True,2024-01-01,9999-12-31
HCP001861,SITE00161,True,2024-01-01,9999-12-31
HCP001862,SITE00162,True,2024-01-01,9999-12-31
HCP001863,SITE00163,True,2024-01-01,9999-12-31
HCP001864,SITE00164,True,2024-01-01,9999-12-31
HCP001865,SITE00165,True,2024-01-01,9999-12-31
HCP001866,SITE00166,True,2024-01-01,9999-12-31
HCP001867,SITE00167,True,2024-01-01,9999-12-31
HCP001868,SITE00168,True,2024-01-01,9999-12-31
HCP001869,SITE00169,True,2024-01-01,9999-12-31
HCP001870,SITE00170,True,2024-01-01,9999-12-31
HCP001871,SITE00171,True,2024-01-01,9999-12-31
HCP001872,SITE00172,True,2024-01-01,9999-12-31
HCP001873,SITE00173,True,2024-01-01,9999-12-31
HCP001874,SITE00174,True,2024-01-01,9999-12-31
HCP001875,SITE00175,True,2024-01-01,9999-12-31
HCP001876,SITE00176,True,2024-01-01,9999-12-31
HCP001877,SITE00177,True,2024-01-01,9999-12-31
HCP001878,SITE00178,True,2024-01-01,9999-12-31
HCP001879,SITE00179,True,2024-01-01,9999-12-31
HCP001880,SITE00180,True,2024-01-01,9999-12-31
HCP001881,SITE00181,True,2024-01-01,9999-12-31
HCP001882,SITE00182,True,2024-01-01,9999-12-31
HCP001883,SITE00183,True,2024-01-01,9999-12-31
HCP001884,SITE00184,True,2024-01-01,9999-12-31
HCP001885,SITE00185,True,2024-01-01,9999-12-31
HCP001886,SITE00186,True,2024-01-01,9999-12-31
HCP001887,SITE00187,True,2024-01-01,9999-12-31
HCP001888,SITE00188,True,2024-01-01,9999-12-31
HCP001889,SITE00189,True,2024-01-01,9999-12-31
HCP001890,SITE00190,True,2024-01-01,9999-12-31
HCP001891,SITE00191,True,2024-01-01,9999-12-31
HCP001891,SITE00071,False,2024-01-01,9999-12-31
HCP001892,SITE00192,True,2024-01-01,9999-12-31
HCP001893,SITE00193,True,2024-01-01,9999-12-31
HCP001894,SITE00194,True,2024-01-01,9999-12-31
HCP001895,SITE00195,True,2024-01-01,9999-12-31
HCP001896,SITE00196,True,2024-01-01,9999-12-31
HCP001896,SITE00028,False,2024-01-01,9999-12-31
HCP001897,SITE00197,True,2024-01-01,9999-12-31
HCP001898,SITE00198,True,2024-01-01,9999-12-31
HCP001899,SITE00199,True,2024-01-01,9999-12-31
HCP001900,SITE00200,True,2024-01-01,9999-12-31
HCP001901,SITE00201,True,2024-01-01,9999-12-31
HCP001901,SITE00220,False,2024-01-01,9999-12-31
HCP001902,SITE00202,True,2024-01-01,9999-12-31
HCP001903,SITE00203,True,2024-01-01,9999-12-31
HCP001904,SITE00204,True,2024-01-01,9999-12-31
HCP001905,SITE00205,True,2024-01-01,9999-12-31
HCP001906,SITE00206,True,2024-01-01,9999-12-31
HCP001907,SITE00207,True,2024-01-01,9999-12-31
HCP001908,SITE00208,True,2024-01-01,9999-12-31
HCP001909,SITE00209,True,2024-01-01,9999-12-31
HCP001910,SITE00210,True,2024-01-01,9999-12-31
HCP001911,SITE00211,True,2024-01-01,9999-12-31
HCP001912,SITE00212,True,2024-01-01,9999-12-31
HCP001913,SITE00213,True,2024-01-01,9999-12-31
HCP001914,SITE00214,True,2024-01-01,9999-12-31
HCP001915,SITE00215,True,2024-01-01,9999-12-31
HCP001916,SITE00216,True,2024-01-01,9999-12-31
HCP001917,SITE00217,True,2024-01-01,9999-12-31
HCP001918,SITE00218,True,2024-01-01,9999-12-31
HCP001919,SITE00219,True,2024-01-01,9999-12-31
HCP001920,SITE00220,True,2024-01-01,9999-12-31
HCP001920,SITE00143,False,2024-01-01,9999-12-31
HCP001921,SITE00221,True,2024-01-01,9999-12-31
HCP001922,SITE00222,True,2024-01-01,9999-12-31
HCP001923,SITE00223,True,2024-01-01,9999-12-31
HCP001924,SITE00224,True,2024-01-01,9999-12-31
HCP001924,SITE00128,False,2024-01-01,9999-12-31
HCP001925,SITE00225,True,2024-01-01,9999-12-31
HCP001926,SITE00226,True,2024-01-01,9999-12-31
HCP001927,SITE00227,True,2024-01-01,9999-12-31
HCP001928,SITE00228,True,2024-01-01,9999-12-31
HCP001929,SITE00229,True,2024-01-01,9999-12-31
HCP001930,SITE00230,True,2024-01-01,9999-12-31
HCP001931,SITE00231,True,2024-01-01,9999-12-31
HCP001931,SITE00193,False,2024-01-01,9999-12-31
HCP001932,SITE00232,True,2024-01-01,9999-12-31
HCP001933,SITE00233,True,2024-01-01,9999-12-31
HCP001934,SITE00234,True,2024-01-01,9999-12-31
HCP001935,SITE00235,True,2024-01-01,9999-12-31
HCP001936,SITE00236,True,2024-01-01,9999-12-31
HCP001937,SITE00237,True,2024-01-01,9999-12-31
HCP001938,SITE00238,True,2024-01-01,9999-12-31
HCP001939,SITE00239,True,2024-01-01,9999-12-31
HCP001940,SITE00240,True,2024-01-01,9999-12-31
HCP001941,SITE00241,True,2024-01-01,9999-12-31
HCP001942,SITE00242,True,2024-01-01,9999-12-31
HCP001943,SITE00243,True,2024-01-01,9999-12-31
HCP001944,SITE00244,True,2024-01-01,9999-12-31
HCP001945,SITE00245,True,2024-01-01,9999-12-31
HCP001946,SITE00246,True,2024-01-01,9999-12-31
HCP001947,SITE00247,True,2024-01-01,9999-12-31
HCP001948,SITE00248,True,2024-01-01,9999-12-31
HCP001949,SITE00249,True,2024-01-01,9999-12-31
HCP001950,SITE00250,True,2024-01-01,9999-12-31
HCP001951,SITE00251,True,2024-01-01,9999-12-31
HCP001952,SITE00252,True,2024-01-01,9999-12-31
HCP001953,SITE00253,True,2024-01-01,9999-12-31
HCP001954,SITE00254,True,2024-01-01,9999-12-31
HCP001955,SITE00255,True,2024-01-01,9999-12-31
HCP001956,SITE00256,True,2024-01-01,9999-12-31
HCP001957,SITE00257,True,2024-01-01,9999-12-31
HCP001958,SITE00258,True,2024-01-01,9999-12-31
HCP001959,SITE00259,True,2024-01-01,9999-12-31
HCP001960,SITE00260,True,2024-01-01,9999-12-31
HCP001961,SITE00261,True,2024-01-01,9999-12-31
HCP001962,SITE00262,True,2024-01-01,9999-12-31
HCP001963,SITE00263,True,2024-01-01,9999-12-31
HCP001964,SITE00264,True,2024-01-01,9999-12-31
HCP001965,SITE00265,True,2024-01-01,9999-12-31
HCP001966,SITE00266,True,2024-01-01,9999-12-31
HCP001967,SITE00267,True,2024-01-01,9999-12-31
HCP001968,SITE00268,True,2024-01-01,9999-12-31
HCP001969,SITE00269,True,2024-01-01,9999-12-31
HCP001970,SITE00270,True,2024-01-01,9999-12-31
HCP001971,SITE00271,True,2024-01-01,9999-12-31
HCP001972,SITE00272,True,2024-01-01,9999-12-31
HCP001973,SITE00273,True,2024-01-01,9999-12-31
HCP001974,SITE00274,True,2024-01-01,9999-12-31
HCP001975,SITE00275,True,2024-01-01,9999-12-31
HCP001976,SITE00276,True,2024-01-01,9999-12-31
HCP001977,SITE00277,True,2024-01-01,9999-12-31
HCP001978,SITE00278,True,2024-01-01,9999-12-31
HCP001979,SITE00279,True,2024-01-01,9999-12-31
HCP001980,SITE00280,True,2024-01-01,9999-12-31
HCP001981,SITE00281,True,2024-01-01,9999-12-31
HCP001982,SITE00282,True,2024-01-01,9999-12-31
HCP001983,SITE00283,True,2024-01-01,9999-12-31
HCP001984,SITE00284,True,2024-01-01,9999-12-31
HCP001985,SITE00285,True,2024-01-01,9999-12-31
HCP001986,SITE00286,True,2024-01-01,9999-12-31
HCP001987,SITE00287,True,2024-01-01,9999-12-31
HCP001988,SITE00288,True,2024-01-01,9999-12-31
HCP001988,SITE00311,False,2024-01-01,9999-12-31
HCP001989,SITE00289,True,2024-01-01,9999-12-31
HCP001990,SITE00290,True,2024-01-01,9999-12-31
HCP001991,SITE00291,True,2024-01-01,9999-12-31
HCP001992,SITE00292,True,2024-01-01,9999-12-31
HCP001993,SITE00293,True,2024-01-01,9999-12-31
HCP001994,SITE00294,True,2024-01-01,9999-12-31
HCP001995,SITE00295,True,2024-01-01,9999-12-31
HCP001996,SITE00296,True,2024-01-01,9999-12-31
HCP001997,SITE00297,True,2024-01-01,9999-12-31
HCP001998,SITE00298,True,2024-01-01,9999-12-31
HCP001999,SITE00299,True,2024-01-01,9999-12-31
HCP001999,SITE00265,False,2024-01-01,9999-12-31
